netixlan_id,net_id,ix_id,netixlan_ix_name,notes,port_speed_mbps,asn,operational,netixlan_created,netixlan_updated,Column 1,Column 2
4015,1459,198,NIXI Delhi,,10000,4637,True,2010-07-29T00:00:00Z,2026-06-24T04:31:22Z,,
5573,2536,198,NIXI Delhi,,40000,9583,True,2010-07-29T00:00:00Z,2023-11-08T08:01:42Z,,
6987,2725,198,NIXI Delhi,,1000,37986,True,2010-11-10T00:00:00Z,2016-03-14T20:44:09Z,,
9899,3876,198,NIXI Delhi,,2000,55644,True,2011-11-09T00:00:00Z,2022-03-16T07:25:24Z,,
11760,3514,198,NIXI Delhi,,10000,10029,True,2012-07-10T00:00:00Z,2023-03-17T04:39:31Z,,
11898,4837,198,NIXI Delhi,,10000,18229,True,2012-07-23T00:00:00Z,2020-12-30T06:36:58Z,,
21027,14279,198,NIXI Delhi,,100,63829,True,2014-12-06T00:00:00Z,2020-01-22T04:23:02Z,,
25880,9054,198,NIXI Delhi,,1000,17426,True,2015-11-11T00:00:00Z,2016-03-14T20:56:30Z,,
37858,14103,198,NIXI Delhi,,1000,24186,True,2017-11-08T07:34:47Z,2021-09-07T09:29:39Z,,
41498,10361,198,NIXI Delhi,,0,4755,True,2018-05-22T13:28:01Z,2018-05-22T13:28:01Z,,
48333,16017,198,NIXI Delhi,,10000,135817,True,2019-03-22T09:05:21Z,2025-11-11T09:36:21Z,,
53126,4097,198,NIXI Delhi,Ip address None was claimed by other netixlan,10000,55470,True,2019-11-04T08:10:36Z,2023-02-24T08:28:33Z,,
53175,15844,198,NIXI Delhi,,10000,9829,True,2019-11-06T05:24:28Z,2021-10-12T06:59:06Z,,
55798,10711,198,NIXI Delhi,,10000,132768,True,2020-02-26T13:10:37Z,2025-01-21T09:00:34Z,,
60224,1234,198,NIXI Delhi,,10000,21859,True,2020-08-13T09:47:22Z,2023-07-27T03:53:54Z,,
67201,10151,198,NIXI Delhi,,10000,18002,True,2021-05-14T15:16:19Z,2025-05-07T09:39:35Z,,
68593,11729,198,NIXI Delhi,,10000,133275,True,2021-07-09T12:20:10Z,2023-05-22T13:08:58Z,,
70662,12918,198,NIXI Delhi,,10000,134375,True,2021-10-09T15:20:22Z,2021-10-09T15:20:22Z,,
71045,8167,198,NIXI Delhi,,10000,17747,True,2021-10-29T05:06:10Z,2021-10-29T05:06:10Z,,
72709,11260,198,NIXI Delhi,,10000,58965,True,2022-01-27T03:42:08Z,2024-08-13T05:03:34Z,,
73478,2,198,NIXI Delhi,,100000,20940,True,2022-03-08T07:53:11Z,2025-07-03T07:24:59Z,,
73543,433,198,NIXI Delhi,,100000,15169,True,2022-03-10T18:39:28Z,2024-04-10T12:46:03Z,,
73682,12647,198,NIXI Delhi,,10000,55410,True,2022-03-16T08:06:00Z,2022-03-16T08:06:00Z,,
74842,694,198,NIXI Delhi,,10000,8075,True,2022-05-19T00:23:35Z,2022-05-19T00:23:35Z,,
74843,694,198,NIXI Delhi,,10000,8075,True,2022-05-19T00:23:58Z,2022-05-19T00:23:58Z,,
75288,18468,198,NIXI Delhi,,10000,134928,True,2022-06-08T07:23:13Z,2023-01-21T09:53:44Z,,
75589,17888,198,NIXI Delhi,,3000,136377,True,2022-06-22T20:15:47Z,2023-06-28T17:26:26Z,,
76493,8264,198,NIXI Delhi,,10000,132754,True,2022-08-06T19:09:01Z,2023-03-25T15:24:02Z,,
76910,5846,198,NIXI Delhi,,10000,45117,True,2022-08-31T11:51:50Z,2022-08-31T11:55:37Z,,
77161,8847,198,NIXI Delhi,,1000,59162,True,2022-09-14T13:22:30Z,2022-09-14T13:22:30Z,,
77298,24038,198,NIXI Delhi,,10000,133317,True,2022-09-22T14:44:20Z,2023-01-30T09:15:37Z,,
77443,14843,198,NIXI Delhi,,10000,135697,True,2022-09-30T13:50:55Z,2023-01-15T11:48:39Z,,
77947,6330,198,NIXI Delhi,,10000,132453,True,2022-10-26T06:24:27Z,2022-10-26T06:27:25Z,,
77948,6330,198,NIXI Delhi,,10000,132453,True,2022-10-26T06:27:18Z,2022-10-26T06:27:38Z,,
78239,13425,198,NIXI Delhi,,10000,135031,True,2022-11-07T08:19:17Z,2022-11-07T08:19:17Z,,
78419,30288,198,NIXI Delhi,,10000,138786,True,2022-11-12T08:05:56Z,2025-11-13T05:43:57Z,,
78621,14914,198,NIXI Delhi,,10000,136724,True,2022-11-22T15:01:22Z,2022-11-22T15:01:22Z,,
79390,24159,198,NIXI Delhi,,1000,140127,True,2022-12-28T12:18:39Z,2022-12-28T12:18:39Z,,
79829,10550,198,NIXI Delhi,,10000,135212,True,2023-01-10T09:06:49Z,2024-09-18T06:14:26Z,,
79892,3967,198,NIXI Delhi,,10000,24029,True,2023-01-12T07:36:04Z,2023-01-12T07:36:04Z,,
79893,3967,198,NIXI Delhi,,10000,24029,True,2023-01-12T07:36:33Z,2023-01-19T08:58:41Z,,
80013,32021,198,NIXI Delhi,,1000,132977,True,2023-01-17T10:08:50Z,2023-01-17T10:08:50Z,,
80231,11509,198,NIXI Delhi,,1024,58967,True,2023-01-27T03:43:20Z,2023-01-27T04:06:13Z,,
80667,26420,198,NIXI Delhi,,3000,140205,True,2023-02-14T11:59:02Z,2023-02-14T11:59:02Z,,
80772,28871,198,NIXI Delhi,,3000,142509,True,2023-02-17T05:43:26Z,2023-07-27T10:24:01Z,,
81516,28840,198,NIXI Delhi,,10000,140197,True,2023-03-19T06:23:19Z,2025-08-06T11:04:32Z,,
81652,5167,198,NIXI Delhi,,10000,17665,True,2023-03-24T05:07:52Z,2023-03-24T05:07:52Z,,
81689,17095,198,NIXI Delhi,,10000,135227,True,2023-03-25T07:39:02Z,2026-03-21T14:33:47Z,,
81924,25927,198,NIXI Delhi,,3000,138283,True,2023-04-03T10:46:37Z,2023-04-03T10:46:37Z,,
81987,23071,198,NIXI Delhi,,10000,134917,True,2023-04-05T10:10:53Z,2023-04-05T16:08:58Z,,
82102,20680,198,NIXI Delhi,,2000,137622,True,2023-04-11T13:51:56Z,2024-05-04T06:30:57Z,,
82181,32817,198,NIXI Delhi,,1000,133972,True,2023-04-14T08:44:07Z,2023-04-14T08:44:07Z,,
82311,12930,198,NIXI Delhi,,10000,45235,True,2023-04-20T02:04:30Z,2023-04-20T02:04:30Z,,
82635,11676,198,NIXI Delhi,,1000,55507,True,2023-05-04T15:31:32Z,2023-05-04T15:31:56Z,,
82654,30356,198,NIXI Delhi,,10000,137113,True,2023-05-05T07:55:27Z,2025-10-01T13:32:07Z,,
82679,979,198,NIXI Delhi,,100000,32934,True,2023-05-08T05:28:44Z,2024-04-26T03:42:07Z,,
82680,979,198,NIXI Delhi,,100000,32934,True,2023-05-08T05:29:46Z,2024-04-26T03:42:07Z,,
82716,13315,198,NIXI Delhi,,10000,133680,True,2023-05-09T12:17:59Z,2023-05-09T12:17:59Z,,
82718,33054,198,NIXI Delhi,,1000,139572,True,2023-05-09T15:11:39Z,2024-05-27T16:45:08Z,,
82982,14591,198,NIXI Delhi,,2048,134257,True,2023-05-21T18:23:03Z,2023-05-21T18:23:03Z,,
83000,11729,198,NIXI Delhi,,10000,133275,True,2023-05-22T13:08:47Z,2023-05-22T13:08:47Z,,
83339,12702,198,NIXI Delhi,,10000,132572,True,2023-06-02T14:34:45Z,2023-06-02T14:52:23Z,,
83359,9343,198,NIXI Delhi,,20000,132116,True,2023-06-03T09:10:20Z,2025-06-02T12:03:03Z,,
83639,12698,198,NIXI Delhi,,40000,134858,True,2023-06-13T12:42:15Z,2024-04-29T09:57:39Z,,
83911,25106,198,NIXI Delhi,,3000,135258,True,2023-06-26T12:07:29Z,2023-06-26T12:07:29Z,,
84273,16344,198,NIXI Delhi,,10000,133967,True,2023-07-13T07:05:21Z,2023-07-13T09:34:46Z,,
84402,1486,198,NIXI Delhi,,1000,25152,True,2023-07-19T14:55:44Z,2023-07-19T14:55:44Z,,
84929,2,198,NIXI Delhi,,100000,20940,True,2023-08-09T23:40:59Z,2024-07-03T15:10:33Z,,
85111,3924,198,NIXI Delhi,,10000,42,True,2023-08-18T08:11:13Z,2023-09-28T12:59:30Z,,
85244,11961,198,NIXI Delhi,,10000,134259,True,2023-08-25T08:58:38Z,2023-08-25T08:58:38Z,,
85473,6188,198,NIXI Delhi,,10000,33480,True,2023-09-05T07:16:18Z,2023-09-05T07:19:20Z,,
85585,25219,198,NIXI Delhi,,1000,141253,True,2023-09-09T08:55:44Z,2023-09-09T08:55:44Z,,
85666,5933,198,NIXI Delhi,,10000,17625,True,2023-09-12T16:27:34Z,2023-09-12T16:35:40Z,,
85859,286,198,NIXI Delhi,,10000,3856,True,2023-09-21T11:01:17Z,2023-09-21T11:01:17Z,,
85943,24620,198,NIXI Delhi,,500,139514,True,2023-09-25T11:04:46Z,2023-09-25T11:04:46Z,,
86049,4224,198,NIXI Delhi,,100000,13335,True,2023-09-28T20:23:21Z,2023-09-28T20:23:21Z,,
86565,26356,198,NIXI Delhi,,10000,134860,True,2023-10-19T06:24:04Z,2026-04-27T03:20:51Z,,
86906,15784,198,NIXI Delhi,,10000,135848,True,2023-11-02T10:28:28Z,2023-11-02T10:28:28Z,,
87801,26071,198,NIXI Delhi,,5000,141339,True,2023-12-04T17:09:24Z,2026-07-15T12:53:52Z,,
88680,433,198,NIXI Delhi,,100000,15169,True,2024-01-14T09:43:16Z,2024-04-10T12:46:04Z,,
89014,16389,198,NIXI Delhi,,10000,137095,True,2024-01-29T13:02:10Z,2026-03-27T08:02:58Z,,
89063,19362,198,NIXI Delhi,,10000,138800,True,2024-01-30T18:36:18Z,2024-01-30T18:49:01Z,,
89589,24003,198,NIXI Delhi,,3000,135818,True,2024-02-22T11:42:21Z,2026-08-03T08:21:19Z,,
89660,1486,198,NIXI Delhi,,1000,25152,True,2024-02-26T07:43:06Z,2024-02-29T08:26:19Z,,
89845,5520,198,NIXI Delhi,,100000,54113,True,2024-03-05T09:17:50Z,2024-03-05T09:17:53Z,,
90629,21879,198,NIXI Delhi,,10000,138734,True,2024-04-04T06:43:42Z,2024-06-01T05:24:47Z,,
90774,14676,198,NIXI Delhi,,20480,136946,True,2024-04-10T07:45:59Z,2026-01-28T08:21:25Z,,
90776,13717,198,NIXI Delhi,,2000,23872,True,2024-04-10T09:43:19Z,2024-04-10T09:43:35Z,,
90783,35870,198,NIXI Delhi,,2000,142481,True,2024-04-10T13:36:10Z,2026-04-06T19:52:55Z,,
90803,14496,198,NIXI Delhi,,10000,133278,True,2024-04-11T09:51:06Z,2024-04-23T14:41:39Z,,
90805,15615,198,NIXI Delhi,,3000,134341,True,2024-04-11T11:44:56Z,2024-04-11T11:44:57Z,,
90922,17192,198,NIXI Delhi,,3000,132978,True,2024-04-16T06:34:57Z,2024-04-16T06:34:57Z,,
91004,29527,198,NIXI Delhi,,7000,149526,True,2024-04-18T06:13:40Z,2024-04-18T07:39:46Z,,
91664,18930,198,NIXI Delhi,,1000,138257,True,2024-05-15T08:11:06Z,2024-05-15T08:11:06Z,,
91667,35889,198,NIXI Delhi,,5000,149250,True,2024-05-15T10:55:58Z,2024-05-15T11:19:00Z,,
91775,32309,198,NIXI Delhi,,10000,141315,True,2024-05-20T10:26:59Z,2024-06-07T16:48:00Z,,
92463,36378,198,NIXI Delhi,,3000,151130,True,2024-06-18T10:09:50Z,2024-06-18T10:09:50Z,,
92698,36257,198,NIXI Delhi,,3000,141311,True,2024-06-28T07:18:28Z,2026-04-06T19:14:25Z,,
92925,671,198,NIXI Delhi,,10000,2687,True,2024-07-08T06:36:17Z,2024-07-08T06:36:17Z,,
92926,35975,198,NIXI Delhi,,10000,133285,True,2024-07-08T06:39:59Z,2026-04-06T19:15:39Z,,
92983,31433,198,NIXI Delhi,,10000,135712,True,2024-07-09T11:59:49Z,2024-07-27T12:20:18Z,,
93026,34513,198,NIXI Delhi,,2000,136698,True,2024-07-11T06:55:35Z,2024-07-11T06:55:35Z,,
93945,11260,198,NIXI Delhi,,10000,58965,True,2024-08-13T05:01:05Z,2024-08-13T05:03:35Z,,
94160,16179,198,NIXI Delhi,,1000,135761,True,2024-08-20T05:21:54Z,2024-08-20T05:21:54Z,,
94702,24602,198,NIXI Delhi,,1000,136306,True,2024-09-12T10:42:45Z,2024-09-12T10:42:45Z,,
96444,35867,198,NIXI Delhi,,10000,152565,True,2024-11-18T12:49:34Z,2024-11-18T12:49:35Z,,
96990,7117,198,NIXI Delhi,,10000,132215,True,2024-12-11T04:54:24Z,2024-12-11T05:54:21Z,,
97260,8577,198,NIXI Delhi,,10000,133982,True,2024-12-20T13:05:47Z,2024-12-20T13:05:48Z,,
98336,11676,198,NIXI Delhi,,1000,55507,True,2025-02-11T01:18:04Z,2025-02-11T01:18:04Z,,
98450,36625,198,NIXI Delhi,,25000,151732,True,2025-02-16T05:47:06Z,2026-07-24T07:46:43Z,,
98534,4837,198,NIXI Delhi,,10000,18229,True,2025-02-20T12:58:22Z,2025-02-20T12:58:22Z,,
99190,29240,198,NIXI Delhi,,3000,136362,True,2025-03-20T18:39:01Z,2025-03-20T18:39:01Z,,
100433,38947,198,NIXI Delhi,,10000,153271,True,2025-05-21T10:56:43Z,2026-04-04T17:53:41Z,,
100519,10274,198,NIXI Delhi,,10000,135183,True,2025-05-24T06:52:05Z,2025-05-24T06:52:06Z,,
100653,13043,198,NIXI Delhi,,30000,9885,True,2025-05-30T10:41:59Z,2025-05-30T10:41:59Z,,
102179,34243,198,NIXI Delhi,,100000,135709,True,2025-08-11T11:41:19Z,2025-08-11T11:41:20Z,,
102647,35027,198,NIXI Delhi,,10000,151704,True,2025-08-31T11:57:12Z,2025-08-31T11:58:09Z,,
105505,19955,198,NIXI Delhi,,3000,134945,True,2025-12-13T11:36:52Z,2025-12-13T11:43:05Z,,
105807,27639,198,NIXI Delhi,,1000,135259,True,2025-12-24T09:19:53Z,2025-12-24T09:19:53Z,,
106154,36105,198,NIXI Delhi,,1000,146925,True,2026-01-15T05:17:38Z,2026-01-15T05:17:38Z,,
106326,38924,198,NIXI Delhi,,1000,152547,True,2026-01-21T05:51:23Z,2026-01-21T07:10:23Z,,
106625,39127,198,NIXI Delhi,,10000,147233,True,2026-02-01T09:59:25Z,2026-02-01T09:59:26Z,,
107221,41207,198,NIXI Delhi,,10000,153252,True,2026-02-17T18:52:26Z,2026-02-17T18:52:26Z,,
108540,35867,198,NIXI Delhi,,10000,152565,True,2026-04-02T13:25:18Z,2026-04-02T13:25:18Z,,
108739,31628,198,NIXI Delhi,,10000,135687,True,2026-04-09T08:34:54Z,2026-04-09T08:34:54Z,,
109212,31628,198,NIXI Delhi,,10000,135687,True,2026-04-27T18:24:15Z,2026-04-27T18:25:16Z,,
109242,27306,198,NIXI Delhi,,10000,134294,True,2026-04-28T11:38:15Z,2026-04-28T11:38:15Z,,
110822,15930,198,NIXI Delhi,,10000,136625,True,2026-06-25T08:53:48Z,2026-06-25T08:56:05Z,,
5571,2536,224,NIXI Mumbai,,40000,9583,True,2010-07-29T00:00:00Z,2023-11-08T08:01:42Z,,
6988,2725,224,NIXI Mumbai,,1000,37986,True,2010-11-10T00:00:00Z,2016-03-14T20:44:10Z,,
9898,3876,224,NIXI Mumbai,,1000,55644,True,2011-11-09T00:00:00Z,2020-11-25T16:33:01Z,,
11759,3514,224,NIXI Mumbai,,10000,10029,True,2012-07-10T00:00:00Z,2020-11-19T09:18:11Z,,
11896,4837,224,NIXI Mumbai,,10000,18229,True,2012-07-23T00:00:00Z,2020-12-30T06:36:58Z,,
12744,2971,224,NIXI Mumbai,,1000,8674,False,2012-11-20T00:00:00Z,2025-01-21T08:37:36Z,,
12745,2971,224,NIXI Mumbai,,1000,8674,False,2012-11-20T00:00:00Z,2025-01-21T08:37:36Z,,
17112,6188,224,NIXI Mumbai,,20000,33480,True,2014-02-24T00:00:00Z,2023-09-05T07:19:20Z,,
25879,9054,224,NIXI Mumbai,,1000,17426,True,2015-11-11T00:00:00Z,2016-05-11T07:28:39Z,,
30683,11391,224,NIXI Mumbai,,1024,133309,True,2016-10-02T16:30:02Z,2019-06-18T05:51:48Z,,
34299,4125,224,NIXI Mumbai,,1000,55832,True,2017-04-21T20:08:01Z,2017-04-21T20:08:01Z,,
36587,14103,224,NIXI Mumbai,,1000,24186,True,2017-08-30T06:14:56Z,2020-03-14T23:58:43Z,,
38406,12932,224,NIXI Mumbai,,300,23682,True,2017-12-06T06:39:51Z,2017-12-08T05:44:12Z,,
41496,10361,224,NIXI Mumbai,,0,4755,True,2018-05-22T13:25:48Z,2018-05-22T13:25:48Z,,
43378,5167,224,NIXI Mumbai,,10000,17665,True,2018-08-30T14:20:16Z,2022-09-01T12:03:41Z,,
44727,14152,224,NIXI Mumbai,Ip address None was claimed by other netixlan,1000,135844,True,2018-10-25T08:03:51Z,2021-09-28T08:34:10Z,,
53176,15844,224,NIXI Mumbai,,20000,9829,True,2019-11-06T05:26:11Z,2021-10-12T06:59:06Z,,
63031,5933,224,NIXI Mumbai,,10000,17625,True,2020-12-02T08:27:59Z,2020-12-02T08:30:11Z,,
63032,13000,224,NIXI Mumbai,,10000,133001,True,2020-12-02T08:38:48Z,2022-10-06T12:53:04Z,,
63058,8577,224,NIXI Mumbai,,10000,133982,True,2020-12-03T06:34:23Z,2020-12-03T06:35:33Z,,
63099,9493,224,NIXI Mumbai,,1000,133255,True,2020-12-04T07:51:25Z,2020-12-04T07:51:25Z,,
63311,433,224,NIXI Mumbai,,100000,15169,True,2020-12-11T08:23:47Z,2024-10-24T11:40:50Z,,
63394,9470,224,NIXI Mumbai,,30000,54994,True,2020-12-16T06:20:44Z,2026-03-12T01:15:08Z,,
63435,979,224,NIXI Mumbai,,100000,32934,True,2020-12-18T10:39:11Z,2023-02-22T11:04:22Z,,
63436,979,224,NIXI Mumbai,,100000,32934,True,2020-12-18T10:39:43Z,2023-02-22T11:04:22Z,,
63455,3967,224,NIXI Mumbai,,10000,24029,True,2020-12-18T17:43:43Z,2022-01-07T04:40:31Z,,
64711,11494,224,NIXI Mumbai,,20000,133968,True,2021-02-17T07:32:56Z,2022-11-07T07:11:10Z,,
65358,457,224,NIXI Mumbai,,10000,2906,True,2021-03-15T13:16:17Z,2022-10-12T13:55:49Z,,
65359,457,224,NIXI Mumbai,,10000,2906,True,2021-03-15T13:16:35Z,2022-10-12T13:55:49Z,,
65392,2,224,NIXI Mumbai,,200000,20940,True,2021-03-16T12:51:50Z,2025-07-03T07:33:36Z,,
65420,26274,224,NIXI Mumbai,,10000,140641,True,2021-03-17T07:27:48Z,2023-07-19T04:44:23Z,,
65859,10335,224,NIXI Mumbai,,10000,133301,True,2021-03-31T12:41:57Z,2025-11-10T07:08:31Z,,
66727,11776,224,NIXI Mumbai,Ip address None was claimed by other netixlan,100,135810,True,2021-04-27T09:21:01Z,2023-06-17T13:45:49Z,,
66780,22172,224,NIXI Mumbai,,1000,139551,True,2021-04-29T17:02:04Z,2021-04-30T02:28:26Z,,
66781,22172,224,NIXI Mumbai,,1000,139551,True,2021-04-29T17:17:22Z,2021-04-30T02:28:26Z,,
67268,10400,224,NIXI Mumbai,,3000,58659,True,2021-05-18T15:09:11Z,2021-12-28T12:11:52Z,,
67707,4031,224,NIXI Mumbai,,2000,24554,True,2021-06-05T06:10:15Z,2024-12-18T06:26:24Z,,
67854,16123,224,NIXI Mumbai,,1000,135808,True,2021-06-11T10:53:52Z,2021-06-11T10:53:52Z,,
69774,12720,224,NIXI Mumbai,,5000,58725,True,2021-08-25T14:35:29Z,2023-09-13T07:44:22Z,,
70542,7373,224,NIXI Mumbai,,10000,45884,True,2021-10-04T14:29:51Z,2021-10-29T05:48:54Z,,
70664,22041,224,NIXI Mumbai,,3000,134331,True,2021-10-10T14:17:04Z,2023-03-23T05:48:42Z,,
70689,4224,224,NIXI Mumbai,,100000,13335,True,2021-10-12T08:33:24Z,2021-10-14T10:59:44Z,,
71199,8433,224,NIXI Mumbai,,1000,17483,True,2021-11-05T15:58:51Z,2021-11-05T15:58:51Z,,
71239,8433,224,NIXI Mumbai,,10000,17483,True,2021-11-08T08:52:30Z,2024-08-13T10:35:02Z,,
71534,9843,224,NIXI Mumbai,,20000,45582,True,2021-11-21T02:26:20Z,2023-07-19T12:01:59Z,,
71615,1234,224,NIXI Mumbai,,20000,21859,True,2021-11-24T08:43:14Z,2024-04-09T06:50:20Z,,
72325,4317,224,NIXI Mumbai,,40000,55352,True,2022-01-06T06:21:34Z,2025-04-15T02:30:35Z,,
72342,8279,224,NIXI Mumbai,,10000,58678,True,2022-01-07T11:13:40Z,2022-01-07T11:13:40Z,,
72422,11441,224,NIXI Mumbai,,10000,134033,True,2022-01-12T09:00:30Z,2024-07-15T05:15:11Z,,
72490,8660,224,NIXI Mumbai,,10000,59185,True,2022-01-14T13:30:49Z,2022-06-25T08:57:21Z,,
72831,8577,224,NIXI Mumbai,,10000,133982,True,2022-02-02T09:22:26Z,2024-12-20T13:16:59Z,,
72999,16113,224,NIXI Mumbai,,2000,134305,True,2022-02-10T16:54:36Z,2025-12-10T08:21:23Z,,
73630,14477,224,NIXI Mumbai,,2000,17762,True,2022-03-14T16:26:23Z,2022-03-14T16:28:15Z,,
73683,12647,224,NIXI Mumbai,,10000,55410,True,2022-03-16T08:06:39Z,2022-03-16T09:56:35Z,,
75117,9971,224,NIXI Mumbai,,20000,132220,True,2022-05-30T06:43:52Z,2025-03-25T08:27:17Z,,
75457,17000,224,NIXI Mumbai,,10000,135851,True,2022-06-15T05:45:56Z,2022-12-04T04:07:09Z,,
75588,17888,224,NIXI Mumbai,,1000,136377,True,2022-06-22T20:13:01Z,2022-06-22T20:16:56Z,,
75967,4046,224,NIXI Mumbai,,10000,55862,True,2022-07-11T10:29:09Z,2022-07-11T10:29:09Z,,
76238,15213,224,NIXI Mumbai,,3000,135218,True,2022-07-28T13:20:05Z,2023-03-11T06:53:47Z,,
76430,30595,224,NIXI Mumbai,,1000,138289,True,2022-08-04T04:55:16Z,2022-08-04T04:55:16Z,,
76485,11527,224,NIXI Mumbai,,10000,135686,True,2022-08-06T03:47:04Z,2024-06-30T13:35:32Z,,
76863,19252,224,NIXI Mumbai,,10000,134944,True,2022-08-27T12:32:48Z,2026-06-06T12:16:05Z,,
76888,28401,224,NIXI Mumbai,,10000,146872,True,2022-08-30T13:57:05Z,2022-11-11T08:31:36Z,,
76891,14340,224,NIXI Mumbai,,10000,135834,True,2022-08-30T17:57:54Z,2022-09-03T09:24:33Z,,
76906,12951,224,NIXI Mumbai,,5000,45804,True,2022-08-31T09:40:56Z,2022-08-31T09:40:56Z,,
76909,5846,224,NIXI Mumbai,,40000,45117,True,2022-08-31T11:50:11Z,2025-04-29T06:40:48Z,,
76920,4487,224,NIXI Mumbai,,10000,45769,True,2022-09-01T04:49:12Z,2024-12-24T08:52:28Z,,
77001,17266,224,NIXI Mumbai,,10000,134249,True,2022-09-06T08:57:20Z,2022-09-06T08:57:20Z,,
77020,13000,224,NIXI Mumbai,,20000,133001,True,2022-09-07T11:14:37Z,2025-03-26T11:52:11Z,,
77077,14999,224,NIXI Mumbai,,1000,136323,True,2022-09-10T18:09:15Z,2022-09-10T18:09:29Z,,
77087,433,224,NIXI Mumbai,,200000,15169,True,2022-09-11T17:06:34Z,2024-04-10T12:46:03Z,,
77243,22064,224,NIXI Mumbai,,6000,139490,True,2022-09-20T10:47:20Z,2026-03-01T14:16:01Z,,
77266,31038,224,NIXI Mumbai,,20000,141851,True,2022-09-21T13:25:42Z,2022-09-21T16:44:08Z,,
77300,16299,224,NIXI Mumbai,,10000,133589,True,2022-09-22T15:20:46Z,2022-09-22T15:20:46Z,,
77482,31121,224,NIXI Mumbai,,10000,132964,True,2022-10-03T09:39:53Z,2022-10-03T09:39:53Z,,
77592,30446,224,NIXI Mumbai,,2000,137151,True,2022-10-08T11:29:36Z,2024-12-09T11:21:16Z,,
77600,1459,224,NIXI Mumbai,,10000,4637,True,2022-10-10T01:26:22Z,2022-10-10T01:26:22Z,,
77615,12192,224,NIXI Mumbai,,10000,132566,True,2022-10-10T09:03:27Z,2022-10-10T09:03:27Z,,
77616,13752,224,NIXI Mumbai,,10000,135826,True,2022-10-10T09:54:30Z,2022-10-10T09:55:36Z,,
77692,15084,224,NIXI Mumbai,,10000,55353,True,2022-10-13T00:41:03Z,2022-10-13T00:41:03Z,,
77795,7063,224,NIXI Mumbai,,10000,19551,True,2022-10-18T22:22:18Z,2022-10-18T22:22:18Z,,
78182,30778,224,NIXI Mumbai,,10000,137097,True,2022-11-03T09:21:40Z,2024-09-12T08:11:30Z,,
78436,22500,224,NIXI Mumbai,,1000,134880,True,2022-11-14T06:36:19Z,2022-11-14T06:36:42Z,,
78437,25364,224,NIXI Mumbai,,10000,140171,True,2022-11-14T08:35:33Z,2022-11-14T08:35:33Z,,
78547,26641,224,NIXI Mumbai,,3000,137594,True,2022-11-18T14:09:42Z,2024-09-26T11:29:48Z,,
78735,15051,224,NIXI Mumbai,,10000,135780,True,2022-11-26T08:18:25Z,2022-12-01T08:27:21Z,,
78911,12000,224,NIXI Mumbai,,1000,134004,True,2022-12-05T12:30:12Z,2022-12-05T12:30:12Z,,
79066,31548,224,NIXI Mumbai,,10000,136290,True,2022-12-13T04:47:30Z,2022-12-13T04:51:40Z,,
79089,10444,224,NIXI Mumbai,,5000,131459,True,2022-12-14T05:08:49Z,2024-10-18T11:14:38Z,,
79252,20042,224,NIXI Mumbai,,5120,133234,True,2022-12-21T07:04:41Z,2022-12-21T07:04:41Z,,
79567,11679,224,NIXI Mumbai,,10000,133246,True,2023-01-04T08:27:22Z,2023-08-07T04:44:19Z,,
79633,31466,224,NIXI Mumbai,,1000,150021,True,2023-01-06T14:38:00Z,2023-01-06T14:38:00Z,,
79873,29265,224,NIXI Mumbai,,10000,135806,False,2023-01-11T11:50:37Z,2025-08-01T07:41:03Z,,
79943,16870,224,NIXI Mumbai,,1000,135232,True,2023-01-13T08:29:09Z,2023-01-13T08:29:09Z,,
80036,22041,224,NIXI Mumbai,,1000,134331,True,2023-01-18T10:05:50Z,2023-01-18T10:05:50Z,,
80037,22041,224,NIXI Mumbai,,1000,134331,True,2023-01-18T10:08:43Z,2023-01-18T10:08:43Z,,
80048,15549,224,NIXI Mumbai,,10240,135777,True,2023-01-18T17:15:31Z,2023-01-18T17:15:31Z,,
80063,10804,224,NIXI Mumbai,,1024,132935,True,2023-01-19T09:30:23Z,2023-01-19T09:30:38Z,,
80077,8394,224,NIXI Mumbai,,5000,56209,True,2023-01-20T07:38:26Z,2024-02-28T08:00:04Z,,
80082,31183,224,NIXI Mumbai,,2000,141490,True,2023-01-20T10:32:32Z,2025-08-13T11:28:48Z,,
80104,30298,224,NIXI Mumbai,,10000,136356,True,2023-01-21T22:34:51Z,2024-12-23T11:57:39Z,,
80281,13079,224,NIXI Mumbai,,1000,136289,True,2023-01-29T06:34:05Z,2023-01-29T06:34:05Z,,
80313,31183,224,NIXI Mumbai,,3000,141490,True,2023-01-30T08:56:52Z,2024-01-26T09:53:43Z,,
80351,14105,224,NIXI Mumbai,,10000,132923,True,2023-01-31T10:15:43Z,2023-01-31T10:15:44Z,,
80394,27908,224,NIXI Mumbai,,10000,141834,True,2023-02-02T07:10:05Z,2023-02-02T07:10:05Z,,
80700,32291,224,NIXI Mumbai,,3000,149258,True,2023-02-15T10:38:06Z,2026-02-17T13:32:42Z,,
81009,11495,224,NIXI Mumbai,,10000,132957,True,2023-02-27T12:24:31Z,2024-11-07T09:28:20Z,,
81325,28248,224,NIXI Mumbai,,2000,135422,True,2023-03-13T12:21:06Z,2023-03-13T12:21:06Z,,
81506,27319,224,NIXI Mumbai,,1000,140201,True,2023-03-17T14:24:24Z,2024-09-21T05:57:53Z,,
81932,6851,224,NIXI Mumbai,,10000,132933,True,2023-04-03T14:00:47Z,2025-11-18T02:05:16Z,,
82042,22041,224,NIXI Mumbai,,1000,134331,True,2023-04-07T21:53:03Z,2023-04-21T05:46:52Z,,
82099,23443,224,NIXI Mumbai,,10000,136634,True,2023-04-11T10:28:12Z,2023-04-26T17:47:27Z,,
82129,7778,224,NIXI Mumbai,,10000,133678,True,2023-04-12T09:47:30Z,2023-04-12T09:47:30Z,,
82179,24552,224,NIXI Mumbai,,10000,140148,True,2023-04-14T06:00:21Z,2025-03-13T14:56:19Z,,
82182,28230,224,NIXI Mumbai,,3000,141262,True,2023-04-14T09:10:26Z,2023-04-14T09:10:26Z,,
82195,20325,224,NIXI Mumbai,,1000,135760,True,2023-04-14T19:39:34Z,2026-03-21T13:22:31Z,,
82233,32512,224,NIXI Mumbai,,10000,132979,True,2023-04-17T12:11:00Z,2023-04-17T12:11:00Z,,
82238,8182,224,NIXI Mumbai,,20000,63949,True,2023-04-17T13:47:15Z,2023-04-19T12:24:34Z,,
82264,20042,224,NIXI Mumbai,,2000,133234,True,2023-04-18T14:28:44Z,2023-04-18T14:28:45Z,,
82320,31717,224,NIXI Mumbai,,1000,136285,True,2023-04-20T09:02:31Z,2023-04-20T09:02:31Z,,
82429,12646,224,NIXI Mumbai,,10000,135180,True,2023-04-25T12:35:17Z,2023-04-25T15:52:27Z,,
82515,25180,224,NIXI Mumbai,,1000,137128,True,2023-04-28T09:00:07Z,2023-04-28T09:00:07Z,,
82882,32985,224,NIXI Mumbai,,1024,140113,True,2023-05-17T09:57:55Z,2023-05-17T09:57:55Z,,
82991,31273,224,NIXI Mumbai,,1000,146942,True,2023-05-22T07:33:56Z,2023-05-22T07:33:56Z,,
83395,33299,224,NIXI Mumbai,,1000,151112,True,2023-06-05T13:28:58Z,2023-06-05T13:28:58Z,,
83537,29764,224,NIXI Mumbai,,10000,136342,True,2023-06-09T07:01:39Z,2023-06-15T12:10:51Z,,
83538,29764,224,NIXI Mumbai,,10000,136342,True,2023-06-09T07:02:50Z,2024-11-13T06:29:17Z,,
83609,11948,224,NIXI Mumbai,,1000,55814,True,2023-06-12T12:49:46Z,2023-10-18T10:30:33Z,,
83858,31362,224,NIXI Mumbai,,1000,146855,True,2023-06-23T11:36:15Z,2023-06-23T11:36:15Z,,
83888,24157,224,NIXI Mumbai,,2000,138731,True,2023-06-24T04:46:23Z,2023-06-24T04:47:15Z,,
84621,25219,224,NIXI Mumbai,,1000,141253,True,2023-07-28T06:20:42Z,2024-04-12T07:27:48Z,,
85057,3924,224,NIXI Mumbai,,10000,42,True,2023-08-16T02:25:50Z,2023-08-16T02:25:50Z,,
85058,286,224,NIXI Mumbai,,10000,3856,True,2023-08-16T02:27:08Z,2023-08-16T02:27:08Z,,
85095,30144,224,NIXI Mumbai,,1000,142451,True,2023-08-17T11:10:26Z,2023-08-17T11:10:26Z,,
85650,32341,224,NIXI Mumbai,,5000,150576,True,2023-09-12T09:32:02Z,2023-10-12T15:54:32Z,,
86043,33865,224,NIXI Mumbai,,10000,133283,True,2023-09-28T16:48:47Z,2024-04-25T14:32:05Z,,
86233,12907,224,NIXI Mumbai,,3000,132976,True,2023-10-05T09:02:08Z,2026-01-14T15:38:55Z,,
86311,10059,224,NIXI Mumbai,,500,133684,True,2023-10-09T09:06:11Z,2023-10-09T09:06:11Z,,
86950,15294,224,NIXI Mumbai,,10000,136636,True,2023-11-04T09:46:32Z,2026-02-25T09:46:09Z,,
86951,29572,224,NIXI Mumbai,,5000,141329,True,2023-11-04T11:57:00Z,2023-11-04T11:57:00Z,,
89733,35482,224,NIXI Mumbai,,1000,136682,True,2024-02-29T07:52:25Z,2024-02-29T07:52:25Z,,
89769,35469,224,NIXI Mumbai,,1000,151181,True,2024-03-01T10:27:54Z,2024-03-01T10:27:54Z,,
89837,5520,224,NIXI Mumbai,,100000,54113,True,2024-03-04T21:18:21Z,2024-03-05T00:17:59Z,,
89871,35467,224,NIXI Mumbai,,3000,150104,True,2024-03-06T11:07:28Z,2024-06-30T13:08:29Z,,
90249,10976,224,NIXI Mumbai,,5000,132115,True,2024-03-21T09:18:51Z,2024-03-21T09:18:51Z,,
90754,16224,224,NIXI Mumbai,,10000,135847,True,2024-04-09T10:57:44Z,2024-04-09T11:00:13Z,,
90828,27070,224,NIXI Mumbai,,2000,141815,True,2024-04-12T04:20:04Z,2026-07-28T04:45:29Z,,
90859,13001,224,NIXI Mumbai,,10000,136334,True,2024-04-13T08:52:53Z,2024-04-13T08:52:53Z,,
90889,13613,224,NIXI Mumbai,,5000,132296,True,2024-04-15T07:41:17Z,2024-04-15T07:46:07Z,,
90921,17192,224,NIXI Mumbai,,1000,132978,True,2024-04-16T06:33:45Z,2024-04-16T06:33:45Z,,
91005,20418,224,NIXI Mumbai,,2000,137154,True,2024-04-18T06:55:49Z,2025-02-18T11:35:18Z,,
91006,23915,224,NIXI Mumbai,,1000,137107,True,2024-04-18T06:56:16Z,2024-04-18T06:56:16Z,,
91008,29527,224,NIXI Mumbai,,1000,149526,True,2024-04-18T07:42:32Z,2024-04-18T07:42:32Z,,
91014,12510,224,NIXI Mumbai,,1024,131442,True,2024-04-18T09:59:50Z,2024-04-18T09:59:50Z,,
91017,10506,224,NIXI Mumbai,,1000,134929,True,2024-04-18T11:04:15Z,2024-04-18T11:05:01Z,,
91026,16552,224,NIXI Mumbai,,2000,45815,True,2024-04-18T13:37:19Z,2024-08-27T06:22:54Z,,
91059,30241,224,NIXI Mumbai,,2000,137666,True,2024-04-19T07:28:58Z,2024-04-19T07:28:58Z,,
91233,11786,224,NIXI Mumbai,,10000,133685,True,2024-04-25T04:22:41Z,2024-04-25T04:22:41Z,,
91303,12227,224,NIXI Mumbai,,1000,59165,True,2024-04-29T08:39:46Z,2024-04-29T08:39:46Z,,
91496,31756,224,NIXI Mumbai,,2000,150106,True,2024-05-08T06:04:09Z,2024-05-08T06:04:09Z,,
91508,36173,224,NIXI Mumbai,,500,152502,True,2024-05-08T14:20:07Z,2024-05-08T14:20:07Z,,
91566,10444,224,NIXI Mumbai,,2000,131459,True,2024-05-11T05:03:30Z,2024-05-11T05:03:30Z,,
92258,825,224,NIXI Mumbai,,1000,7500,True,2024-06-10T07:04:34Z,2024-06-10T07:04:34Z,,
92398,36386,224,NIXI Mumbai,,2000,151125,True,2024-06-14T12:19:41Z,2026-04-04T18:21:36Z,,
92519,36543,224,NIXI Mumbai,,1000,136327,True,2024-06-20T10:36:36Z,2026-04-04T18:20:41Z,,
92726,36626,224,NIXI Mumbai,,1000,141560,True,2024-06-29T09:04:42Z,2024-06-29T09:04:42Z,,
92922,671,224,NIXI Mumbai,,10000,2687,True,2024-07-08T06:35:09Z,2024-07-08T06:35:09Z,,
93181,16629,224,NIXI Mumbai,,2048,136364,True,2024-07-17T06:50:15Z,2024-07-17T06:51:19Z,,
95936,37590,224,NIXI Mumbai,,1000,58702,True,2024-10-29T10:59:44Z,2024-10-29T10:59:44Z,,
95937,37590,224,NIXI Mumbai,,1000,58702,True,2024-10-29T11:00:18Z,2024-10-29T11:00:19Z,,
96989,7117,224,NIXI Mumbai,,10000,132215,True,2024-12-11T04:53:49Z,2024-12-11T05:54:21Z,,
97100,5846,224,NIXI Mumbai,,3000,45117,True,2024-12-16T10:34:09Z,2024-12-16T10:41:49Z,,
97101,5846,224,NIXI Mumbai,,2000,45117,True,2024-12-16T10:42:28Z,2024-12-16T10:44:00Z,,
97102,5846,224,NIXI Mumbai,,2000,45117,True,2024-12-16T10:43:37Z,2024-12-27T07:26:46Z,,
97175,32378,224,NIXI Mumbai,,10000,150593,True,2024-12-18T06:50:06Z,2024-12-18T06:50:06Z,,
97349,20042,224,NIXI Mumbai,,2048,133234,True,2024-12-27T05:49:04Z,2024-12-27T05:49:04Z,,
97377,10711,224,NIXI Mumbai,,10000,132768,True,2024-12-30T12:46:35Z,2025-08-23T06:58:51Z,,
97963,11676,224,NIXI Mumbai,,1000,55507,True,2025-01-27T13:35:18Z,2025-01-27T13:41:19Z,,
98989,24848,224,NIXI Mumbai,,3000,140189,True,2025-03-11T17:53:18Z,2025-03-11T17:58:04Z,,
99506,16787,224,NIXI Mumbai,,3000,137172,True,2025-04-05T06:26:43Z,2025-04-05T06:26:43Z,,
99693,35867,224,NIXI Mumbai,,100000,152565,True,2025-04-16T03:52:50Z,2025-10-14T20:36:07Z,,
99755,39108,224,NIXI Mumbai,,10000,138251,True,2025-04-18T16:26:50Z,2025-04-18T16:29:59Z,,
99765,11527,224,NIXI Mumbai,,10000,135686,True,2025-04-19T13:26:30Z,2025-04-19T13:26:30Z,,
99848,34948,224,NIXI Mumbai,,100000,44331,True,2025-04-23T18:07:09Z,2026-05-20T12:25:33Z,,
100554,29618,224,NIXI Mumbai,,10000,141523,True,2025-05-26T12:17:11Z,2025-05-26T12:18:02Z,,
100654,13043,224,NIXI Mumbai,,10000,9885,True,2025-05-30T10:45:21Z,2025-05-30T10:45:22Z,,
101128,12978,224,NIXI Mumbai,,10000,133271,True,2025-06-24T18:06:42Z,2026-04-29T02:11:48Z,,
102064,576,224,NIXI Mumbai,,0,32787,True,2025-08-06T09:58:20Z,2025-08-06T09:58:20Z,,
102914,38755,224,NIXI Mumbai,,3000,151703,True,2025-09-10T13:39:17Z,2026-04-04T17:54:15Z,,
103094,20879,224,NIXI Mumbai,,2000,138311,True,2025-09-18T06:08:03Z,2025-09-18T06:09:05Z,,
104891,35867,224,NIXI Mumbai,,10000,152565,True,2025-11-17T08:59:31Z,2025-11-17T08:59:31Z,,
104941,34428,224,NIXI Mumbai,,1000,151764,True,2025-11-19T09:48:24Z,2025-11-19T09:48:24Z,,
105759,1264,224,NIXI Mumbai,,100000,16276,True,2025-12-22T16:21:04Z,2026-01-19T09:14:34Z,,
107197,694,224,NIXI Mumbai,,100000,8075,True,2026-02-17T07:47:36Z,2026-02-17T07:47:36Z,,
107332,41682,224,NIXI Mumbai,,1024,149595,True,2026-02-20T10:25:33Z,2026-03-10T18:17:26Z,,
107455,41714,224,NIXI Mumbai,,10000,152542,True,2026-02-25T08:10:30Z,2026-03-16T07:11:21Z,,
108855,30632,224,NIXI Mumbai,,10000,150126,True,2026-04-13T10:46:55Z,2026-04-13T14:16:46Z,,
109881,10895,224,NIXI Mumbai,,10000,45775,True,2026-05-22T10:05:29Z,2026-05-22T10:45:27Z,,
110268,26071,224,NIXI Mumbai,,10000,141339,True,2026-06-04T14:08:38Z,2026-06-06T10:55:00Z,,
110762,11729,224,NIXI Mumbai,,10000,133275,True,2026-06-23T12:06:17Z,2026-06-29T09:19:21Z,,
110823,15930,224,NIXI Mumbai,,10000,136625,True,2026-06-25T09:08:05Z,2026-06-25T09:14:02Z,,
112438,12907,224,NIXI Mumbai,,5000,132976,True,2026-08-24T08:54:16Z,2026-09-02T10:27:25Z,,
3315,12469,235,NIXI Chennai,,1000,24049,True,2010-07-29T00:00:00Z,2022-01-05T08:32:06Z,,
5572,2536,235,NIXI Chennai,,40000,9583,True,2010-07-29T00:00:00Z,2023-11-08T08:01:42Z,,
6989,2725,235,NIXI Chennai,,1000,37986,True,2010-11-10T00:00:00Z,2016-03-14T20:44:10Z,,
15122,3876,235,NIXI Chennai,,7000,55644,True,2013-08-12T00:00:00Z,2022-03-16T07:27:50Z,,
16394,3514,235,NIXI Chennai,,10000,10029,True,2013-12-16T00:00:00Z,2023-08-07T06:45:44Z,,
21026,14279,235,NIXI Chennai,,100,63829,True,2014-12-06T00:00:00Z,2020-01-22T04:23:02Z,,
22387,7990,235,NIXI Chennai,,1000,132931,True,2015-03-25T00:00:00Z,2020-01-28T08:01:16Z,,
22631,7117,235,NIXI Chennai,28,10000,132215,True,2015-04-10T00:00:00Z,2024-12-11T05:54:21Z,,
33202,1459,235,NIXI Chennai,,1000,4637,True,2017-02-20T06:54:34Z,2018-10-09T01:31:50Z,,
34304,5842,235,NIXI Chennai,,10000,132774,True,2017-04-22T10:58:20Z,2025-05-03T08:03:15Z,,
36585,14103,235,NIXI Chennai,,1000,24186,True,2017-08-30T06:00:06Z,2021-09-07T09:28:10Z,,
38477,10374,235,NIXI Chennai,,3000,135247,True,2017-12-11T04:01:18Z,2025-04-02T10:37:46Z,,
41497,10361,235,NIXI Chennai,,0,4755,True,2018-05-22T13:27:09Z,2018-05-22T13:27:09Z,,
50983,17903,235,NIXI Chennai,,10000,133971,True,2019-07-19T06:59:53Z,2022-06-07T04:23:03Z,,
53173,15844,235,NIXI Chennai,,20000,9829,True,2019-11-06T05:20:08Z,2019-11-06T05:26:19Z,,
53458,21313,235,NIXI Chennai,,10000,134863,True,2019-11-19T17:23:57Z,2022-04-05T02:08:42Z,,
54147,17242,235,NIXI Chennai,,10000,135139,True,2019-12-12T09:54:10Z,2019-12-17T15:40:00Z,,
60211,17022,235,NIXI Chennai,,10240,58898,True,2020-08-13T02:54:52Z,2023-09-13T12:27:43Z,,
63251,10623,235,NIXI Chennai,,100,58969,True,2020-12-09T10:08:03Z,2020-12-09T10:08:03Z,,
64131,22346,235,NIXI Chennai,,1000,139575,True,2021-01-24T18:45:15Z,2025-11-23T19:57:08Z,,
64213,5520,235,NIXI Chennai,,10000,54113,True,2021-01-28T16:17:39Z,2021-11-19T15:12:44Z,,
64214,5520,235,NIXI Chennai,,10000,54113,True,2021-01-28T16:17:42Z,2021-11-19T16:40:44Z,,
66511,13315,235,NIXI Chennai,,1000,133680,True,2021-04-19T08:47:25Z,2021-05-19T06:15:27Z,,
72311,12469,235,NIXI Chennai,,1000,24049,True,2022-01-05T08:34:30Z,2022-01-05T08:34:30Z,,
73017,2,235,NIXI Chennai,,100000,20940,True,2022-02-11T08:47:46Z,2025-03-09T00:51:29Z,,
73054,12419,235,NIXI Chennai,,10000,136230,True,2022-02-14T07:04:19Z,2022-04-16T18:36:19Z,,
73283,21313,235,NIXI Chennai,,10000,134863,True,2022-02-24T08:58:33Z,2022-04-05T02:08:42Z,,
73611,22346,235,NIXI Chennai,,1000,139575,True,2022-03-14T07:23:06Z,2025-11-23T19:57:08Z,,
73681,12647,235,NIXI Chennai,,10000,55410,True,2022-03-16T08:04:44Z,2022-03-16T08:04:44Z,,
73862,17903,235,NIXI Chennai,,10000,133971,True,2022-03-23T10:34:34Z,2022-06-07T04:22:52Z,,
73958,979,235,NIXI Chennai,,10000,32934,True,2022-03-28T13:13:23Z,2022-03-28T13:13:23Z,,
73993,979,235,NIXI Chennai,,10000,32934,True,2022-03-30T08:13:26Z,2022-03-30T08:13:26Z,,
74142,13315,235,NIXI Chennai,,1000,133680,True,2022-04-07T11:40:16Z,2022-04-07T11:40:16Z,,
74346,15051,235,NIXI Chennai,,10000,135780,True,2022-04-20T11:52:57Z,2022-12-01T08:27:21Z,,
74517,23821,235,NIXI Chennai,,1000,133000,True,2022-04-29T06:56:15Z,2023-01-12T07:25:11Z,,
75215,694,235,NIXI Chennai,,100000,8075,True,2022-06-03T01:29:33Z,2022-06-03T01:29:33Z,,
75216,694,235,NIXI Chennai,,100000,8075,True,2022-06-03T01:29:57Z,2022-06-03T01:29:57Z,,
79891,3967,235,NIXI Chennai,,10000,24029,True,2023-01-12T07:31:28Z,2023-01-12T07:31:28Z,,
80958,9937,235,NIXI Chennai,,10000,134869,True,2023-02-24T13:52:47Z,2024-04-29T05:10:00Z,,
81959,22373,235,NIXI Chennai,,10000,138754,True,2023-04-04T14:44:02Z,2023-06-05T06:36:45Z,,
82023,5842,235,NIXI Chennai,,10000,132774,True,2023-04-07T05:19:16Z,2025-05-03T08:03:15Z,,
82100,21313,235,NIXI Chennai,,10000,134863,True,2023-04-11T10:53:42Z,2024-11-21T05:11:30Z,,
82132,23126,235,NIXI Chennai,,3000,135206,True,2023-04-12T10:47:50Z,2023-04-12T10:54:54Z,,
82187,12160,235,NIXI Chennai,,10000,133695,True,2023-04-14T13:29:05Z,2025-02-28T11:22:37Z,,
82672,30830,235,NIXI Chennai,,10000,149533,True,2023-05-07T10:50:10Z,2024-10-14T07:15:11Z,,
82710,9470,235,NIXI Chennai,,40000,54994,True,2023-05-09T07:30:24Z,2025-10-09T12:17:25Z,,
82733,30830,235,NIXI Chennai,,10000,149533,True,2023-05-10T11:36:34Z,2024-10-14T07:14:53Z,,
84483,22041,235,NIXI Chennai,,1000,134331,True,2023-07-23T12:01:47Z,2023-07-23T12:01:47Z,,
85099,3924,235,NIXI Chennai,,10000,42,True,2023-08-17T17:41:39Z,2023-08-17T17:41:39Z,,
85100,286,235,NIXI Chennai,,10000,3856,True,2023-08-17T17:42:28Z,2023-08-17T17:42:28Z,,
85853,30973,235,NIXI Chennai,,4096,137620,True,2023-09-21T05:32:57Z,2023-09-21T05:32:57Z,,
86781,21748,235,NIXI Chennai,,2000,136694,True,2023-10-28T14:01:57Z,2023-10-28T14:01:57Z,,
87056,24648,235,NIXI Chennai,,1000,136644,True,2023-11-09T07:20:03Z,2024-10-01T09:32:13Z,,
87097,30080,235,NIXI Chennai,,1000,149277,True,2023-11-10T16:47:12Z,2023-11-10T16:47:13Z,,
88637,34838,235,NIXI Chennai,,10000,132924,True,2024-01-11T08:39:24Z,2024-01-11T08:39:24Z,,
90898,35869,235,NIXI Chennai,,1000,137180,True,2024-04-15T11:17:45Z,2024-04-15T11:17:45Z,,
91088,16943,235,NIXI Chennai,,1000,136336,True,2024-04-20T14:01:14Z,2024-04-20T14:01:14Z,,
91095,9933,235,NIXI Chennai,,2000,134325,True,2024-04-21T03:56:55Z,2024-05-02T11:13:11Z,,
91168,12407,235,NIXI Chennai,,1000,134032,True,2024-04-23T05:10:19Z,2024-04-23T05:32:51Z,,
91169,16454,235,NIXI Chennai,,4000,17465,True,2024-04-23T05:36:02Z,2024-04-23T05:36:02Z,,
91336,36075,235,NIXI Chennai,,1000,150624,True,2024-04-30T07:36:50Z,2026-04-04T18:23:09Z,,
91568,16781,235,NIXI Chennai,,1000,135815,True,2024-05-11T07:32:01Z,2024-05-11T07:32:01Z,,
92923,671,235,NIXI Chennai,,10000,2687,True,2024-07-08T06:35:33Z,2024-07-08T06:35:33Z,,
94416,433,235,NIXI Chennai,,100000,15169,True,2024-08-30T11:15:40Z,2024-08-30T11:15:40Z,,
98294,31211,235,NIXI Chennai,,1000,134876,True,2025-02-09T05:06:32Z,2025-02-09T05:06:32Z,,
101352,16359,235,NIXI Chennai,,2000,137282,True,2025-07-08T10:04:50Z,2025-07-08T10:04:50Z,,
101781,13043,235,NIXI Chennai,,10000,9885,True,2025-07-25T10:25:38Z,2025-07-25T10:27:02Z,,
103813,16359,235,NIXI Chennai,,2000,137282,True,2025-10-09T07:14:07Z,2025-10-09T07:14:07Z,,
105015,29002,235,NIXI Chennai,,10000,141552,True,2025-11-22T12:48:48Z,2025-11-27T06:02:32Z,,
105206,9470,235,NIXI Chennai,,40000,54994,True,2025-12-01T02:19:25Z,2025-12-01T02:21:07Z,,
109645,5520,235,NIXI Chennai,,10000,54113,True,2026-05-13T00:17:51Z,2026-05-13T00:17:52Z,,
109646,5520,235,NIXI Chennai,,10000,54113,True,2026-05-13T00:17:54Z,2026-05-13T00:17:55Z,,
11937,4837,598,NIXI Hyderabad,,10000,18229,True,2012-07-27T00:00:00Z,2020-12-30T06:36:58Z,,
20382,7373,598,NIXI Hyderabad,,10000,45884,True,2014-10-17T00:00:00Z,2024-01-16T07:52:36Z,,
34577,2536,598,NIXI Hyderabad,,1000,9583,True,2017-05-08T09:50:13Z,2017-05-08T09:50:14Z,,
84398,31548,598,NIXI Hyderabad,,10000,136290,True,2023-07-19T12:08:05Z,2023-12-08T04:58:39Z,,
84474,8660,598,NIXI Hyderabad,,10000,59185,True,2023-07-22T19:43:11Z,2024-01-10T09:19:42Z,,
84479,11441,598,NIXI Hyderabad,,10000,134033,True,2023-07-23T06:06:27Z,2024-07-15T05:15:11Z,,
84489,9843,598,NIXI Hyderabad,,20000,45582,True,2023-07-24T04:55:26Z,2023-12-08T04:59:08Z,,
84559,22064,598,NIXI Hyderabad,,6000,139490,True,2023-07-26T08:49:07Z,2026-03-01T14:16:01Z,,
84619,30778,598,NIXI Hyderabad,,10000,137097,True,2023-07-28T05:26:57Z,2024-09-12T10:12:28Z,,
84705,12720,598,NIXI Hyderabad,,5000,58725,True,2023-08-01T09:27:26Z,2023-08-01T09:27:27Z,,
85168,32341,598,NIXI Hyderabad,,10000,150576,True,2023-08-22T11:46:05Z,2023-10-12T15:54:32Z,,
87034,979,598,NIXI Hyderabad,,10000,32934,True,2023-11-08T10:54:57Z,2023-11-24T07:14:16Z,,
87035,979,598,NIXI Hyderabad,,10000,32934,True,2023-11-08T10:55:19Z,2023-11-24T07:14:16Z,,
87516,3967,598,NIXI Hyderabad,,10000,24029,True,2023-11-24T05:36:26Z,2023-11-24T05:40:18Z,,
88577,3924,598,NIXI Hyderabad,,10000,42,True,2024-01-09T12:29:08Z,2024-01-09T12:29:08Z,,
88578,286,598,NIXI Hyderabad,,10000,3856,True,2024-01-09T12:30:09Z,2024-01-09T12:30:09Z,,
89914,5520,598,NIXI Hyderabad,,10000,54113,True,2024-03-07T15:18:37Z,2024-03-07T15:18:38Z,,
91754,35262,598,NIXI Hyderabad,,1000,149226,True,2024-05-18T06:33:18Z,2024-05-18T06:33:18Z,,
92924,671,598,NIXI Hyderabad,,10000,2687,True,2024-07-08T06:35:54Z,2024-07-08T06:35:54Z,,
93952,8433,598,NIXI Hyderabad,,10000,17483,True,2024-08-13T10:28:45Z,2024-08-13T10:28:45Z,,
101782,13043,598,NIXI Hyderabad,,10000,9885,True,2025-07-25T10:28:45Z,2025-07-25T10:28:45Z,,
101819,25024,598,NIXI Hyderabad,,1000,141383,True,2025-07-28T08:09:22Z,2025-07-28T08:09:22Z,,
105941,2,598,NIXI Hyderabad,,100000,20940,True,2026-01-05T22:55:15Z,2026-01-05T22:55:15Z,,
32250,31075,832,DE-CIX Mumbai: DE-CIX Mumbai Peering LAN,Ip address None was claimed by other netixlan,3000,142469,True,2016-12-26T06:53:02Z,2022-09-24T10:23:36Z,,
32607,41192,832,DE-CIX Mumbai: DE-CIX Mumbai Peering LAN,,15000,154455,True,2017-01-18T05:32:12Z,2026-01-15T15:40:47Z,,
32614,27348,832,DE-CIX Mumbai: DE-CIX Mumbai Peering LAN,Ip address None was claimed by other netixlan,10240,137094,True,2017-01-18T05:53:37Z,2025-09-12T11:01:29Z,,
32620,11498,832,DE-CIX Mumbai: DE-CIX Mumbai Peering LAN,,10240,134881,True,2017-01-18T07:48:36Z,2020-02-19T04:08:01Z,,
32626,12172,832,DE-CIX Mumbai: DE-CIX Mumbai Peering LAN,,10240,133597,True,2017-01-18T08:02:33Z,2020-09-21T15:34:28Z,,
32629,11592,832,DE-CIX Mumbai: DE-CIX Mumbai Peering LAN,,10240,132137,True,2017-01-18T08:07:14Z,2023-01-03T05:23:43Z,,
32633,26197,832,DE-CIX Mumbai: DE-CIX Mumbai Peering LAN,,10000,141480,True,2017-01-18T08:17:09Z,2024-06-24T04:12:33Z,,
32684,31756,832,DE-CIX Mumbai: DE-CIX Mumbai Peering LAN,Ip address None was claimed by other netixlan,1000,150106,True,2017-01-19T13:38:18Z,2024-05-08T11:07:06Z,,
32744,11525,832,DE-CIX Mumbai: DE-CIX Mumbai Peering LAN,,10240,134913,True,2017-01-23T11:57:24Z,2024-03-18T08:41:12Z,,
32777,11683,832,DE-CIX Mumbai: DE-CIX Mumbai Peering LAN,,10000,38207,True,2017-01-24T08:12:29Z,2025-11-25T19:57:30Z,,
32782,9909,832,DE-CIX Mumbai: DE-CIX Mumbai Peering LAN,,20000,133720,True,2017-01-24T11:20:00Z,2024-01-09T07:03:08Z,,
32824,286,832,DE-CIX Mumbai: DE-CIX Mumbai Peering LAN,,1000,3856,True,2017-01-27T09:04:30Z,2020-02-19T04:08:01Z,,
32944,813,832,DE-CIX Mumbai: DE-CIX Mumbai Peering LAN,Ip address None was claimed by other netixlan,10000,20473,True,2017-02-03T06:22:49Z,2025-01-15T15:17:32Z,,
32945,11729,832,DE-CIX Mumbai: DE-CIX Mumbai Peering LAN,,10000,133275,True,2017-02-03T07:49:46Z,2021-07-15T08:20:53Z,,
32950,11501,832,DE-CIX Mumbai: DE-CIX Mumbai Peering LAN,,10000,135724,True,2017-02-03T10:23:08Z,2020-02-19T04:08:02Z,,
32984,12930,832,DE-CIX Mumbai: DE-CIX Mumbai Peering LAN,,10000,45235,True,2017-02-06T08:18:28Z,2023-11-01T14:00:47Z,,
33005,7117,832,DE-CIX Mumbai: DE-CIX Mumbai Peering LAN,,10000,132215,True,2017-02-07T05:41:56Z,2024-12-11T04:51:40Z,,
33205,10512,832,DE-CIX Mumbai: DE-CIX Mumbai Peering LAN,,2048,58405,True,2017-02-20T08:18:34Z,2020-02-19T04:08:02Z,,
33224,27663,832,DE-CIX Mumbai: DE-CIX Mumbai Peering LAN,,0,8849,True,2017-02-21T04:11:12Z,2023-11-16T10:52:54Z,,
33315,29788,832,DE-CIX Mumbai: DE-CIX Mumbai Peering LAN,Ip address None was claimed by other netixlan,2000,141870,True,2017-02-27T06:25:30Z,2022-12-01T04:37:46Z,,
33796,12781,832,DE-CIX Mumbai: DE-CIX Mumbai Peering LAN,,1500,135861,True,2017-03-23T06:45:24Z,2023-08-13T11:27:59Z,,
34167,9897,832,DE-CIX Mumbai: DE-CIX Mumbai Peering LAN,,1000,26415,True,2017-04-13T15:13:53Z,2020-02-19T04:08:02Z,,
34294,24095,832,DE-CIX Mumbai: DE-CIX Mumbai Peering LAN,Ip address None was claimed by other netixlan,1000,138788,True,2017-04-21T11:57:28Z,2024-06-27T05:25:42Z,,
34782,27970,832,DE-CIX Mumbai: DE-CIX Mumbai Peering LAN,Ip address None was claimed by other netixlan,10000,396904,True,2017-05-20T07:25:19Z,2025-03-31T13:58:45Z,,
35032,5167,832,DE-CIX Mumbai: DE-CIX Mumbai Peering LAN,,20000,17665,True,2017-06-02T10:45:51Z,2021-08-13T10:45:55Z,,
35191,13726,832,DE-CIX Mumbai: DE-CIX Mumbai Peering LAN,,10000,136360,True,2017-06-14T07:06:42Z,2020-02-19T04:08:02Z,,
35540,3924,832,DE-CIX Mumbai: DE-CIX Mumbai Peering LAN,,1000,42,True,2017-06-29T06:24:16Z,2020-02-19T04:08:02Z,,
35653,979,832,DE-CIX Mumbai: DE-CIX Mumbai Peering LAN,,400000,32934,True,2017-07-04T05:18:10Z,2026-08-26T09:33:14Z,,
35654,979,832,DE-CIX Mumbai: DE-CIX Mumbai Peering LAN,,400000,32934,True,2017-07-04T05:22:58Z,2026-08-26T09:33:14Z,,
35851,10635,832,DE-CIX Mumbai: DE-CIX Mumbai Peering LAN,,10000,58765,True,2017-07-14T11:50:55Z,2021-03-22T14:29:23Z,,
35905,18630,832,DE-CIX Mumbai: DE-CIX Mumbai Peering LAN,,1000,59200,True,2017-07-18T12:29:14Z,2020-11-03T16:33:30Z,,
35907,18630,832,DE-CIX Mumbai: DE-CIX Mumbai Peering LAN,,1000,59200,True,2017-07-18T13:29:23Z,2020-11-03T16:33:30Z,,
35930,31712,832,DE-CIX Mumbai: DE-CIX Mumbai Peering LAN,,10000,149214,True,2017-07-20T06:41:32Z,2026-06-04T09:03:15Z,,
36264,10151,832,DE-CIX Mumbai: DE-CIX Mumbai Peering LAN,Ip address None was claimed by other netixlan,10000,18002,True,2017-08-11T17:23:27Z,2023-01-02T11:39:59Z,,
36672,14591,832,DE-CIX Mumbai: DE-CIX Mumbai Peering LAN,,2048,134257,True,2017-09-04T09:44:11Z,2023-05-25T19:10:21Z,,
36712,33079,832,DE-CIX Mumbai: DE-CIX Mumbai Peering LAN,,3000,151087,True,2017-09-05T23:45:10Z,2025-05-28T17:48:47Z,,
36760,14445,832,DE-CIX Mumbai: DE-CIX Mumbai Peering LAN,,10000,134340,True,2017-09-08T13:18:08Z,2020-09-28T15:56:33Z,,
36778,9971,832,DE-CIX Mumbai: DE-CIX Mumbai Peering LAN,,5000,132220,True,2017-09-11T07:09:47Z,2022-06-01T08:10:58Z,,
36793,10175,832,DE-CIX Mumbai: DE-CIX Mumbai Peering LAN,,10000,133713,True,2017-09-11T13:00:21Z,2020-02-19T04:08:02Z,,
36829,1764,832,DE-CIX Mumbai: DE-CIX Mumbai Peering LAN,,10000,44444,True,2017-09-12T12:45:40Z,2020-07-24T09:01:32Z,,
37307,1418,832,DE-CIX Mumbai: DE-CIX Mumbai Peering LAN,,100000,16509,True,2017-10-10T16:17:41Z,2020-02-19T04:08:02Z,,
37763,4046,832,DE-CIX Mumbai: DE-CIX Mumbai Peering LAN,,10000,55862,True,2017-11-04T08:12:49Z,2020-02-19T04:08:02Z,,
38096,15249,832,DE-CIX Mumbai: DE-CIX Mumbai Peering LAN,,1024,135257,True,2017-11-21T09:40:29Z,2020-02-19T04:08:02Z,,
38700,15535,832,DE-CIX Mumbai: DE-CIX Mumbai Peering LAN,,1024,134256,True,2017-12-20T08:42:18Z,2020-02-19T04:08:02Z,,
38847,15589,832,DE-CIX Mumbai: DE-CIX Mumbai Peering LAN,,10000,134258,True,2017-12-30T12:17:46Z,2020-02-19T04:08:02Z,,
38892,15411,832,DE-CIX Mumbai: DE-CIX Mumbai Peering LAN,,10000,137098,True,2018-01-04T05:18:23Z,2020-02-19T04:08:02Z,,
38958,40852,832,DE-CIX Mumbai: DE-CIX Mumbai Peering LAN,,3000,154360,True,2018-01-09T09:44:10Z,2026-08-03T14:05:42Z,,
39079,2700,832,DE-CIX Mumbai: DE-CIX Mumbai Peering LAN,,10000,45942,True,2018-01-17T10:15:36Z,2020-08-14T05:09:50Z,,
39323,15743,832,DE-CIX Mumbai: DE-CIX Mumbai Peering LAN,,2000,134280,True,2018-01-30T07:39:44Z,2023-06-29T13:35:42Z,,
39338,433,832,DE-CIX Mumbai: DE-CIX Mumbai Peering LAN,,200000,15169,True,2018-01-31T04:09:48Z,2024-04-10T11:11:53Z,,
39377,11576,832,DE-CIX Mumbai: DE-CIX Mumbai Peering LAN,,2000,134850,True,2018-02-01T13:30:38Z,2021-04-24T06:07:35Z,,
39708,10787,832,DE-CIX Mumbai: DE-CIX Mumbai Peering LAN,,100000,58762,True,2018-02-18T05:36:02Z,2026-07-17T07:18:58Z,,
39924,39108,832,DE-CIX Mumbai: DE-CIX Mumbai Peering LAN,,10000,138251,True,2018-02-28T08:53:36Z,2025-11-30T16:09:40Z,,
40186,16151,832,DE-CIX Mumbai: DE-CIX Mumbai Peering LAN,,1024,45433,True,2018-03-15T13:52:38Z,2020-02-19T04:08:02Z,,
40264,30659,832,DE-CIX Mumbai: DE-CIX Mumbai Peering LAN,,10000,147246,True,2018-03-20T09:03:35Z,2026-07-26T10:59:03Z,,
40428,9423,832,DE-CIX Mumbai: DE-CIX Mumbai Peering LAN,,10000,17771,True,2018-03-27T10:20:21Z,2026-07-10T12:46:52Z,,
40431,10976,832,DE-CIX Mumbai: DE-CIX Mumbai Peering LAN,,10000,132115,True,2018-03-27T12:47:40Z,2024-01-16T09:13:31Z,,
40649,16356,832,DE-CIX Mumbai: DE-CIX Mumbai Peering LAN,,1024,137102,True,2018-04-06T06:07:39Z,2020-02-19T04:08:02Z,,
40798,11869,832,DE-CIX Mumbai: DE-CIX Mumbai Peering LAN,,10000,132559,True,2018-04-13T14:13:46Z,2026-01-28T07:22:38Z,,
40833,16454,832,DE-CIX Mumbai: DE-CIX Mumbai Peering LAN,,6000,17465,True,2018-04-16T11:17:03Z,2020-02-19T04:08:02Z,,
41027,25584,832,DE-CIX Mumbai: DE-CIX Mumbai Peering LAN,,1000,138312,True,2018-04-24T06:20:58Z,2020-12-31T11:15:08Z,,
41057,6747,832,DE-CIX Mumbai: DE-CIX Mumbai Peering LAN,,10000,40676,True,2018-04-25T12:00:54Z,2020-02-19T04:08:02Z,,
41196,3241,832,DE-CIX Mumbai: DE-CIX Mumbai Peering LAN,,10000,42473,True,2018-05-03T10:58:24Z,2024-07-08T08:06:35Z,,
41215,13418,832,DE-CIX Mumbai: DE-CIX Mumbai Peering LAN,,100000,133372,True,2018-05-04T09:00:30Z,2023-10-04T14:13:34Z,,
41229,16628,832,DE-CIX Mumbai: DE-CIX Mumbai Peering LAN,,1024,135267,True,2018-05-05T08:03:13Z,2020-02-19T04:08:02Z,,
41358,36490,832,DE-CIX Mumbai: DE-CIX Mumbai Peering LAN,,3000,152504,True,2018-05-14T06:25:04Z,2026-04-04T18:53:34Z,,
41611,26978,832,DE-CIX Mumbai: DE-CIX Mumbai Peering LAN,,30000,139009,True,2018-05-28T19:50:11Z,2026-07-08T12:00:42Z,,
41767,32354,832,DE-CIX Mumbai: DE-CIX Mumbai Peering LAN,,10000,147185,True,2018-06-07T10:05:09Z,2024-05-14T12:46:33Z,,
41927,34720,832,DE-CIX Mumbai: DE-CIX Mumbai Peering LAN,,1000,150636,True,2018-06-14T08:41:51Z,2023-11-29T05:59:37Z,,
41945,37476,832,DE-CIX Mumbai: DE-CIX Mumbai Peering LAN,,10000,214122,True,2018-06-15T09:26:33Z,2025-03-17T14:33:25Z,,
42059,29161,832,DE-CIX Mumbai: DE-CIX Mumbai Peering LAN,,5000,135781,True,2018-06-21T13:57:59Z,2022-12-17T10:05:06Z,,
42158,24637,832,DE-CIX Mumbai: DE-CIX Mumbai Peering LAN,,10000,17350,True,2018-06-26T13:36:11Z,2023-06-12T17:04:32Z,,
42245,17161,832,DE-CIX Mumbai: DE-CIX Mumbai Peering LAN,,10000,136374,True,2018-06-29T17:10:12Z,2024-01-30T14:33:17Z,,
42343,9343,832,DE-CIX Mumbai: DE-CIX Mumbai Peering LAN,,20000,132116,True,2018-07-06T07:28:06Z,2025-10-19T08:04:45Z,,
42345,13932,832,DE-CIX Mumbai: DE-CIX Mumbai Peering LAN,,10000,38740,True,2018-07-06T09:21:50Z,2025-10-23T14:50:46Z,,
42593,10264,832,DE-CIX Mumbai: DE-CIX Mumbai Peering LAN,,10000,134014,True,2018-07-19T12:21:40Z,2020-02-19T04:08:02Z,,
42611,5871,832,DE-CIX Mumbai: DE-CIX Mumbai Peering LAN,,10000,45916,True,2018-07-20T08:19:35Z,2023-07-14T05:55:28Z,,
42637,25888,832,DE-CIX Mumbai: DE-CIX Mumbai Peering LAN,,10000,40934,True,2018-07-22T12:41:00Z,2024-10-25T20:29:46Z,,
42755,7961,832,DE-CIX Mumbai: DE-CIX Mumbai Peering LAN,,20000,132770,True,2018-07-30T12:11:02Z,2025-11-13T07:39:19Z,,
42901,1234,832,DE-CIX Mumbai: DE-CIX Mumbai Peering LAN,,10000,21859,True,2018-08-06T21:43:47Z,2020-02-19T04:08:02Z,,
43010,7063,832,DE-CIX Mumbai: DE-CIX Mumbai Peering LAN,,5000,19551,True,2018-08-13T09:00:05Z,2022-02-04T18:20:23Z,,
43079,17499,832,DE-CIX Mumbai: DE-CIX Mumbai Peering LAN,,4000,10225,True,2018-08-16T04:47:52Z,2024-12-23T06:47:14Z,,
43173,4317,832,DE-CIX Mumbai: DE-CIX Mumbai Peering LAN,,10000,55352,True,2018-08-21T05:20:00Z,2020-02-19T04:08:02Z,,
43306,8433,832,DE-CIX Mumbai: DE-CIX Mumbai Peering LAN,,10000,17483,True,2018-08-28T07:01:46Z,2020-02-19T04:08:02Z,,
43312,14103,832,DE-CIX Mumbai: DE-CIX Mumbai Peering LAN,,10000,24186,True,2018-08-28T09:20:33Z,2020-02-19T04:08:02Z,,
43521,27920,832,DE-CIX Mumbai: DE-CIX Mumbai Peering LAN,Ip address None was claimed by other netixlan,3000,47583,True,2018-09-06T11:38:25Z,2024-06-07T10:14:52Z,,
43552,12748,832,DE-CIX Mumbai: DE-CIX Mumbai Peering LAN,,5000,133232,True,2018-09-08T04:33:29Z,2023-05-13T05:20:59Z,,
43638,433,832,DE-CIX Mumbai: DE-CIX Mumbai Peering LAN,,300000,15169,True,2018-09-12T04:37:49Z,2024-04-10T11:11:53Z,,
43642,29618,832,DE-CIX Mumbai: DE-CIX Mumbai Peering LAN,Ip address None was claimed by other netixlan,10000,141523,True,2018-09-12T09:11:28Z,2025-05-26T12:18:02Z,,
43704,576,832,DE-CIX Mumbai: DE-CIX Mumbai Peering LAN,,0,32787,True,2018-09-14T11:36:14Z,2024-08-27T12:02:14Z,,
43936,8279,832,DE-CIX Mumbai: DE-CIX Mumbai Peering LAN,,10000,58678,True,2018-09-24T10:40:00Z,2020-02-19T04:08:02Z,,
44030,11776,832,DE-CIX Mumbai: DE-CIX Mumbai Peering LAN,Ip address None was claimed by other netixlan,1000,135810,True,2018-09-26T13:07:09Z,2023-06-17T15:19:24Z,,
44093,15004,832,DE-CIX Mumbai: DE-CIX Mumbai Peering LAN,,6000,133311,True,2018-09-28T12:24:20Z,2021-05-14T06:10:00Z,,
44239,9878,832,DE-CIX Mumbai: DE-CIX Mumbai Peering LAN,,3000,135036,True,2018-10-04T10:03:57Z,2020-09-27T08:42:58Z,,
44680,3816,832,DE-CIX Mumbai: DE-CIX Mumbai Peering LAN,,10240,45528,True,2018-10-23T15:40:36Z,2020-02-19T04:08:02Z,,
44772,13708,832,DE-CIX Mumbai: DE-CIX Mumbai Peering LAN,,10000,55705,True,2018-10-27T20:15:02Z,2025-01-03T12:34:13Z,,
44928,18197,832,DE-CIX Mumbai: DE-CIX Mumbai Peering LAN,,10000,136308,True,2018-11-02T05:58:26Z,2020-02-19T04:08:02Z,,
45022,37132,832,DE-CIX Mumbai: DE-CIX Mumbai Peering LAN,,1000,138238,True,2018-11-07T09:13:51Z,2024-08-26T09:03:47Z,,
45023,8893,832,DE-CIX Mumbai: DE-CIX Mumbai Peering LAN,,10000,134053,True,2018-11-07T10:33:18Z,2020-02-19T04:08:02Z,,
45113,5,832,DE-CIX Mumbai: DE-CIX Mumbai Peering LAN,,300,3303,True,2018-11-10T13:38:59Z,2023-09-25T09:46:51Z,,
45241,4487,832,DE-CIX Mumbai: DE-CIX Mumbai Peering LAN,,20000,45769,True,2018-11-16T04:33:41Z,2021-10-18T11:19:42Z,,
45377,12502,832,DE-CIX Mumbai: DE-CIX Mumbai Peering LAN,,10000,7862,True,2018-11-22T01:10:26Z,2025-07-11T08:21:23Z,,
45774,18532,832,DE-CIX Mumbai: DE-CIX Mumbai Peering LAN,,2048,136305,True,2018-12-11T10:32:37Z,2020-07-13T06:13:48Z,,
45793,10400,832,DE-CIX Mumbai: DE-CIX Mumbai Peering LAN,,10000,58659,True,2018-12-12T05:04:17Z,2020-02-19T04:08:02Z,,
46133,457,832,DE-CIX Mumbai: DE-CIX Mumbai Peering LAN,,100000,2906,True,2018-12-22T17:15:09Z,2020-05-14T21:23:13Z,,
46224,13000,832,DE-CIX Mumbai: DE-CIX Mumbai Peering LAN,,10000,133001,True,2018-12-31T07:29:48Z,2022-10-06T11:42:45Z,,
46521,8683,832,DE-CIX Mumbai: DE-CIX Mumbai Peering LAN,,100000,53813,True,2019-01-15T20:53:56Z,2024-11-19T21:26:38Z,,
46522,8683,832,DE-CIX Mumbai: DE-CIX Mumbai Peering LAN,,100000,53813,True,2019-01-15T20:54:13Z,2024-11-19T21:26:38Z,,
46687,18850,832,DE-CIX Mumbai: DE-CIX Mumbai Peering LAN,,1000,137171,True,2019-01-22T10:59:09Z,2023-07-02T14:58:04Z,,
46757,10681,832,DE-CIX Mumbai: DE-CIX Mumbai Peering LAN,,100000,133296,True,2019-01-24T13:23:01Z,2023-12-11T13:53:31Z,,
46985,14095,832,DE-CIX Mumbai: DE-CIX Mumbai Peering LAN,,1000,135705,True,2019-02-04T12:12:09Z,2020-02-19T04:08:02Z,,
47100,15499,832,DE-CIX Mumbai: DE-CIX Mumbai Peering LAN,,10240,133237,True,2019-02-08T08:38:21Z,2020-02-19T04:08:02Z,,
47131,17266,832,DE-CIX Mumbai: DE-CIX Mumbai Peering LAN,,10000,134249,True,2019-02-11T10:08:55Z,2020-02-19T04:08:02Z,,
47290,2,832,DE-CIX Mumbai: DE-CIX Mumbai Peering LAN,,200000,20940,True,2019-02-18T09:21:45Z,2026-03-16T08:31:44Z,,
47665,26374,832,DE-CIX Mumbai: DE-CIX Mumbai Peering LAN,,10000,137109,True,2019-02-25T03:54:03Z,2024-06-14T16:19:20Z,,
47666,19132,832,DE-CIX Mumbai: DE-CIX Mumbai Peering LAN,,10000,136639,True,2019-02-25T05:51:17Z,2020-02-19T04:08:02Z,,
47709,6851,832,DE-CIX Mumbai: DE-CIX Mumbai Peering LAN,,10000,132933,True,2019-02-26T11:30:43Z,2024-03-01T17:14:07Z,,
48016,3514,832,DE-CIX Mumbai: DE-CIX Mumbai Peering LAN,,10000,10029,True,2019-03-11T05:45:58Z,2020-02-19T04:08:02Z,,
48069,1411,832,DE-CIX Mumbai: DE-CIX Mumbai Peering LAN,,1000,38224,True,2019-03-12T06:44:33Z,2020-02-19T04:08:02Z,,
48387,12951,832,DE-CIX Mumbai: DE-CIX Mumbai Peering LAN,,5000,45804,True,2019-03-25T12:20:05Z,2022-03-08T08:51:07Z,,
48569,9933,832,DE-CIX Mumbai: DE-CIX Mumbai Peering LAN,,2000,134325,True,2019-04-02T08:43:31Z,2024-05-02T11:13:11Z,,
48574,13001,832,DE-CIX Mumbai: DE-CIX Mumbai Peering LAN,,15000,136334,True,2019-04-02T10:25:56Z,2022-03-02T05:14:14Z,,
48698,29134,832,DE-CIX Mumbai: DE-CIX Mumbai Peering LAN,,10000,141846,True,2019-04-08T06:38:40Z,2025-05-17T14:33:59Z,,
49033,4224,832,DE-CIX Mumbai: DE-CIX Mumbai Peering LAN,,100000,13335,True,2019-04-24T03:30:16Z,2020-02-19T04:08:02Z,,
49133,38654,832,DE-CIX Mumbai: DE-CIX Mumbai Peering LAN,Ip address None was claimed by other netixlan,0,151681,True,2019-04-28T07:54:45Z,2026-04-04T17:55:56Z,,
49219,19525,832,DE-CIX Mumbai: DE-CIX Mumbai Peering LAN,,1024,137677,True,2019-05-02T06:07:14Z,2020-02-19T04:08:02Z,,
49240,1418,832,DE-CIX Mumbai: DE-CIX Mumbai Peering LAN,,100000,16509,True,2019-05-02T17:17:41Z,2020-02-19T04:08:02Z,,
49306,11044,832,DE-CIX Mumbai: DE-CIX Mumbai Peering LAN,,10000,17439,True,2019-05-06T08:05:15Z,2020-03-14T22:51:19Z,,
49394,19739,832,DE-CIX Mumbai: DE-CIX Mumbai Peering LAN,,1000,17447,True,2019-05-08T05:15:36Z,2020-02-19T04:08:02Z,,
49594,32378,832,DE-CIX Mumbai: DE-CIX Mumbai Peering LAN,,20000,150593,True,2019-05-17T09:52:09Z,2024-03-29T19:05:58Z,,
49606,19828,832,DE-CIX Mumbai: DE-CIX Mumbai Peering LAN,,3000,135722,True,2019-05-17T13:58:16Z,2024-10-10T09:23:47Z,,
49620,8264,832,DE-CIX Mumbai: DE-CIX Mumbai Peering LAN,,10000,132754,True,2019-05-18T11:54:15Z,2024-08-03T12:40:16Z,,
50204,20065,832,DE-CIX Mumbai: DE-CIX Mumbai Peering LAN,,1000,138252,True,2019-06-13T05:26:12Z,2020-12-10T05:44:36Z,,
50327,36783,832,DE-CIX Mumbai: DE-CIX Mumbai Peering LAN,,3000,136357,True,2019-06-19T09:16:53Z,2024-08-16T13:51:03Z,,
50513,17711,832,DE-CIX Mumbai: DE-CIX Mumbai Peering LAN,,40000,132996,True,2019-06-27T07:40:12Z,2026-04-01T14:11:39Z,,
50721,3554,832,DE-CIX Mumbai: DE-CIX Mumbai Peering LAN,,100000,714,True,2019-07-05T16:51:51Z,2023-10-21T15:46:12Z,,
50722,3554,832,DE-CIX Mumbai: DE-CIX Mumbai Peering LAN,,100000,714,True,2019-07-05T16:53:01Z,2023-10-21T15:46:12Z,,
50753,8182,832,DE-CIX Mumbai: DE-CIX Mumbai Peering LAN,,20000,63949,True,2019-07-08T16:22:43Z,2020-02-19T04:08:02Z,,
50826,5933,832,DE-CIX Mumbai: DE-CIX Mumbai Peering LAN,,10000,17625,True,2019-07-11T11:02:50Z,2020-02-19T04:08:02Z,,
50857,694,832,DE-CIX Mumbai: DE-CIX Mumbai Peering LAN,,100000,8075,True,2019-07-12T17:14:20Z,2021-08-27T07:00:18Z,,
50881,34456,832,DE-CIX Mumbai: DE-CIX Mumbai Peering LAN,,3000,147195,True,2019-07-15T12:49:03Z,2023-10-20T14:07:08Z,,
50985,1171,832,DE-CIX Mumbai: DE-CIX Mumbai Peering LAN,,10000,17660,True,2019-07-19T08:29:21Z,2025-05-08T05:18:10Z,,
51029,6494,832,DE-CIX Mumbai: DE-CIX Mumbai Peering LAN,,20000,14061,True,2019-07-22T11:43:41Z,2025-10-17T16:28:22Z,,
51122,10865,832,DE-CIX Mumbai: DE-CIX Mumbai Peering LAN,,1000,132518,True,2019-07-26T19:23:54Z,2020-02-19T04:08:02Z,,
51162,35475,832,DE-CIX Mumbai: DE-CIX Mumbai Peering LAN,,10000,23879,True,2019-07-30T04:32:30Z,2026-04-09T00:11:14Z,,
51163,35475,832,DE-CIX Mumbai: DE-CIX Mumbai Peering LAN,,10000,23879,True,2019-07-30T04:32:59Z,2026-04-09T00:11:14Z,,
51361,27639,832,DE-CIX Mumbai: DE-CIX Mumbai Peering LAN,,1000,135259,True,2019-08-08T16:48:35Z,2026-03-18T12:58:00Z,,
51533,12916,832,DE-CIX Mumbai: DE-CIX Mumbai Peering LAN,,3000,136280,True,2019-08-16T11:18:02Z,2026-06-09T13:07:34Z,,
51580,12967,832,DE-CIX Mumbai: DE-CIX Mumbai Peering LAN,,1000,135244,True,2019-08-19T10:44:18Z,2020-02-19T04:08:02Z,,
51619,20607,832,DE-CIX Mumbai: DE-CIX Mumbai Peering LAN,,10000,138716,True,2019-08-20T12:20:35Z,2020-02-19T04:08:02Z,,
51711,15294,832,DE-CIX Mumbai: DE-CIX Mumbai Peering LAN,,10000,136636,True,2019-08-23T12:18:45Z,2026-02-25T09:46:08Z,,
52045,2,832,DE-CIX Mumbai: DE-CIX Mumbai Peering LAN,,200000,20940,True,2019-09-09T09:56:15Z,2026-06-15T13:50:26Z,,
52115,435,832,DE-CIX Mumbai: DE-CIX Mumbai Peering LAN,,10000,703,True,2019-09-12T15:17:24Z,2020-02-19T04:08:02Z,,
52176,38934,832,DE-CIX Mumbai: DE-CIX Mumbai Peering LAN,,100000,153759,True,2019-09-17T07:42:35Z,2025-05-10T01:21:14Z,,
52279,24602,832,DE-CIX Mumbai: DE-CIX Mumbai Peering LAN,,10000,136306,True,2019-09-23T12:48:58Z,2026-07-18T16:25:34Z,,
52382,13652,832,DE-CIX Mumbai: DE-CIX Mumbai Peering LAN,,3000,135735,True,2019-09-27T15:42:02Z,2020-07-30T19:16:28Z,,
52446,21019,832,DE-CIX Mumbai: DE-CIX Mumbai Peering LAN,,3000,135766,True,2019-10-01T12:42:02Z,2021-10-27T17:00:21Z,,
52564,13708,832,DE-CIX Mumbai: DE-CIX Mumbai Peering LAN,,10000,55705,True,2019-10-06T18:18:28Z,2025-01-03T12:34:12Z,,
52831,30245,832,DE-CIX Mumbai: DE-CIX Mumbai Peering LAN,Ip address None was claimed by other netixlan,1000,149576,True,2019-10-18T19:28:06Z,2023-05-29T09:33:27Z,,
52940,7373,832,DE-CIX Mumbai: DE-CIX Mumbai Peering LAN,,10000,45884,True,2019-10-24T06:38:10Z,2026-01-19T05:45:56Z,,
52985,21264,832,DE-CIX Mumbai: DE-CIX Mumbai Peering LAN,,10240,138737,True,2019-10-27T10:23:39Z,2022-04-25T14:18:03Z,,
53129,15844,832,DE-CIX Mumbai: DE-CIX Mumbai Peering LAN,,100000,9829,True,2019-11-04T10:17:39Z,2020-10-17T05:38:40Z,,
53193,10681,832,DE-CIX Mumbai: DE-CIX Mumbai Peering LAN,,100000,133296,True,2019-11-06T17:53:00Z,2023-12-11T13:53:31Z,,
53407,9493,832,DE-CIX Mumbai: DE-CIX Mumbai Peering LAN,,10000,133255,True,2019-11-16T12:53:44Z,2020-06-26T10:37:04Z,,
53424,4782,832,DE-CIX Mumbai: DE-CIX Mumbai Peering LAN,,40000,32590,True,2019-11-18T06:25:33Z,2025-06-25T16:55:52Z,,
53522,8893,832,DE-CIX Mumbai: DE-CIX Mumbai Peering LAN,,1000,134053,False,2019-11-22T06:48:44Z,2026-06-25T04:04:36Z,,
53583,21495,832,DE-CIX Mumbai: DE-CIX Mumbai Peering LAN,,10000,132335,True,2019-11-25T11:55:38Z,2024-05-07T11:08:44Z,,
53894,14909,832,DE-CIX Mumbai: DE-CIX Mumbai Peering LAN,,10000,136716,True,2019-12-09T07:08:40Z,2026-04-16T15:03:26Z,,
54317,5499,832,DE-CIX Mumbai: DE-CIX Mumbai Peering LAN,,10000,199524,True,2019-12-17T13:02:37Z,2020-02-19T04:08:02Z,,
54398,17000,832,DE-CIX Mumbai: DE-CIX Mumbai Peering LAN,,10000,135851,True,2019-12-20T06:42:47Z,2020-02-19T04:08:02Z,,
54449,38934,832,DE-CIX Mumbai: DE-CIX Mumbai Peering LAN,,100000,153759,True,2019-12-23T18:30:27Z,2025-05-10T01:20:04Z,,
54474,32413,832,DE-CIX Mumbai: DE-CIX Mumbai Peering LAN,,3000,150630,True,2019-12-25T08:02:05Z,2023-03-01T11:10:20Z,,
54500,854,832,DE-CIX Mumbai: DE-CIX Mumbai Peering LAN,,10000,36692,True,2019-12-26T12:22:50Z,2023-03-16T15:39:00Z,,
54586,16017,832,DE-CIX Mumbai: DE-CIX Mumbai Peering LAN,,10000,135817,True,2020-01-03T02:56:05Z,2025-11-19T07:26:53Z,,
54622,34451,832,DE-CIX Mumbai: DE-CIX Mumbai Peering LAN,,3000,140128,True,2020-01-05T14:00:00Z,2023-10-20T06:21:18Z,,
54801,15583,832,DE-CIX Mumbai: DE-CIX Mumbai Peering LAN,,2048,136671,True,2020-01-13T11:42:36Z,2024-05-06T12:45:59Z,,
55004,4549,832,DE-CIX Mumbai: DE-CIX Mumbai Peering LAN,,0,36236,True,2020-01-22T06:18:58Z,2026-08-12T22:11:59Z,,
55025,22112,832,DE-CIX Mumbai: DE-CIX Mumbai Peering LAN,,1000,137150,True,2020-01-23T05:05:38Z,2020-02-19T04:08:02Z,,
55046,29627,832,DE-CIX Mumbai: DE-CIX Mumbai Peering LAN,,1000,149551,True,2020-01-24T14:42:11Z,2024-08-08T09:26:55Z,,
55081,13680,832,DE-CIX Mumbai: DE-CIX Mumbai Peering LAN,,10000,132602,False,2020-01-27T07:59:16Z,2024-07-17T09:55:24Z,,
55135,2328,832,DE-CIX Mumbai: DE-CIX Mumbai Peering LAN,Ip address None was claimed by other netixlan,20000,17806,True,2020-01-29T09:47:15Z,2023-08-26T09:08:51Z,,
55146,10681,832,DE-CIX Mumbai: DE-CIX Mumbai Peering LAN,,40000,133296,True,2020-01-29T13:29:24Z,2020-10-21T06:17:06Z,,
55159,1459,832,DE-CIX Mumbai: DE-CIX Mumbai Peering LAN,,50000,4637,True,2020-01-30T00:49:42Z,2026-04-15T09:30:27Z,,
55209,22191,832,DE-CIX Mumbai: DE-CIX Mumbai Peering LAN,,5000,138797,True,2020-02-01T07:57:05Z,2023-02-18T09:48:56Z,,
55219,10964,832,DE-CIX Mumbai: DE-CIX Mumbai Peering LAN,,100000,58717,True,2020-02-02T08:10:57Z,2026-01-29T17:03:59Z,,
55220,19838,832,DE-CIX Mumbai: DE-CIX Mumbai Peering LAN,,100000,132884,True,2020-02-02T08:11:56Z,2026-01-31T14:32:22Z,,
55232,38565,832,DE-CIX Mumbai: DE-CIX Mumbai Peering LAN,,10000,150623,True,2020-02-03T06:58:11Z,2026-07-02T19:35:06Z,,
55265,4125,832,DE-CIX Mumbai: DE-CIX Mumbai Peering LAN,,4096,55832,True,2020-02-04T06:08:19Z,2020-02-19T04:08:02Z,,
55378,11851,832,DE-CIX Mumbai: DE-CIX Mumbai Peering LAN,,5000,13150,True,2020-02-09T16:00:54Z,2023-12-11T07:02:42Z,,
55512,5520,832,DE-CIX Mumbai: DE-CIX Mumbai Peering LAN,,200000,54113,True,2020-02-14T02:16:38Z,2026-02-23T15:20:10Z,,
55622,694,832,DE-CIX Mumbai: DE-CIX Mumbai Peering LAN,,100000,8075,True,2020-02-18T22:59:43Z,2021-08-27T07:00:18Z,,
55759,5520,832,DE-CIX Mumbai: DE-CIX Mumbai Peering LAN,,200000,54113,True,2020-02-24T23:16:38Z,2026-02-23T15:20:11Z,,
55791,22100,832,DE-CIX Mumbai: DE-CIX Mumbai Peering LAN,,10000,137491,True,2020-02-26T09:46:14Z,2021-02-22T11:23:01Z,,
55925,22500,832,DE-CIX Mumbai: DE-CIX Mumbai Peering LAN,,1000,134880,True,2020-03-02T08:56:17Z,2020-03-02T08:56:17Z,,
56072,22562,832,DE-CIX Mumbai: DE-CIX Mumbai Peering LAN,,1024,134270,True,2020-03-06T10:46:58Z,2020-03-06T10:46:58Z,,
56099,14340,832,DE-CIX Mumbai: DE-CIX Mumbai Peering LAN,,10000,135834,True,2020-03-09T09:23:20Z,2020-03-09T09:23:52Z,,
56112,14082,832,DE-CIX Mumbai: DE-CIX Mumbai Peering LAN,,1000,135234,True,2020-03-09T14:06:15Z,2020-03-09T14:06:40Z,,
56439,28503,832,DE-CIX Mumbai: DE-CIX Mumbai Peering LAN,,1000,142490,True,2020-03-22T14:34:36Z,2025-07-12T08:08:18Z,,
56452,10335,832,DE-CIX Mumbai: DE-CIX Mumbai Peering LAN,,10000,133301,True,2020-03-23T10:54:07Z,2025-11-10T07:08:31Z,,
56673,22781,832,DE-CIX Mumbai: DE-CIX Mumbai Peering LAN,,1000,137159,True,2020-03-31T08:31:43Z,2020-03-31T08:31:43Z,,
56729,22677,832,DE-CIX Mumbai: DE-CIX Mumbai Peering LAN,,1000,132986,True,2020-04-01T04:42:17Z,2020-04-01T04:42:17Z,,
56759,22804,832,DE-CIX Mumbai: DE-CIX Mumbai Peering LAN,,10000,135239,True,2020-04-02T07:11:27Z,2025-02-28T09:32:41Z,,
56806,38924,832,DE-CIX Mumbai: DE-CIX Mumbai Peering LAN,,3000,152547,True,2020-04-03T08:50:19Z,2026-07-31T05:39:08Z,,
56869,22860,832,DE-CIX Mumbai: DE-CIX Mumbai Peering LAN,,1000,23772,True,2020-04-06T07:21:22Z,2020-04-06T07:21:22Z,,
56944,32961,832,DE-CIX Mumbai: DE-CIX Mumbai Peering LAN,,10000,141842,True,2020-04-08T07:58:13Z,2023-05-15T04:51:49Z,,
56959,38131,832,DE-CIX Mumbai: DE-CIX Mumbai Peering LAN,,10000,141805,True,2020-04-08T16:40:54Z,2026-04-04T18:06:24Z,,
56971,11494,832,DE-CIX Mumbai: DE-CIX Mumbai Peering LAN,,3000,133968,True,2020-04-09T08:56:26Z,2020-04-29T11:42:05Z,,
57047,16163,832,DE-CIX Mumbai: DE-CIX Mumbai Peering LAN,,10240,137166,True,2020-04-13T10:44:07Z,2022-03-05T11:26:48Z,,
57051,12510,832,DE-CIX Mumbai: DE-CIX Mumbai Peering LAN,,10240,131442,True,2020-04-13T11:16:51Z,2021-05-21T08:11:03Z,,
57227,17888,832,DE-CIX Mumbai: DE-CIX Mumbai Peering LAN,,1000,136377,True,2020-04-19T07:25:38Z,2021-07-01T18:30:59Z,,
57388,13613,832,DE-CIX Mumbai: DE-CIX Mumbai Peering LAN,,10000,132296,True,2020-04-24T18:19:29Z,2022-01-18T12:02:06Z,,
57472,25888,832,DE-CIX Mumbai: DE-CIX Mumbai Peering LAN,,10000,40934,True,2020-04-28T11:56:54Z,2024-04-17T17:24:26Z,,
57522,26833,832,DE-CIX Mumbai: DE-CIX Mumbai Peering LAN,,10000,141324,True,2020-04-29T09:13:05Z,2025-07-29T08:01:22Z,,
57531,11465,832,DE-CIX Mumbai: DE-CIX Mumbai Peering LAN,,3000,55734,True,2020-04-29T10:56:14Z,2020-04-29T10:56:14Z,,
57734,457,832,DE-CIX Mumbai: DE-CIX Mumbai Peering LAN,,100000,2906,True,2020-05-07T09:00:44Z,2020-05-14T21:23:13Z,,
57813,20325,832,DE-CIX Mumbai: DE-CIX Mumbai Peering LAN,,3000,135760,True,2020-05-11T08:46:58Z,2024-02-12T13:57:51Z,,
57973,14316,832,DE-CIX Mumbai: DE-CIX Mumbai Peering LAN,,20000,134937,True,2020-05-15T12:33:29Z,2025-07-16T14:29:04Z,,
58007,33744,832,DE-CIX Mumbai: DE-CIX Mumbai Peering LAN,,10000,150570,True,2020-05-18T11:19:28Z,2026-08-27T14:31:11Z,,
58075,9470,832,DE-CIX Mumbai: DE-CIX Mumbai Peering LAN,,10000,54994,True,2020-05-20T08:11:27Z,2021-04-30T08:03:24Z,,
58296,2536,832,DE-CIX Mumbai: DE-CIX Mumbai Peering LAN,,10000,9583,True,2020-05-31T14:44:23Z,2022-02-28T06:44:59Z,,
58316,12720,832,DE-CIX Mumbai: DE-CIX Mumbai Peering LAN,,10000,58725,True,2020-06-02T07:03:33Z,2026-01-28T16:03:24Z,,
58320,15000,832,DE-CIX Mumbai: DE-CIX Mumbai Peering LAN,,30720,133661,True,2020-06-02T12:04:15Z,2025-02-10T07:23:11Z,,
58550,38924,832,DE-CIX Mumbai: DE-CIX Mumbai Peering LAN,,1000,152547,True,2020-06-11T10:07:09Z,2026-07-31T05:39:08Z,,
58570,9669,832,DE-CIX Mumbai: DE-CIX Mumbai Peering LAN,,10000,133315,True,2020-06-11T18:34:09Z,2022-05-10T14:15:46Z,,
58586,27920,832,DE-CIX Mumbai: DE-CIX Mumbai Peering LAN,,3000,47583,True,2020-06-12T11:40:22Z,2024-06-05T07:56:04Z,,
58738,17909,832,DE-CIX Mumbai: DE-CIX Mumbai Peering LAN,,1000,137158,True,2020-06-18T05:18:51Z,2020-06-18T05:18:51Z,,
58877,11676,832,DE-CIX Mumbai: DE-CIX Mumbai Peering LAN,,3000,55507,True,2020-06-24T11:40:55Z,2020-11-16T06:22:00Z,,
58948,18277,832,DE-CIX Mumbai: DE-CIX Mumbai Peering LAN,,10000,137132,True,2020-06-27T12:11:27Z,2022-07-27T12:40:06Z,,
58962,17375,832,DE-CIX Mumbai: DE-CIX Mumbai Peering LAN,Ip address None was claimed by other netixlan,10000,134278,True,2020-06-28T19:04:25Z,2022-02-10T11:56:51Z,,
59131,15367,832,DE-CIX Mumbai: DE-CIX Mumbai Peering LAN,,1024,135845,True,2020-07-03T19:03:30Z,2020-07-03T19:03:30Z,,
59224,12117,832,DE-CIX Mumbai: DE-CIX Mumbai Peering LAN,,2000,134262,True,2020-07-07T09:08:20Z,2025-03-13T16:28:57Z,,
59286,30784,832,DE-CIX Mumbai: DE-CIX Mumbai Peering LAN,,10000,58778,True,2020-07-08T15:57:10Z,2022-08-23T10:20:52Z,,
59404,17331,832,DE-CIX Mumbai: DE-CIX Mumbai Peering LAN,,10000,134041,True,2020-07-13T15:22:03Z,2026-06-27T13:48:26Z,,
59425,30884,832,DE-CIX Mumbai: DE-CIX Mumbai Peering LAN,,1024,135728,True,2020-07-14T10:17:35Z,2022-09-02T08:20:00Z,,
59494,16906,832,DE-CIX Mumbai: DE-CIX Mumbai Peering LAN,,10000,135269,True,2020-07-16T16:40:08Z,2020-07-16T16:40:08Z,,
59511,23961,832,DE-CIX Mumbai: DE-CIX Mumbai Peering LAN,,10000,138317,True,2020-07-17T08:11:41Z,2022-02-01T15:04:36Z,,
59529,22879,832,DE-CIX Mumbai: DE-CIX Mumbai Peering LAN,,5000,140158,True,2020-07-18T10:30:30Z,2025-04-25T09:14:34Z,,
59599,4837,832,DE-CIX Mumbai: DE-CIX Mumbai Peering LAN,,10000,18229,True,2020-07-21T05:41:16Z,2024-12-10T12:30:36Z,,
59611,36633,832,DE-CIX Mumbai: DE-CIX Mumbai Peering LAN,,5000,150063,True,2020-07-21T11:29:47Z,2024-06-30T13:07:05Z,,
59895,18765,832,DE-CIX Mumbai: DE-CIX Mumbai Peering LAN,,1024,137135,True,2020-07-31T11:58:54Z,2020-07-31T11:58:54Z,,
59898,15529,832,DE-CIX Mumbai: DE-CIX Mumbai Peering LAN,,10000,136284,True,2020-07-31T12:22:52Z,2020-07-31T12:22:52Z,,
59918,24121,832,DE-CIX Mumbai: DE-CIX Mumbai Peering LAN,,1000,140122,True,2020-08-01T13:33:51Z,2020-08-01T13:38:19Z,,
59922,39175,832,DE-CIX Mumbai: DE-CIX Mumbai Peering LAN,,10000,152573,True,2020-08-01T15:18:01Z,2025-04-29T17:03:12Z,,
59952,24482,832,DE-CIX Mumbai: DE-CIX Mumbai Peering LAN,,1024,133241,True,2020-08-03T06:37:12Z,2020-09-04T14:34:39Z,,
59956,15706,832,DE-CIX Mumbai: DE-CIX Mumbai Peering LAN,,1000,136311,True,2020-08-03T07:33:07Z,2020-08-03T07:33:07Z,,
60065,9975,832,DE-CIX Mumbai: DE-CIX Mumbai Peering LAN,,10240,56268,True,2020-08-07T06:39:07Z,2020-08-07T06:39:07Z,,
60187,9355,832,DE-CIX Mumbai: DE-CIX Mumbai Peering LAN,,20000,23860,True,2020-08-12T10:47:54Z,2026-07-11T08:11:20Z,,
60286,3608,832,DE-CIX Mumbai: DE-CIX Mumbai Peering LAN,,1000,24482,True,2020-08-14T14:55:45Z,2020-08-14T14:55:46Z,,
60314,14152,832,DE-CIX Mumbai: DE-CIX Mumbai Peering LAN,,2000,135844,True,2020-08-15T18:34:43Z,2021-04-27T15:28:16Z,,
60330,15870,832,DE-CIX Mumbai: DE-CIX Mumbai Peering LAN,,5000,133692,True,2020-08-17T06:12:49Z,2024-07-30T06:05:37Z,,
60331,3115,832,DE-CIX Mumbai: DE-CIX Mumbai Peering LAN,,10000,45845,True,2020-08-17T06:56:44Z,2020-08-17T06:56:45Z,,
60377,28758,832,DE-CIX Mumbai: DE-CIX Mumbai Peering LAN,,10000,141804,True,2020-08-18T14:35:47Z,2023-01-21T08:31:45Z,,
60629,14578,832,DE-CIX Mumbai: DE-CIX Mumbai Peering LAN,,100000,22697,True,2020-08-28T18:23:20Z,2025-04-18T00:36:39Z,,
60638,11948,832,DE-CIX Mumbai: DE-CIX Mumbai Peering LAN,,10000,55814,True,2020-08-29T05:28:24Z,2023-10-18T10:30:33Z,,
60663,34066,832,DE-CIX Mumbai: DE-CIX Mumbai Peering LAN,,2000,149223,True,2020-08-31T11:53:49Z,2023-09-30T10:14:19Z,,
60680,12932,832,DE-CIX Mumbai: DE-CIX Mumbai Peering LAN,,10000,23682,True,2020-09-01T07:30:34Z,2020-09-01T07:30:34Z,,
60732,28672,832,DE-CIX Mumbai: DE-CIX Mumbai Peering LAN,,10000,135782,True,2020-09-03T04:07:05Z,2022-09-17T05:59:17Z,,
60782,24414,832,DE-CIX Mumbai: DE-CIX Mumbai Peering LAN,,10000,132447,True,2020-09-05T04:48:11Z,2025-01-31T15:36:57Z,,
60783,23126,832,DE-CIX Mumbai: DE-CIX Mumbai Peering LAN,,1000,135206,True,2020-09-05T11:04:48Z,2024-04-02T07:55:47Z,,
60791,5666,832,DE-CIX Mumbai: DE-CIX Mumbai Peering LAN,,20000,58715,True,2020-09-06T08:21:36Z,2023-05-29T12:59:43Z,,
60821,15930,832,DE-CIX Mumbai: DE-CIX Mumbai Peering LAN,,30000,136625,True,2020-09-08T14:21:39Z,2026-06-25T08:55:34Z,,
60858,11518,832,DE-CIX Mumbai: DE-CIX Mumbai Peering LAN,,10000,135171,True,2020-09-09T18:41:41Z,2026-02-17T17:17:45Z,,
60871,36604,832,DE-CIX Mumbai: DE-CIX Mumbai Peering LAN,,1000,132523,True,2020-09-10T05:49:00Z,2024-07-04T04:29:06Z,,
60877,15789,832,DE-CIX Mumbai: DE-CIX Mumbai Peering LAN,,20000,45489,True,2020-09-10T09:52:06Z,2025-11-17T06:29:01Z,,
60993,10804,832,DE-CIX Mumbai: DE-CIX Mumbai Peering LAN,,1024,132935,True,2020-09-16T05:27:38Z,2020-09-16T05:27:38Z,,
61031,34109,832,DE-CIX Mumbai: DE-CIX Mumbai Peering LAN,,1000,151767,True,2020-09-17T17:07:25Z,2023-09-20T12:51:37Z,,
61040,29588,832,DE-CIX Mumbai: DE-CIX Mumbai Peering LAN,,10000,137090,True,2020-09-18T06:18:26Z,2023-03-14T02:10:00Z,,
61041,24168,832,DE-CIX Mumbai: DE-CIX Mumbai Peering LAN,,10000,58065,True,2020-09-18T10:56:35Z,2020-09-18T10:56:35Z,,
61196,40552,832,DE-CIX Mumbai: DE-CIX Mumbai Peering LAN,,10000,135364,True,2020-09-27T01:53:13Z,2025-10-31T12:55:56Z,,
61279,12807,832,DE-CIX Mumbai: DE-CIX Mumbai Peering LAN,,2000,135863,True,2020-09-30T10:53:41Z,2024-02-13T20:31:51Z,,
61284,27632,832,DE-CIX Mumbai: DE-CIX Mumbai Peering LAN,Ip address None was claimed by other netixlan,10000,141532,True,2020-09-30T14:48:29Z,2022-01-28T02:56:50Z,,
61323,24762,832,DE-CIX Mumbai: DE-CIX Mumbai Peering LAN,,1000,139559,True,2020-10-02T03:19:33Z,2020-10-02T03:19:33Z,,
61438,10506,832,DE-CIX Mumbai: DE-CIX Mumbai Peering LAN,,1000,134929,True,2020-10-09T08:33:47Z,2020-10-09T08:33:47Z,,
61485,24848,832,DE-CIX Mumbai: DE-CIX Mumbai Peering LAN,,10000,140189,True,2020-10-12T04:07:43Z,2023-02-20T17:13:05Z,,
61490,36817,832,DE-CIX Mumbai: DE-CIX Mumbai Peering LAN,,3000,152499,True,2020-10-12T09:17:52Z,2024-09-29T10:41:02Z,,
61515,39289,832,DE-CIX Mumbai: DE-CIX Mumbai Peering LAN,,10000,199404,True,2020-10-13T10:06:38Z,2025-11-06T23:08:56Z,,
61618,8355,832,DE-CIX Mumbai: DE-CIX Mumbai Peering LAN,,1000,133658,True,2020-10-16T06:51:44Z,2020-10-16T06:51:44Z,,
61656,21718,832,DE-CIX Mumbai: DE-CIX Mumbai Peering LAN,,1000,138717,True,2020-10-19T09:44:06Z,2020-10-19T09:44:06Z,,
61677,24938,832,DE-CIX Mumbai: DE-CIX Mumbai Peering LAN,,2000,45469,True,2020-10-20T05:18:57Z,2025-05-29T09:51:17Z,,
61756,24927,832,DE-CIX Mumbai: DE-CIX Mumbai Peering LAN,,10000,139521,True,2020-10-22T12:38:29Z,2024-05-08T20:18:11Z,,
61766,14876,832,DE-CIX Mumbai: DE-CIX Mumbai Peering LAN,,10000,136902,True,2020-10-23T06:58:53Z,2024-11-07T23:54:00Z,,
61804,24962,832,DE-CIX Mumbai: DE-CIX Mumbai Peering LAN,,10000,141202,True,2020-10-24T14:55:46Z,2020-10-24T14:55:46Z,,
61810,24285,832,DE-CIX Mumbai: DE-CIX Mumbai Peering LAN,,10000,141014,True,2020-10-25T19:05:04Z,2021-06-18T07:15:16Z,,
61848,23839,832,DE-CIX Mumbai: DE-CIX Mumbai Peering LAN,,1024,140166,True,2020-10-27T11:54:03Z,2020-10-27T11:54:32Z,,
61934,1595,832,DE-CIX Mumbai: DE-CIX Mumbai Peering LAN,,100000,10075,True,2020-10-30T15:14:27Z,2023-07-10T09:57:48Z,,
61935,15769,832,DE-CIX Mumbai: DE-CIX Mumbai Peering LAN,,1000,136699,True,2020-10-30T17:25:05Z,2020-10-30T17:28:16Z,,
61956,25427,832,DE-CIX Mumbai: DE-CIX Mumbai Peering LAN,,1000,133986,True,2020-11-01T17:50:45Z,2022-07-07T07:25:13Z,,
62055,10474,832,DE-CIX Mumbai: DE-CIX Mumbai Peering LAN,,10000,134939,True,2020-11-06T13:45:44Z,2020-11-26T20:54:53Z,,
62056,25098,832,DE-CIX Mumbai: DE-CIX Mumbai Peering LAN,,1000,141241,True,2020-11-06T14:12:01Z,2020-11-06T14:12:01Z,,
62175,4317,832,DE-CIX Mumbai: DE-CIX Mumbai Peering LAN,,10000,55352,True,2020-11-12T04:38:29Z,2020-11-12T04:38:29Z,,
62234,10477,832,DE-CIX Mumbai: DE-CIX Mumbai Peering LAN,,70000,133287,True,2020-11-13T07:12:03Z,2022-12-19T08:57:08Z,,
62240,25156,832,DE-CIX Mumbai: DE-CIX Mumbai Peering LAN,,1000,134005,True,2020-11-13T11:03:21Z,2020-11-13T11:03:21Z,,
62491,25180,832,DE-CIX Mumbai: DE-CIX Mumbai Peering LAN,,1000,137128,True,2020-11-17T14:15:46Z,2020-11-17T14:15:47Z,,
62551,4581,832,DE-CIX Mumbai: DE-CIX Mumbai Peering LAN,,10000,55879,True,2020-11-18T10:00:22Z,2020-11-18T10:00:22Z,,
62701,25209,832,DE-CIX Mumbai: DE-CIX Mumbai Peering LAN,,1000,133641,True,2020-11-20T09:26:16Z,2020-11-20T09:26:16Z,,
62756,7152,832,DE-CIX Mumbai: DE-CIX Mumbai Peering LAN,,20000,45356,True,2020-11-20T19:23:17Z,2026-03-09T05:32:19Z,,
62795,25226,832,DE-CIX Mumbai: DE-CIX Mumbai Peering LAN,,10000,140129,True,2020-11-23T12:28:12Z,2020-11-23T12:28:12Z,,
62820,16355,832,DE-CIX Mumbai: DE-CIX Mumbai Peering LAN,,2000,136665,True,2020-11-24T13:51:47Z,2021-07-11T15:30:32Z,,
62937,25219,832,DE-CIX Mumbai: DE-CIX Mumbai Peering LAN,,10000,141253,True,2020-11-27T08:43:18Z,2021-11-05T16:14:25Z,,
63346,25424,832,DE-CIX Mumbai: DE-CIX Mumbai Peering LAN,,1000,138243,True,2020-12-13T16:11:59Z,2020-12-13T16:13:10Z,,
63487,25162,832,DE-CIX Mumbai: DE-CIX Mumbai Peering LAN,,10000,137000,True,2020-12-21T10:16:24Z,2022-12-15T02:17:01Z,,
63489,28195,832,DE-CIX Mumbai: DE-CIX Mumbai Peering LAN,,10000,146908,True,2020-12-21T10:22:58Z,2026-02-26T08:17:06Z,,
63507,25508,832,DE-CIX Mumbai: DE-CIX Mumbai Peering LAN,,1024,140181,True,2020-12-22T05:49:34Z,2020-12-22T05:49:34Z,,
63513,25383,832,DE-CIX Mumbai: DE-CIX Mumbai Peering LAN,,1024,133304,True,2020-12-22T10:03:50Z,2021-01-02T14:29:54Z,,
63547,41207,832,DE-CIX Mumbai: DE-CIX Mumbai Peering LAN,,10000,153252,True,2020-12-23T08:40:10Z,2026-02-17T18:51:19Z,,
63607,25552,832,DE-CIX Mumbai: DE-CIX Mumbai Peering LAN,,1000,137099,True,2020-12-28T12:41:35Z,2020-12-28T12:41:35Z,,
63624,41139,832,DE-CIX Mumbai: DE-CIX Mumbai Peering LAN,,10000,154239,True,2020-12-29T10:51:07Z,2025-12-26T05:53:48Z,,
63643,25573,832,DE-CIX Mumbai: DE-CIX Mumbai Peering LAN,,1024,136649,True,2020-12-30T10:47:50Z,2020-12-30T10:47:50Z,,
63648,13708,832,DE-CIX Mumbai: DE-CIX Mumbai Peering LAN,Ip address None was claimed by other netixlan,10000,55705,True,2020-12-30T13:37:02Z,2025-01-03T12:34:13Z,,
63673,25577,832,DE-CIX Mumbai: DE-CIX Mumbai Peering LAN,,3072,135824,True,2020-12-31T07:30:16Z,2025-08-21T16:10:06Z,,
63676,25428,832,DE-CIX Mumbai: DE-CIX Mumbai Peering LAN,,3000,139518,True,2020-12-31T13:50:04Z,2021-01-25T18:28:21Z,,
63692,2159,832,DE-CIX Mumbai: DE-CIX Mumbai Peering LAN,Ip address None was claimed by other netixlan,10000,29802,True,2021-01-03T06:24:56Z,2023-03-08T13:58:16Z,,
63712,27908,832,DE-CIX Mumbai: DE-CIX Mumbai Peering LAN,,10000,141834,True,2021-01-04T17:49:55Z,2024-08-06T12:31:31Z,,
63797,25631,832,DE-CIX Mumbai: DE-CIX Mumbai Peering LAN,,1024,140191,True,2021-01-08T13:34:03Z,2021-01-09T06:35:06Z,,
63820,8394,832,DE-CIX Mumbai: DE-CIX Mumbai Peering LAN,,10000,56209,True,2021-01-09T17:01:22Z,2023-10-19T12:36:28Z,,
63883,25666,832,DE-CIX Mumbai: DE-CIX Mumbai Peering LAN,,1000,141337,True,2021-01-13T06:45:14Z,2021-01-13T06:45:14Z,,
64067,25738,832,DE-CIX Mumbai: DE-CIX Mumbai Peering LAN,,1000,139552,True,2021-01-21T13:41:42Z,2021-01-21T13:41:42Z,,
64291,12594,832,DE-CIX Mumbai: DE-CIX Mumbai Peering LAN,,10000,135530,True,2021-02-01T08:08:29Z,2026-05-13T02:31:46Z,,
64300,24658,832,DE-CIX Mumbai: DE-CIX Mumbai Peering LAN,,1000,140133,True,2021-02-01T13:03:42Z,2026-03-17T11:00:37Z,,
64307,6020,832,DE-CIX Mumbai: DE-CIX Mumbai Peering LAN,,10000,16552,True,2021-02-01T15:44:41Z,2021-02-01T15:44:41Z,,
64351,34428,832,DE-CIX Mumbai: DE-CIX Mumbai Peering LAN,,1000,151764,True,2021-02-03T04:57:25Z,2025-11-19T09:48:43Z,,
64357,10569,832,DE-CIX Mumbai: DE-CIX Mumbai Peering LAN,,100000,35280,True,2021-02-03T10:18:30Z,2023-08-30T03:05:59Z,,
64362,30613,832,DE-CIX Mumbai: DE-CIX Mumbai Peering LAN,,10000,149781,True,2021-02-03T12:51:59Z,2025-04-13T11:50:13Z,,
64363,38840,832,DE-CIX Mumbai: DE-CIX Mumbai Peering LAN,,10000,138776,True,2021-02-03T12:52:29Z,2025-03-26T06:03:53Z,,
64428,25864,832,DE-CIX Mumbai: DE-CIX Mumbai Peering LAN,,3000,135775,True,2021-02-05T08:43:18Z,2023-06-09T07:25:13Z,,
64579,25927,832,DE-CIX Mumbai: DE-CIX Mumbai Peering LAN,,1000,138283,True,2021-02-11T06:14:13Z,2021-02-11T06:14:13Z,,
64585,25975,832,DE-CIX Mumbai: DE-CIX Mumbai Peering LAN,,1000,132570,True,2021-02-11T09:04:21Z,2021-02-11T09:04:21Z,,
64620,41632,832,DE-CIX Mumbai: DE-CIX Mumbai Peering LAN,,6000,154192,True,2021-02-12T06:23:47Z,2026-02-21T07:12:15Z,,
64623,15968,832,DE-CIX Mumbai: DE-CIX Mumbai Peering LAN,,10000,137083,True,2021-02-12T07:47:50Z,2024-08-17T02:41:21Z,,
64646,11526,832,DE-CIX Mumbai: DE-CIX Mumbai Peering LAN,,1024,135207,True,2021-02-13T07:56:10Z,2021-02-13T07:56:22Z,,
64741,16271,832,DE-CIX Mumbai: DE-CIX Mumbai Peering LAN,,10000,136956,True,2021-02-18T09:58:58Z,2024-02-27T22:09:36Z,,
64770,2,832,DE-CIX Mumbai: DE-CIX Mumbai Peering LAN,,100000,20940,True,2021-02-19T07:20:06Z,2026-03-11T11:06:07Z,,
64776,21435,832,DE-CIX Mumbai: DE-CIX Mumbai Peering LAN,,3000,139547,True,2021-02-19T10:55:17Z,2022-04-05T13:45:05Z,,
64812,26072,832,DE-CIX Mumbai: DE-CIX Mumbai Peering LAN,,1000,139508,True,2021-02-22T10:22:05Z,2021-02-22T10:22:05Z,,
64882,13098,832,DE-CIX Mumbai: DE-CIX Mumbai Peering LAN,,10000,14630,True,2021-02-24T07:20:56Z,2021-02-24T07:20:56Z,,
64939,26093,832,DE-CIX Mumbai: DE-CIX Mumbai Peering LAN,,1000,141334,True,2021-02-26T15:01:42Z,2021-02-26T15:01:42Z,,
65016,24552,832,DE-CIX Mumbai: DE-CIX Mumbai Peering LAN,,10000,140148,True,2021-03-02T16:49:14Z,2025-03-13T14:56:19Z,,
65032,16271,832,DE-CIX Mumbai: DE-CIX Mumbai Peering LAN,,100000,136956,True,2021-03-03T06:47:30Z,2026-05-28T00:37:52Z,,
65038,31466,832,DE-CIX Mumbai: DE-CIX Mumbai Peering LAN,,1000,150021,True,2021-03-03T09:34:03Z,2025-03-15T18:23:13Z,,
65272,26232,832,DE-CIX Mumbai: DE-CIX Mumbai Peering LAN,,1000,208006,True,2021-03-11T09:51:16Z,2021-03-11T09:52:43Z,,
65275,20182,832,DE-CIX Mumbai: DE-CIX Mumbai Peering LAN,,1024,138764,True,2021-03-11T12:56:08Z,2021-03-11T12:56:08Z,,
65379,15784,832,DE-CIX Mumbai: DE-CIX Mumbai Peering LAN,,3000,135848,True,2021-03-16T02:47:07Z,2024-04-26T05:52:51Z,,
65380,26270,832,DE-CIX Mumbai: DE-CIX Mumbai Peering LAN,,1024,141540,True,2021-03-16T03:03:17Z,2021-03-16T03:03:17Z,,
65451,10670,832,DE-CIX Mumbai: DE-CIX Mumbai Peering LAN,,100000,55256,True,2021-03-18T05:09:05Z,2026-03-13T22:44:12Z,,
65502,26190,832,DE-CIX Mumbai: DE-CIX Mumbai Peering LAN,,1000,141493,True,2021-03-19T16:37:38Z,2021-03-19T16:37:38Z,,
65517,33417,832,DE-CIX Mumbai: DE-CIX Mumbai Peering LAN,,10000,1433,True,2021-03-20T16:56:15Z,2023-07-04T11:29:28Z,,
65526,5489,832,DE-CIX Mumbai: DE-CIX Mumbai Peering LAN,,3072,55947,True,2021-03-21T05:44:28Z,2021-03-21T05:44:28Z,,
65550,28401,832,DE-CIX Mumbai: DE-CIX Mumbai Peering LAN,,30000,146872,True,2021-03-22T12:18:06Z,2021-11-02T08:09:59Z,,
65599,31420,832,DE-CIX Mumbai: DE-CIX Mumbai Peering LAN,,1000,150096,True,2021-03-24T04:01:54Z,2024-07-04T07:42:01Z,,
65600,26323,832,DE-CIX Mumbai: DE-CIX Mumbai Peering LAN,,1000,136721,True,2021-03-24T04:15:12Z,2021-03-24T04:15:12Z,,
65607,26359,832,DE-CIX Mumbai: DE-CIX Mumbai Peering LAN,,1024,141869,True,2021-03-24T07:47:58Z,2021-03-24T07:47:58Z,,
65618,26360,832,DE-CIX Mumbai: DE-CIX Mumbai Peering LAN,,1024,141562,True,2021-03-24T11:41:30Z,2021-03-24T11:41:30Z,,
65622,12698,832,DE-CIX Mumbai: DE-CIX Mumbai Peering LAN,,2000,134858,True,2021-03-24T14:49:30Z,2026-08-09T17:55:21Z,,
65623,21313,832,DE-CIX Mumbai: DE-CIX Mumbai Peering LAN,,10000,134863,True,2021-03-24T15:01:18Z,2021-09-23T07:49:39Z,,
65625,39108,832,DE-CIX Mumbai: DE-CIX Mumbai Peering LAN,,10000,138251,True,2021-03-24T15:17:18Z,2026-07-12T10:53:52Z,,
65841,26313,832,DE-CIX Mumbai: DE-CIX Mumbai Peering LAN,,10000,138726,True,2021-03-31T09:34:06Z,2023-06-10T05:02:40Z,,
66337,26371,832,DE-CIX Mumbai: DE-CIX Mumbai Peering LAN,,1024,134862,True,2021-04-14T06:00:39Z,2021-04-14T06:00:39Z,,
66426,16943,832,DE-CIX Mumbai: DE-CIX Mumbai Peering LAN,,10000,136336,True,2021-04-16T07:02:55Z,2023-07-08T11:55:07Z,,
66649,26638,832,DE-CIX Mumbai: DE-CIX Mumbai Peering LAN,,10000,141858,True,2021-04-23T10:09:35Z,2023-09-25T13:41:00Z,,
67065,26694,832,DE-CIX Mumbai: DE-CIX Mumbai Peering LAN,,1000,140159,True,2021-05-10T12:34:09Z,2021-05-19T11:22:39Z,,
67084,26902,832,DE-CIX Mumbai: DE-CIX Mumbai Peering LAN,,10240,136654,True,2021-05-11T07:49:47Z,2021-11-29T12:17:36Z,,
67241,26929,832,DE-CIX Mumbai: DE-CIX Mumbai Peering LAN,,10000,135858,True,2021-05-17T14:49:39Z,2026-08-18T18:51:29Z,,
67242,26929,832,DE-CIX Mumbai: DE-CIX Mumbai Peering LAN,,10000,135858,True,2021-05-17T14:50:12Z,2026-08-18T18:51:30Z,,
67256,6460,832,DE-CIX Mumbai: DE-CIX Mumbai Peering LAN,,10000,2635,True,2021-05-17T22:04:41Z,2026-07-07T16:39:39Z,,
67372,26873,832,DE-CIX Mumbai: DE-CIX Mumbai Peering LAN,,10000,140151,True,2021-05-21T13:12:48Z,2021-08-03T16:16:50Z,,
67375,19408,832,DE-CIX Mumbai: DE-CIX Mumbai Peering LAN,,3000,137125,True,2021-05-21T14:49:30Z,2026-04-27T11:54:43Z,,
67414,3525,832,DE-CIX Mumbai: DE-CIX Mumbai Peering LAN,,10000,7642,True,2021-05-23T14:43:51Z,2021-05-23T14:43:51Z,,
67423,10525,832,DE-CIX Mumbai: DE-CIX Mumbai Peering LAN,,10000,132960,True,2021-05-24T05:39:21Z,2022-09-30T04:12:30Z,,
67482,29881,832,DE-CIX Mumbai: DE-CIX Mumbai Peering LAN,,10000,139560,True,2021-05-26T08:59:55Z,2022-11-14T06:45:29Z,,
67594,34243,832,DE-CIX Mumbai: DE-CIX Mumbai Peering LAN,,10000,135709,True,2021-05-29T09:59:56Z,2024-12-12T09:45:22Z,,
67601,26641,832,DE-CIX Mumbai: DE-CIX Mumbai Peering LAN,,5000,137594,True,2021-05-30T05:42:31Z,2026-03-10T16:45:31Z,,
67604,20345,832,DE-CIX Mumbai: DE-CIX Mumbai Peering LAN,,10000,134933,True,2021-05-30T08:42:14Z,2021-09-10T18:53:11Z,,
67846,763,832,DE-CIX Mumbai: DE-CIX Mumbai Peering LAN,,50000,8966,True,2021-06-11T07:29:51Z,2024-10-31T10:30:42Z,,
67852,17903,832,DE-CIX Mumbai: DE-CIX Mumbai Peering LAN,,10000,133971,True,2021-06-11T09:07:54Z,2021-11-28T07:56:47Z,,
68008,22373,832,DE-CIX Mumbai: DE-CIX Mumbai Peering LAN,,40000,138754,True,2021-06-18T07:56:09Z,2023-11-01T10:34:29Z,,
68095,27225,832,DE-CIX Mumbai: DE-CIX Mumbai Peering LAN,,10240,141497,True,2021-06-22T06:59:47Z,2021-06-22T06:59:47Z,,
68150,22491,832,DE-CIX Mumbai: DE-CIX Mumbai Peering LAN,,2000,138316,True,2021-06-23T16:08:42Z,2021-06-23T16:08:42Z,,
68152,22491,832,DE-CIX Mumbai: DE-CIX Mumbai Peering LAN,,2000,138316,True,2021-06-23T17:14:38Z,2021-06-23T17:14:57Z,,
68346,27165,832,DE-CIX Mumbai: DE-CIX Mumbai Peering LAN,,10000,140134,True,2021-07-01T06:36:19Z,2021-07-01T06:36:20Z,,
68390,24640,832,DE-CIX Mumbai: DE-CIX Mumbai Peering LAN,,10000,135188,True,2021-07-02T09:37:08Z,2024-03-22T11:17:31Z,,
68468,26304,832,DE-CIX Mumbai: DE-CIX Mumbai Peering LAN,,4000,141510,True,2021-07-06T07:23:21Z,2024-06-01T05:26:59Z,,
68767,27471,832,DE-CIX Mumbai: DE-CIX Mumbai Peering LAN,,10000,137127,True,2021-07-17T10:53:18Z,2026-03-25T18:06:46Z,,
68859,26978,832,DE-CIX Mumbai: DE-CIX Mumbai Peering LAN,,10000,139009,True,2021-07-19T14:08:52Z,2021-07-19T14:08:52Z,,
68995,11081,832,DE-CIX Mumbai: DE-CIX Mumbai Peering LAN,,10000,133300,True,2021-07-23T15:44:46Z,2022-08-09T04:54:42Z,,
69048,42348,832,DE-CIX Mumbai: DE-CIX Mumbai Peering LAN,,1000,146888,True,2021-07-27T09:53:04Z,2026-07-01T19:31:51Z,,
69079,27549,832,DE-CIX Mumbai: DE-CIX Mumbai Peering LAN,,1000,142506,True,2021-07-28T08:19:15Z,2021-07-28T08:19:15Z,,
69112,26932,832,DE-CIX Mumbai: DE-CIX Mumbai Peering LAN,,5000,141275,True,2021-07-29T05:58:09Z,2026-06-13T09:14:29Z,,
69176,14755,832,DE-CIX Mumbai: DE-CIX Mumbai Peering LAN,,1000,136358,True,2021-08-01T05:19:50Z,2021-08-01T05:19:50Z,,
69241,27586,832,DE-CIX Mumbai: DE-CIX Mumbai Peering LAN,,10000,142453,True,2021-08-02T06:40:48Z,2021-10-22T15:50:59Z,,
69633,39621,832,DE-CIX Mumbai: DE-CIX Mumbai Peering LAN,,10000,146943,True,2021-08-19T10:25:13Z,2026-06-29T06:56:57Z,,
69847,14578,832,DE-CIX Mumbai: DE-CIX Mumbai Peering LAN,,100000,22697,True,2021-08-30T08:52:30Z,2025-04-18T00:36:39Z,,
69882,12192,832,DE-CIX Mumbai: DE-CIX Mumbai Peering LAN,,10000,132566,True,2021-08-31T14:43:02Z,2021-09-13T05:20:39Z,,
69953,27889,832,DE-CIX Mumbai: DE-CIX Mumbai Peering LAN,,1000,138254,True,2021-09-03T06:24:23Z,2021-09-03T06:24:23Z,,
70050,5219,832,DE-CIX Mumbai: DE-CIX Mumbai Peering LAN,,10000,109,True,2021-09-09T09:46:24Z,2025-10-08T14:38:15Z,,
70243,16389,832,DE-CIX Mumbai: DE-CIX Mumbai Peering LAN,,10000,137095,True,2021-09-20T12:36:05Z,2026-03-31T05:32:40Z,,
70323,28039,832,DE-CIX Mumbai: DE-CIX Mumbai Peering LAN,,2000,146890,True,2021-09-23T06:21:22Z,2022-12-14T08:52:41Z,,
70332,13752,832,DE-CIX Mumbai: DE-CIX Mumbai Peering LAN,,10000,135826,True,2021-09-23T09:40:37Z,2021-09-24T05:37:54Z,,
70350,28069,832,DE-CIX Mumbai: DE-CIX Mumbai Peering LAN,,10000,141840,True,2021-09-24T05:19:59Z,2025-05-22T08:44:37Z,,
70356,28060,832,DE-CIX Mumbai: DE-CIX Mumbai Peering LAN,,5000,146932,True,2021-09-24T10:14:52Z,2026-04-21T07:28:05Z,,
70675,15211,832,DE-CIX Mumbai: DE-CIX Mumbai Peering LAN,,10000,134922,True,2021-10-11T12:48:24Z,2026-06-04T06:57:09Z,,
70676,7475,832,DE-CIX Mumbai: DE-CIX Mumbai Peering LAN,,30000,133717,True,2021-10-11T13:01:04Z,2021-11-25T09:10:20Z,,
70693,28118,832,DE-CIX Mumbai: DE-CIX Mumbai Peering LAN,,1000,141449,True,2021-10-12T14:14:39Z,2021-10-12T14:15:12Z,,
70744,28248,832,DE-CIX Mumbai: DE-CIX Mumbai Peering LAN,,1000,135422,True,2021-10-14T16:38:26Z,2021-10-14T16:38:26Z,,
70854,26475,832,DE-CIX Mumbai: DE-CIX Mumbai Peering LAN,,1000,137103,True,2021-10-20T09:13:41Z,2024-01-16T06:29:37Z,,
71022,16233,832,DE-CIX Mumbai: DE-CIX Mumbai Peering LAN,,10000,136373,True,2021-10-28T09:00:34Z,2026-06-03T11:34:28Z,,
71638,28649,832,DE-CIX Mumbai: DE-CIX Mumbai Peering LAN,,3000,138783,True,2021-11-24T21:34:45Z,2021-12-07T07:45:57Z,,
71721,35867,832,DE-CIX Mumbai: DE-CIX Mumbai Peering LAN,,10000,152565,True,2021-11-29T06:51:14Z,2024-07-11T17:13:03Z,,
71834,24126,832,DE-CIX Mumbai: DE-CIX Mumbai Peering LAN,,2000,49121,True,2021-12-06T11:16:37Z,2021-12-06T11:16:37Z,,
71906,32985,832,DE-CIX Mumbai: DE-CIX Mumbai Peering LAN,,3000,140113,True,2021-12-08T16:02:24Z,2023-05-01T18:03:46Z,,
71939,11527,832,DE-CIX Mumbai: DE-CIX Mumbai Peering LAN,,10000,135686,True,2021-12-10T06:59:25Z,2022-03-25T08:56:01Z,,
72089,26071,832,DE-CIX Mumbai: DE-CIX Mumbai Peering LAN,,2000,141339,True,2021-12-20T08:51:45Z,2024-03-05T11:35:49Z,,
72112,6531,832,DE-CIX Mumbai: DE-CIX Mumbai Peering LAN,,100000,58682,True,2021-12-21T16:55:26Z,2023-01-26T06:36:52Z,,
72159,20640,832,DE-CIX Mumbai: DE-CIX Mumbai Peering LAN,,3000,139195,True,2021-12-23T13:58:53Z,2021-12-23T13:58:53Z,,
72341,40010,832,DE-CIX Mumbai: DE-CIX Mumbai Peering LAN,,100000,153756,True,2022-01-07T06:44:01Z,2026-06-04T05:28:29Z,,
72494,32220,832,DE-CIX Mumbai: DE-CIX Mumbai Peering LAN,,10000,150748,True,2022-01-14T15:35:53Z,2025-08-25T12:12:28Z,,
72571,16299,832,DE-CIX Mumbai: DE-CIX Mumbai Peering LAN,,10000,133589,True,2022-01-19T11:56:00Z,2022-04-16T14:32:34Z,,
72946,27010,832,DE-CIX Mumbai: DE-CIX Mumbai Peering LAN,,1000,142289,True,2022-02-08T09:06:36Z,2024-03-06T19:54:38Z,,
72981,39106,832,DE-CIX Mumbai: DE-CIX Mumbai Peering LAN,,10000,153299,True,2022-02-10T06:11:19Z,2026-05-02T12:26:17Z,,
73081,11672,832,DE-CIX Mumbai: DE-CIX Mumbai Peering LAN,,10000,134001,True,2022-02-15T13:09:35Z,2026-02-16T07:14:45Z,,
73084,29254,832,DE-CIX Mumbai: DE-CIX Mumbai Peering LAN,,1000,147213,True,2022-02-15T14:12:26Z,2022-02-15T14:12:26Z,,
73092,29265,832,DE-CIX Mumbai: DE-CIX Mumbai Peering LAN,,10000,135806,True,2022-02-15T18:38:01Z,2023-08-14T17:28:59Z,,
73163,30557,832,DE-CIX Mumbai: DE-CIX Mumbai Peering LAN,,1000,146924,True,2022-02-18T08:11:28Z,2022-12-12T04:10:27Z,,
73228,11945,832,DE-CIX Mumbai: DE-CIX Mumbai Peering LAN,,20000,134000,True,2022-02-22T10:12:48Z,2022-02-22T10:12:48Z,,
73237,17937,832,DE-CIX Mumbai: DE-CIX Mumbai Peering LAN,,10000,138296,True,2022-02-22T15:54:09Z,2022-02-22T15:54:09Z,,
73249,29192,832,DE-CIX Mumbai: DE-CIX Mumbai Peering LAN,,10000,137157,True,2022-02-23T05:23:48Z,2022-02-23T05:24:28Z,,
73252,29322,832,DE-CIX Mumbai: DE-CIX Mumbai Peering LAN,,10000,149261,True,2022-02-23T08:00:39Z,2022-10-20T10:37:53Z,,
73288,35395,832,DE-CIX Mumbai: DE-CIX Mumbai Peering LAN,,10000,150589,True,2022-02-24T14:11:06Z,2026-08-10T09:02:30Z,,
73317,29354,832,DE-CIX Mumbai: DE-CIX Mumbai Peering LAN,,10000,149186,True,2022-02-27T11:38:21Z,2023-08-05T06:12:44Z,,
73476,18372,832,DE-CIX Mumbai: DE-CIX Mumbai Peering LAN,,10000,136286,True,2022-03-08T03:30:16Z,2026-04-30T06:27:58Z,,
73706,16233,832,DE-CIX Mumbai: DE-CIX Mumbai Peering LAN,,10000,136373,True,2022-03-17T06:26:59Z,2026-07-09T15:58:00Z,,
73754,1517,832,DE-CIX Mumbai: DE-CIX Mumbai Peering LAN,,20000,13445,True,2022-03-18T11:13:12Z,2023-12-13T15:49:20Z,,
73932,29561,832,DE-CIX Mumbai: DE-CIX Mumbai Peering LAN,,10000,149251,True,2022-03-26T11:41:13Z,2023-01-20T06:17:00Z,,
73951,15789,832,DE-CIX Mumbai: DE-CIX Mumbai Peering LAN,,20000,45489,True,2022-03-28T05:47:53Z,2026-03-09T03:46:29Z,,
73976,31388,832,DE-CIX Mumbai: DE-CIX Mumbai Peering LAN,,10000,135684,True,2022-03-29T11:54:16Z,2022-10-31T10:22:12Z,,
74326,4982,832,DE-CIX Mumbai: DE-CIX Mumbai Peering LAN,,10000,58601,True,2022-04-19T10:00:18Z,2022-04-19T10:00:18Z,,
74362,29091,832,DE-CIX Mumbai: DE-CIX Mumbai Peering LAN,,2000,146904,True,2022-04-21T10:07:59Z,2026-08-18T02:35:06Z,,
74381,29468,832,DE-CIX Mumbai: DE-CIX Mumbai Peering LAN,,40000,141514,True,2022-04-22T09:14:00Z,2022-09-24T11:38:28Z,,
74450,10496,832,DE-CIX Mumbai: DE-CIX Mumbai Peering LAN,,10000,132934,True,2022-04-26T19:47:04Z,2022-06-08T21:16:18Z,,
74570,35026,832,DE-CIX Mumbai: DE-CIX Mumbai Peering LAN,,20000,135133,True,2022-05-03T09:59:19Z,2024-03-11T06:43:42Z,,
74619,10895,832,DE-CIX Mumbai: DE-CIX Mumbai Peering LAN,,10000,45775,True,2022-05-05T10:59:44Z,2026-02-10T12:36:05Z,,
74709,33865,832,DE-CIX Mumbai: DE-CIX Mumbai Peering LAN,,10000,133283,True,2022-05-11T12:32:54Z,2024-11-15T07:58:53Z,,
74734,29929,832,DE-CIX Mumbai: DE-CIX Mumbai Peering LAN,,3000,141862,True,2022-05-12T08:44:32Z,2022-05-12T08:44:32Z,,
74748,4224,832,DE-CIX Mumbai: DE-CIX Mumbai Peering LAN,,100000,13335,True,2022-05-12T21:35:34Z,2022-05-12T21:37:17Z,,
74807,38890,832,DE-CIX Mumbai: DE-CIX Mumbai Peering LAN,,10000,137118,True,2022-05-17T04:40:26Z,2026-04-04T17:53:49Z,,
74985,29894,832,DE-CIX Mumbai: DE-CIX Mumbai Peering LAN,,3000,147276,True,2022-05-23T07:11:07Z,2022-05-23T07:11:07Z,,
75011,17242,832,DE-CIX Mumbai: DE-CIX Mumbai Peering LAN,,10000,135139,True,2022-05-24T07:58:02Z,2022-05-24T07:58:02Z,,
75093,2159,832,DE-CIX Mumbai: DE-CIX Mumbai Peering LAN,,10000,29802,True,2022-05-27T10:17:39Z,2023-03-08T13:59:10Z,,
75143,28520,832,DE-CIX Mumbai: DE-CIX Mumbai Peering LAN,,10000,139901,True,2022-05-31T13:09:00Z,2025-04-09T07:25:10Z,,
75231,10670,832,DE-CIX Mumbai: DE-CIX Mumbai Peering LAN,,100000,55256,True,2022-06-03T17:07:38Z,2022-06-03T17:07:38Z,,
75311,671,832,DE-CIX Mumbai: DE-CIX Mumbai Peering LAN,,10000,2687,True,2022-06-09T06:50:30Z,2026-07-06T11:54:27Z,,
75518,32354,832,DE-CIX Mumbai: DE-CIX Mumbai Peering LAN,,10000,147185,True,2022-06-18T06:41:52Z,2026-04-03T11:47:44Z,,
75682,29980,832,DE-CIX Mumbai: DE-CIX Mumbai Peering LAN,,10000,141807,True,2022-06-28T13:03:17Z,2022-08-02T05:40:08Z,,
75762,16552,832,DE-CIX Mumbai: DE-CIX Mumbai Peering LAN,,2000,45815,True,2022-07-01T08:25:55Z,2024-08-27T06:23:39Z,,
75938,26274,832,DE-CIX Mumbai: DE-CIX Mumbai Peering LAN,,10000,140641,True,2022-07-08T16:38:51Z,2022-10-29T07:04:08Z,,
76091,13708,832,DE-CIX Mumbai: DE-CIX Mumbai Peering LAN,,10000,55705,True,2022-07-20T13:43:22Z,2025-01-03T12:34:13Z,,
76332,30622,832,DE-CIX Mumbai: DE-CIX Mumbai Peering LAN,,1024,141816,True,2022-08-01T12:01:29Z,2022-08-03T01:35:10Z,,
76414,22500,832,DE-CIX Mumbai: DE-CIX Mumbai Peering LAN,,1000,134880,True,2022-08-03T06:17:23Z,2022-08-03T06:34:52Z,,
76460,30660,832,DE-CIX Mumbai: DE-CIX Mumbai Peering LAN,,10000,135726,True,2022-08-05T13:03:06Z,2022-12-20T17:34:09Z,,
76489,30633,832,DE-CIX Mumbai: DE-CIX Mumbai Peering LAN,,1000,147282,True,2022-08-06T07:33:32Z,2022-08-06T07:35:37Z,,
76640,11501,832,DE-CIX Mumbai: DE-CIX Mumbai Peering LAN,,2000,135724,True,2022-08-15T05:08:27Z,2024-05-16T05:24:55Z,,
76982,11729,832,DE-CIX Mumbai: DE-CIX Mumbai Peering LAN,,10000,133275,True,2022-09-05T08:46:05Z,2022-09-05T08:46:05Z,,
77158,1264,832,DE-CIX Mumbai: DE-CIX Mumbai Peering LAN,,10000,16276,True,2022-09-14T11:50:47Z,2025-04-04T12:21:54Z,,
77193,5918,832,DE-CIX Mumbai: DE-CIX Mumbai Peering LAN,,10000,6507,True,2022-09-16T04:37:21Z,2022-09-16T04:37:21Z,,
77408,30972,832,DE-CIX Mumbai: DE-CIX Mumbai Peering LAN,,1000,141864,True,2022-09-29T03:40:29Z,2022-11-02T14:06:23Z,,
78703,3195,832,DE-CIX Mumbai: DE-CIX Mumbai Peering LAN,,10000,4862,True,2022-11-25T10:01:04Z,2024-06-19T11:27:30Z,,
79007,1905,832,DE-CIX Mumbai: DE-CIX Mumbai Peering LAN,,100000,31898,True,2022-12-08T19:26:22Z,2022-12-08T19:26:22Z,,
79287,26003,832,DE-CIX Mumbai: DE-CIX Mumbai Peering LAN,,1000,141519,True,2022-12-22T10:04:35Z,2023-01-06T08:40:22Z,,
79359,30960,832,DE-CIX Mumbai: DE-CIX Mumbai Peering LAN,,10000,150178,True,2022-12-27T16:33:40Z,2025-07-30T08:50:02Z,,
80175,13897,832,DE-CIX Mumbai: DE-CIX Mumbai Peering LAN,,10000,17494,True,2023-01-25T10:05:44Z,2023-01-25T10:05:44Z,,
80180,1613,832,DE-CIX Mumbai: DE-CIX Mumbai Peering LAN,,20000,36351,True,2023-01-25T16:24:36Z,2023-03-02T01:47:07Z,,
81631,32583,832,DE-CIX Mumbai: DE-CIX Mumbai Peering LAN,,2000,150639,True,2023-03-23T05:20:53Z,2023-11-21T04:06:51Z,,
82184,26500,832,DE-CIX Mumbai: DE-CIX Mumbai Peering LAN,,5000,137645,True,2023-04-14T12:36:26Z,2026-03-30T15:09:49Z,,
82404,29610,832,DE-CIX Mumbai: DE-CIX Mumbai Peering LAN,,1000,147278,True,2023-04-24T12:26:27Z,2023-04-24T12:26:27Z,,
83117,38810,832,DE-CIX Mumbai: DE-CIX Mumbai Peering LAN,,10000,153722,True,2023-05-25T21:15:34Z,2026-08-31T12:36:21Z,,
85726,15129,832,DE-CIX Mumbai: DE-CIX Mumbai Peering LAN,,3000,136696,True,2023-09-15T06:07:19Z,2024-09-20T19:04:26Z,,
87616,34705,832,DE-CIX Mumbai: DE-CIX Mumbai Peering LAN,,3000,141878,True,2023-11-28T06:49:58Z,2023-11-28T06:49:58Z,,
88327,21894,832,DE-CIX Mumbai: DE-CIX Mumbai Peering LAN,,5000,138746,True,2023-12-28T13:45:44Z,2023-12-28T13:45:44Z,,
89832,24658,832,DE-CIX Mumbai: DE-CIX Mumbai Peering LAN,,10240,140133,True,2024-03-04T18:08:18Z,2024-03-07T06:49:58Z,,
90499,10585,832,DE-CIX Mumbai: DE-CIX Mumbai Peering LAN,,10000,134883,True,2024-03-30T13:58:18Z,2025-08-25T12:58:35Z,,
91525,30778,832,DE-CIX Mumbai: DE-CIX Mumbai Peering LAN,,10000,137097,True,2024-05-09T09:02:20Z,2024-05-09T09:02:20Z,,
92666,24095,832,DE-CIX Mumbai: DE-CIX Mumbai Peering LAN,,1000,138788,True,2024-06-27T05:26:35Z,2024-06-27T05:26:35Z,,
92667,36605,832,DE-CIX Mumbai: DE-CIX Mumbai Peering LAN,,1000,137112,True,2024-06-27T06:25:04Z,2024-06-27T06:25:04Z,,
92817,14477,832,DE-CIX Mumbai: DE-CIX Mumbai Peering LAN,,10000,17762,True,2024-07-03T06:21:15Z,2025-11-16T07:52:16Z,,
93061,18747,832,DE-CIX Mumbai: DE-CIX Mumbai Peering LAN,,200000,14593,True,2024-07-12T11:03:42Z,2025-07-14T20:33:33Z,,
93329,36846,832,DE-CIX Mumbai: DE-CIX Mumbai Peering LAN,,10000,131262,True,2024-07-23T14:05:35Z,2024-07-24T12:27:00Z,,
93531,6494,832,DE-CIX Mumbai: DE-CIX Mumbai Peering LAN,,20000,14061,True,2024-07-31T06:24:24Z,2025-10-17T16:28:24Z,,
96905,29764,832,DE-CIX Mumbai: DE-CIX Mumbai Peering LAN,,10000,136342,True,2024-12-06T07:57:47Z,2024-12-06T07:57:47Z,,
100660,4656,832,DE-CIX Mumbai: DE-CIX Mumbai Peering LAN,,10000,18001,True,2025-05-31T04:11:38Z,2025-05-31T04:13:06Z,,
104976,40905,832,DE-CIX Mumbai: DE-CIX Mumbai Peering LAN,,1000,151157,True,2025-11-20T04:49:41Z,2025-11-23T23:30:19Z,,
109901,10711,832,DE-CIX Mumbai: DE-CIX Mumbai Peering LAN,,10000,132768,True,2026-05-23T06:05:41Z,2026-05-23T06:05:41Z,,
34576,2536,1317,NIXI Kolkata,,1000,9583,True,2017-05-08T09:48:45Z,2020-02-19T04:08:10Z,,
36586,14103,1317,NIXI Kolkata,,1000,24186,True,2017-08-30T06:13:44Z,2021-09-07T09:28:52Z,,
40890,7682,1317,NIXI Kolkata,,1024,45335,True,2018-04-18T08:40:12Z,2020-02-19T04:08:10Z,,
41499,10361,1317,NIXI Kolkata,,0,4755,True,2018-05-22T13:29:25Z,2020-02-19T04:08:10Z,,
71195,2,1317,NIXI Kolkata,,20000,20940,True,2021-11-05T14:38:17Z,2022-07-05T18:06:28Z,,
76911,5846,1317,NIXI Kolkata,,10000,45117,True,2022-08-31T11:52:37Z,2022-08-31T11:55:59Z,,
78869,12951,1317,NIXI Kolkata,,5000,45804,True,2022-12-02T08:48:14Z,2022-12-02T08:50:20Z,,
79064,979,1317,NIXI Kolkata,,10000,32934,True,2022-12-13T04:39:43Z,2022-12-13T04:39:43Z,,
79065,979,1317,NIXI Kolkata,,10000,32934,True,2022-12-13T04:40:10Z,2022-12-13T04:40:10Z,,
79866,3967,1317,NIXI Kolkata,,10000,24029,True,2023-01-11T09:10:52Z,2023-01-11T09:16:35Z,,
80280,13079,1317,NIXI Kolkata,,2000,136289,True,2023-01-29T06:32:56Z,2024-03-02T07:08:30Z,,
80312,31183,1317,NIXI Kolkata,,3000,141490,True,2023-01-30T08:55:47Z,2024-01-26T09:53:43Z,,
81240,5167,1317,NIXI Kolkata,,10000,17665,True,2023-03-08T06:18:04Z,2023-03-08T06:18:04Z,,
82194,20325,1317,NIXI Kolkata,,1000,135760,True,2023-04-14T19:37:18Z,2026-03-21T13:22:31Z,,
82992,31273,1317,NIXI Kolkata,,1000,146942,True,2023-05-22T07:34:46Z,2023-06-21T12:16:50Z,,
83610,11948,1317,NIXI Kolkata,,1000,55814,True,2023-06-12T12:50:26Z,2023-10-18T10:30:33Z,,
83857,31362,1317,NIXI Kolkata,,3000,146855,True,2023-06-23T11:35:39Z,2023-06-23T11:35:39Z,,
84622,25219,1317,NIXI Kolkata,,1000,141253,True,2023-07-28T06:21:23Z,2023-07-28T06:21:23Z,,
85094,30144,1317,NIXI Kolkata,,1000,142451,True,2023-08-17T11:08:56Z,2023-08-23T13:05:24Z,,
86042,33865,1317,NIXI Kolkata,,10000,133283,True,2023-09-28T16:45:50Z,2024-04-25T14:32:05Z,,
87486,34537,1317,NIXI Kolkata,,3000,151712,True,2023-11-23T09:04:08Z,2025-05-05T10:13:20Z,,
88719,10976,1317,NIXI Kolkata,,5000,132115,True,2024-01-16T08:27:46Z,2024-03-18T06:33:29Z,,
89913,5520,1317,NIXI Kolkata,,10000,54113,True,2024-03-07T15:18:32Z,2024-03-08T12:17:59Z,,
91007,29527,1317,NIXI Kolkata,,1000,149526,True,2024-04-18T07:41:47Z,2024-04-18T07:41:47Z,,
93035,36626,1317,NIXI Kolkata,,1000,141560,True,2024-07-11T15:32:17Z,2024-07-11T15:32:17Z,,
97964,11676,1317,NIXI Kolkata,,1000,55507,True,2025-01-27T13:38:51Z,2025-01-27T13:41:19Z,,
101452,1418,1317,NIXI Kolkata,,100000,16509,True,2025-07-11T08:59:17Z,2025-07-11T09:42:56Z,,
101584,4837,1317,NIXI Kolkata,,10000,18229,True,2025-07-16T10:55:49Z,2025-07-16T10:55:49Z,,
102529,25180,1317,NIXI Kolkata,,1000,137128,True,2025-08-26T13:05:52Z,2025-08-26T13:05:52Z,,
103936,10670,1317,NIXI Kolkata,,100000,55256,True,2025-10-14T20:40:39Z,2025-10-14T20:40:39Z,,
28944,8577,1323,Extreme IX Delhi: Extreme IX LAN,,30000,133982,True,2016-05-30T03:00:55Z,2026-03-26T17:22:31Z,,
28954,433,1323,Extreme IX Delhi: Extreme IX LAN,,200000,15169,True,2016-05-30T12:58:29Z,2026-03-26T17:22:30Z,,
30474,4224,1323,Extreme IX Delhi: Extreme IX LAN,Ip address None was claimed by other netixlan,200000,13335,True,2016-09-16T11:17:31Z,2026-03-26T17:22:31Z,,
31890,11085,1323,Extreme IX Delhi: Extreme IX LAN,,60000,133652,True,2016-12-07T09:57:46Z,2026-03-26T17:22:31Z,,
31897,10496,1323,Extreme IX Delhi: Extreme IX LAN,,10000,132934,True,2016-12-07T12:30:48Z,2026-08-05T00:57:27Z,,
31932,13708,1323,Extreme IX Delhi: Extreme IX LAN,Ip address None was claimed by other netixlan,10000,55705,True,2016-12-08T11:29:39Z,2026-03-25T02:22:39Z,,
31934,31628,1323,Extreme IX Delhi: Extreme IX LAN,,100000,135687,True,2016-12-08T11:41:51Z,2026-09-03T00:51:58Z,,
33519,694,1323,Extreme IX Delhi: Extreme IX LAN,,100000,8075,True,2017-03-08T22:16:11Z,2026-03-26T17:22:31Z,,
33681,1088,1323,Extreme IX Delhi: Extreme IX LAN,Ip address None was claimed by other netixlan,20000,40009,True,2017-03-16T10:49:56Z,2026-03-26T17:22:31Z,,
33738,16920,1323,Extreme IX Delhi: Extreme IX LAN,Ip address None was claimed by other netixlan,10000,55839,True,2017-03-20T05:55:26Z,2026-03-31T01:56:30Z,,
33926,11260,1323,Extreme IX Delhi: Extreme IX LAN,,30000,58965,True,2017-03-31T10:32:36Z,2026-03-04T15:43:32Z,,
34204,18480,1323,Extreme IX Delhi: Extreme IX LAN,,100000,7494,True,2017-04-14T16:30:24Z,2026-05-08T01:55:19Z,,
34490,34243,1323,Extreme IX Delhi: Extreme IX LAN,Ip address None was claimed by other netixlan,100000,135709,True,2017-05-03T09:08:31Z,2026-03-26T17:22:31Z,,
34527,2,1323,Extreme IX Delhi: Extreme IX LAN,Ip address None was claimed by other netixlan,400000,20940,True,2017-05-04T09:37:24Z,2026-03-26T17:22:31Z,,
34914,26647,1323,Extreme IX Delhi: Extreme IX LAN,Ip address None was claimed by other netixlan,10000,141814,True,2017-05-26T09:13:11Z,2026-03-25T02:22:39Z,,
35231,10681,1323,Extreme IX Delhi: Extreme IX LAN,Ip address None was claimed by other netixlan,10000,133296,True,2017-06-15T17:07:55Z,2026-03-25T02:22:39Z,,
35614,3924,1323,Extreme IX Delhi: Extreme IX LAN,Ip address None was claimed by other netixlan,10000,42,True,2017-07-01T16:05:40Z,2026-03-25T02:22:38Z,,
35652,24658,1323,Extreme IX Delhi: Extreme IX LAN,Ip address None was claimed by other netixlan,10000,140133,True,2017-07-04T04:55:31Z,2026-06-07T01:22:10Z,,
35810,6020,1323,Extreme IX Delhi: Extreme IX LAN,Ip address None was claimed by other netixlan,10000,16552,True,2017-07-12T11:22:06Z,2026-05-07T01:53:32Z,,
36068,2,1323,Extreme IX Delhi: Extreme IX LAN,,200000,20940,True,2017-07-27T13:06:03Z,2026-04-15T01:55:59Z,,
36239,26071,1323,Extreme IX Delhi: Extreme IX LAN,Ip address None was claimed by other netixlan,10000,141339,True,2017-08-10T11:37:32Z,2026-03-25T02:22:38Z,,
36340,12951,1323,Extreme IX Delhi: Extreme IX LAN,,10000,45804,True,2017-08-17T09:35:25Z,2026-03-26T17:22:30Z,,
37011,10635,1323,Extreme IX Delhi: Extreme IX LAN,,10000,58765,True,2017-09-22T11:17:29Z,2021-03-22T14:29:23Z,,
37104,14496,1323,Extreme IX Delhi: Extreme IX LAN,,10000,133278,True,2017-09-28T11:05:49Z,2026-03-25T02:22:38Z,,
37206,14843,1323,Extreme IX Delhi: Extreme IX LAN,,100000,135697,True,2017-10-04T12:25:09Z,2026-03-25T02:22:39Z,,
37591,14583,1323,Extreme IX Delhi: Extreme IX LAN,,10000,49378,True,2017-10-26T14:08:07Z,2026-03-26T17:22:30Z,,
37592,14583,1323,Extreme IX Delhi: Extreme IX LAN,,10000,49378,True,2017-10-26T14:08:29Z,2026-03-26T17:22:30Z,,
37685,11676,1323,Extreme IX Delhi: Extreme IX LAN,,1000,55507,True,2017-10-31T07:22:55Z,2026-04-08T01:55:20Z,,
37940,15129,1323,Extreme IX Delhi: Extreme IX LAN,,6000,136696,True,2017-11-13T11:42:55Z,2026-03-26T17:22:31Z,,
38065,18172,1323,Extreme IX Delhi: Extreme IX LAN,Ip address None was claimed by other netixlan,40000,133711,True,2017-11-20T10:19:39Z,2025-05-22T01:45:57Z,,
38309,9343,1323,Extreme IX Delhi: Extreme IX LAN,,100000,132116,True,2017-12-02T10:23:51Z,2026-03-25T02:22:38Z,,
38920,10787,1323,Extreme IX Delhi: Extreme IX LAN,,100000,58762,True,2018-01-06T10:12:31Z,2026-07-17T07:18:58Z,,
39009,39106,1323,Extreme IX Delhi: Extreme IX LAN,,10000,153299,True,2018-01-12T11:02:56Z,2026-03-26T17:22:31Z,,
39421,457,1323,Extreme IX Delhi: Extreme IX LAN,,100000,2906,True,2018-02-04T06:13:45Z,2026-06-11T05:58:02Z,,
39704,29091,1323,Extreme IX Delhi: Extreme IX LAN,,10000,146904,True,2018-02-17T04:18:30Z,2026-08-08T00:57:34Z,,
39709,15930,1323,Extreme IX Delhi: Extreme IX LAN,,30000,136625,True,2018-02-18T05:47:01Z,2026-06-25T08:55:34Z,,
40235,8577,1323,Extreme IX Delhi: Extreme IX LAN,,30000,133982,True,2018-03-19T07:27:06Z,2026-03-26T17:22:31Z,,
40242,10670,1323,Extreme IX Delhi: Extreme IX LAN,Ip address None was claimed by other netixlan,100000,55256,True,2018-03-19T12:42:39Z,2026-03-26T17:22:31Z,,
40274,39939,1323,Extreme IX Delhi: Extreme IX LAN,Ip address None was claimed by other netixlan,10000,133976,True,2018-03-20T16:25:02Z,2026-03-25T02:22:38Z,,
40647,13418,1323,Extreme IX Delhi: Extreme IX LAN,,100000,133372,True,2018-04-06T05:39:06Z,2026-03-26T17:22:30Z,,
40987,10895,1323,Extreme IX Delhi: Extreme IX LAN,,20000,45775,True,2018-04-23T12:26:31Z,2026-03-25T02:22:38Z,,
41122,26932,1323,Extreme IX Delhi: Extreme IX LAN,Ip address None was claimed by other netixlan,20000,141275,True,2018-04-28T16:09:23Z,2026-03-26T17:22:30Z,,
41224,16634,1323,Extreme IX Delhi: Extreme IX LAN,,100000,134337,True,2018-05-04T14:19:32Z,2026-06-10T01:20:37Z,,
41261,35027,1323,Extreme IX Delhi: Extreme IX LAN,,10000,151704,True,2018-05-07T11:00:05Z,2026-08-25T01:23:36Z,,
41640,12573,1323,Extreme IX Delhi: Extreme IX LAN,,300000,135814,True,2018-05-30T09:20:32Z,2026-07-16T00:50:51Z,,
41683,6330,1323,Extreme IX Delhi: Extreme IX LAN,,100000,132453,True,2018-06-01T08:58:18Z,2026-03-25T02:22:38Z,,
41883,34858,1323,Extreme IX Delhi: Extreme IX LAN,Ip address None was claimed by other netixlan,100000,151690,True,2018-06-12T15:35:40Z,2026-06-05T01:19:17Z,,
42262,32220,1323,Extreme IX Delhi: Extreme IX LAN,,100000,150748,True,2018-07-02T09:26:22Z,2026-06-20T01:24:30Z,,
43054,21872,1323,Extreme IX Delhi: Extreme IX LAN,Ip address None was claimed by other netixlan,10000,138277,True,2018-08-14T17:21:09Z,2026-06-03T01:21:01Z,,
43420,13717,1323,Extreme IX Delhi: Extreme IX LAN,,10000,23872,True,2018-09-01T09:56:03Z,2025-05-22T01:45:57Z,,
43572,12665,1323,Extreme IX Delhi: Extreme IX LAN,,100000,133989,True,2018-09-10T10:33:06Z,2025-05-22T01:45:57Z,,
43812,1418,1323,Extreme IX Delhi: Extreme IX LAN,,100000,16509,True,2018-09-19T07:49:40Z,2026-03-26T17:22:31Z,,
43890,3514,1323,Extreme IX Delhi: Extreme IX LAN,,10000,10029,True,2018-09-21T05:49:33Z,2026-03-26T17:22:31Z,,
44097,17888,1323,Extreme IX Delhi: Extreme IX LAN,,10000,136377,True,2018-09-28T13:45:02Z,2026-03-25T02:22:38Z,,
44204,28901,1323,Extreme IX Delhi: Extreme IX LAN,Ip address None was claimed by other netixlan,10000,149240,True,2018-10-03T05:58:45Z,2026-03-26T17:22:30Z,,
44429,13322,1323,Extreme IX Delhi: Extreme IX LAN,,10000,132004,True,2018-10-11T21:03:01Z,2025-05-22T01:45:56Z,,
44672,32354,1323,Extreme IX Delhi: Extreme IX LAN,,10000,147185,True,2018-10-23T11:26:36Z,2026-08-12T00:59:15Z,,
44914,38622,1323,Extreme IX Delhi: Extreme IX LAN,Ip address None was claimed by other netixlan,10000,153263,True,2018-11-01T13:27:59Z,2025-02-27T11:12:42Z,,
45151,18288,1323,Extreme IX Delhi: Extreme IX LAN,Ip address None was claimed by other netixlan,10000,136632,True,2018-11-13T06:31:38Z,2026-03-25T02:22:39Z,,
45188,12883,1323,Extreme IX Delhi: Extreme IX LAN,,10000,135223,True,2018-11-14T09:19:09Z,2023-12-27T11:35:18Z,,
45247,16896,1323,Extreme IX Delhi: Extreme IX LAN,,10000,132771,True,2018-11-16T08:14:08Z,2026-08-16T00:49:42Z,,
45251,25043,1323,Extreme IX Delhi: Extreme IX LAN,,0,140139,True,2018-11-16T08:22:49Z,2026-07-27T00:55:17Z,,
46975,13294,1323,Extreme IX Delhi: Extreme IX LAN,,100000,134316,True,2019-02-04T05:18:40Z,2026-03-25T02:22:39Z,,
47046,33702,1323,Extreme IX Delhi: Extreme IX LAN,Ip address None was claimed by other netixlan,3000,138751,True,2019-02-06T07:28:27Z,2026-01-30T06:34:22Z,,
47653,16912,1323,Extreme IX Delhi: Extreme IX LAN,,10000,136370,True,2019-02-23T08:01:32Z,2026-03-25T02:22:38Z,,
47781,2,1323,Extreme IX Delhi: Extreme IX LAN,,300000,20940,True,2019-02-28T13:24:13Z,2026-03-26T17:22:31Z,,
47978,5918,1323,Extreme IX Delhi: Extreme IX LAN,Ip address None was claimed by other netixlan,10000,6507,True,2019-03-08T13:35:55Z,2026-03-25T02:22:39Z,,
48130,28173,1323,Extreme IX Delhi: Extreme IX LAN,,30000,141865,True,2019-03-13T15:18:02Z,2025-02-02T14:08:02Z,,
48251,1418,1323,Extreme IX Delhi: Extreme IX LAN,,100000,16509,True,2019-03-19T16:18:30Z,2026-03-26T17:22:31Z,,
48486,34513,1323,Extreme IX Delhi: Extreme IX LAN,,10000,136698,True,2019-03-29T09:15:28Z,2026-03-25T02:22:38Z,,
48497,9054,1323,Extreme IX Delhi: Extreme IX LAN,Ip address None was claimed by other netixlan,10000,17426,True,2019-03-29T16:40:32Z,2026-03-26T17:22:31Z,,
48866,433,1323,Extreme IX Delhi: Extreme IX LAN,,200000,15169,True,2019-04-15T16:49:01Z,2026-03-26T17:22:30Z,,
49736,5520,1323,Extreme IX Delhi: Extreme IX LAN,,100000,54113,True,2019-05-23T17:10:20Z,2026-03-26T17:22:30Z,,
49737,5520,1323,Extreme IX Delhi: Extreme IX LAN,,100000,54113,True,2019-05-23T17:10:44Z,2026-03-26T17:22:30Z,,
49895,40010,1323,Extreme IX Delhi: Extreme IX LAN,,10000,153756,True,2019-06-01T11:56:09Z,2026-06-04T05:28:29Z,,
50114,457,1323,Extreme IX Delhi: Extreme IX LAN,,100000,2906,True,2019-06-08T13:33:36Z,2026-06-11T05:58:02Z,,
50153,30660,1323,Extreme IX Delhi: Extreme IX LAN,,10000,135726,True,2019-06-11T12:25:32Z,2026-03-25T02:22:39Z,,
50161,12698,1323,Extreme IX Delhi: Extreme IX LAN,,100000,134858,True,2019-06-11T17:44:50Z,2026-03-25T02:22:38Z,,
50244,13315,1323,Extreme IX Delhi: Extreme IX LAN,,10000,133680,True,2019-06-14T00:05:11Z,2026-03-26T17:22:31Z,,
50463,29764,1323,Extreme IX Delhi: Extreme IX LAN,,10000,136342,True,2019-06-25T10:34:17Z,2026-03-25T02:22:39Z,,
50512,12918,1323,Extreme IX Delhi: Extreme IX LAN,Ip address None was claimed by other netixlan,100000,134375,True,2019-06-27T07:30:16Z,2026-03-25T02:22:38Z,,
50524,9903,1323,Extreme IX Delhi: Extreme IX LAN,Ip address None was claimed by other netixlan,30000,133676,True,2019-06-27T12:16:40Z,2024-11-13T07:44:28Z,,
50540,12930,1323,Extreme IX Delhi: Extreme IX LAN,,10000,45235,True,2019-06-28T00:05:13Z,2026-03-25T02:22:38Z,,
50541,12917,1323,Extreme IX Delhi: Extreme IX LAN,,20000,133648,True,2019-06-28T00:05:14Z,2026-03-25T02:22:39Z,,
50542,15615,1323,Extreme IX Delhi: Extreme IX LAN,,20000,134341,True,2019-06-28T00:05:15Z,2026-06-13T01:20:07Z,,
50543,14445,1323,Extreme IX Delhi: Extreme IX LAN,,10000,134340,True,2019-06-28T00:05:15Z,2026-03-25T02:22:38Z,,
50544,14676,1323,Extreme IX Delhi: Extreme IX LAN,,100000,136946,True,2019-06-28T00:05:17Z,2026-03-25T02:22:39Z,,
50557,979,1323,Extreme IX Delhi: Extreme IX LAN,,300000,32934,True,2019-06-28T05:11:41Z,2026-03-26T17:22:31Z,,
50558,979,1323,Extreme IX Delhi: Extreme IX LAN,,300000,32934,True,2019-06-28T05:12:19Z,2026-03-26T17:22:31Z,,
50615,19421,1323,Extreme IX Delhi: Extreme IX LAN,,1000,134905,True,2019-07-02T12:53:09Z,2026-05-14T01:54:21Z,,
50616,11729,1323,Extreme IX Delhi: Extreme IX LAN,,10000,133275,True,2019-07-02T13:10:57Z,2026-07-31T00:56:48Z,,
51094,22027,1323,Extreme IX Delhi: Extreme IX LAN,Ip address None was claimed by other netixlan,10000,135208,True,2019-07-25T09:39:08Z,2026-03-25T02:22:38Z,,
51234,18930,1323,Extreme IX Delhi: Extreme IX LAN,,10000,138257,True,2019-08-02T00:05:34Z,2025-05-22T01:45:57Z,,
51618,25488,1323,Extreme IX Delhi: Extreme IX LAN,,100000,141265,True,2019-08-20T12:16:35Z,2025-05-22T01:45:57Z,,
51754,9343,1323,Extreme IX Delhi: Extreme IX LAN,,10000,132116,True,2019-08-26T08:37:56Z,2026-04-25T01:53:58Z,,
51755,17095,1323,Extreme IX Delhi: Extreme IX LAN,,10000,135227,True,2019-08-26T08:39:50Z,2026-03-25T02:22:39Z,,
51809,18372,1323,Extreme IX Delhi: Extreme IX LAN,,100000,136286,True,2019-08-28T13:40:04Z,2026-08-07T01:00:38Z,,
51957,5167,1323,Extreme IX Delhi: Extreme IX LAN,Ip address None was claimed by other netixlan,100000,17665,True,2019-09-04T08:31:56Z,2026-03-25T02:22:38Z,,
52143,10670,1323,Extreme IX Delhi: Extreme IX LAN,,100000,55256,True,2019-09-13T19:31:26Z,2026-03-26T17:22:31Z,,
52789,16017,1323,Extreme IX Delhi: Extreme IX LAN,,10000,135817,True,2019-10-17T03:45:09Z,2026-03-25T02:22:38Z,,
53128,11961,1323,Extreme IX Delhi: Extreme IX LAN,,100000,134259,True,2019-11-04T10:12:51Z,2026-03-25T02:22:38Z,,
53254,15707,1323,Extreme IX Delhi: Extreme IX LAN,,10000,132785,True,2019-11-09T07:00:22Z,2025-05-22T01:45:57Z,,
53694,40852,1323,Extreme IX Delhi: Extreme IX LAN,,100000,154360,True,2019-11-29T02:38:46Z,2026-05-22T01:20:28Z,,
54570,5918,1323,Extreme IX Delhi: Extreme IX LAN,,10000,6507,True,2020-01-02T04:36:09Z,2026-03-25T02:22:39Z,,
54589,12175,1323,Extreme IX Delhi: Extreme IX LAN,,100000,135799,True,2020-01-03T07:54:26Z,2026-03-25T02:22:39Z,,
55366,7919,1323,Extreme IX Delhi: Extreme IX LAN,,100000,38565,True,2020-02-08T07:03:53Z,2026-03-25T02:22:39Z,,
55570,22337,1323,Extreme IX Delhi: Extreme IX LAN,,1024,135773,True,2020-02-17T07:54:12Z,2020-02-19T04:07:35Z,,
55983,8847,1323,Extreme IX Delhi: Extreme IX LAN,,10000,59162,True,2020-03-04T04:25:30Z,2026-03-25T02:22:39Z,,
57374,14999,1323,Extreme IX Delhi: Extreme IX LAN,Ip address None was claimed by other netixlan,10000,136323,True,2020-04-24T11:34:34Z,2026-03-25T02:22:39Z,,
57413,16764,1323,Extreme IX Delhi: Extreme IX LAN,Ip address None was claimed by other netixlan,10000,137085,True,2020-04-26T07:36:45Z,2026-05-14T01:54:21Z,,
57704,38924,1323,Extreme IX Delhi: Extreme IX LAN,,30000,152547,True,2020-05-06T08:42:36Z,2026-03-26T17:22:31Z,,
57708,10151,1323,Extreme IX Delhi: Extreme IX LAN,,100000,18002,True,2020-05-06T12:38:55Z,2026-03-25T02:22:39Z,,
57814,18468,1323,Extreme IX Delhi: Extreme IX LAN,,20000,134928,True,2020-05-11T09:20:17Z,2026-03-25T02:22:38Z,,
57960,12715,1323,Extreme IX Delhi: Extreme IX LAN,,100000,134674,True,2020-05-15T08:40:16Z,2026-03-25T02:22:39Z,,
58073,18954,1323,Extreme IX Delhi: Extreme IX LAN,,10000,138275,True,2020-05-20T08:01:41Z,2023-12-25T10:34:54Z,,
58081,40400,1323,Extreme IX Delhi: Extreme IX LAN,Ip address None was claimed by other netixlan,10000,154174,True,2020-05-20T15:08:42Z,2026-04-09T00:03:52Z,,
58146,12192,1323,Extreme IX Delhi: Extreme IX LAN,,10000,132566,True,2020-05-25T05:07:22Z,2026-03-25T02:22:38Z,,
58259,39232,1323,Extreme IX Delhi: Extreme IX LAN,,1000,135682,True,2020-05-29T11:13:53Z,2026-07-15T00:47:41Z,,
58317,12715,1323,Extreme IX Delhi: Extreme IX LAN,,100000,134674,True,2020-06-02T07:56:52Z,2026-03-25T02:22:39Z,,
58324,16870,1323,Extreme IX Delhi: Extreme IX LAN,Ip address None was claimed by other netixlan,10000,135232,True,2020-06-02T14:08:13Z,2026-03-25T02:22:39Z,,
58358,2,1323,Extreme IX Delhi: Extreme IX LAN,,200000,20940,True,2020-06-03T12:44:00Z,2026-03-26T17:22:31Z,,
58468,10274,1323,Extreme IX Delhi: Extreme IX LAN,,10000,135183,True,2020-06-08T09:12:20Z,2026-03-25T02:22:38Z,,
58784,12550,1323,Extreme IX Delhi: Extreme IX LAN,Ip address None was claimed by other netixlan,10000,38571,True,2020-06-20T14:37:14Z,2026-03-25T02:22:39Z,,
59127,14387,1323,Extreme IX Delhi: Extreme IX LAN,Ip address None was claimed by other netixlan,100000,45820,True,2020-07-03T14:39:54Z,2026-04-13T01:54:32Z,,
59602,11851,1323,Extreme IX Delhi: Extreme IX LAN,,10000,13150,True,2020-07-21T09:19:59Z,2026-06-19T01:27:50Z,,
59696,17331,1323,Extreme IX Delhi: Extreme IX LAN,,10000,134041,True,2020-07-23T20:03:52Z,2026-06-27T13:48:41Z,,
59842,24059,1323,Extreme IX Delhi: Extreme IX LAN,Ip address None was claimed by other netixlan,1000,135756,True,2020-07-29T13:28:53Z,2026-03-25T02:22:38Z,,
59846,16184,1323,Extreme IX Delhi: Extreme IX LAN,,10000,134874,True,2020-07-29T16:28:26Z,2026-03-25T02:22:39Z,,
59963,433,1323,Extreme IX Delhi: Extreme IX LAN,,100000,15169,True,2020-08-03T11:11:44Z,2026-03-26T17:22:31Z,,
60080,694,1323,Extreme IX Delhi: Extreme IX LAN,,100000,8075,True,2020-08-07T21:39:25Z,2026-03-26T17:22:31Z,,
61075,11415,1323,Extreme IX Delhi: Extreme IX LAN,,100000,135738,True,2020-09-20T11:25:40Z,2026-03-25T02:22:38Z,,
61686,21879,1323,Extreme IX Delhi: Extreme IX LAN,,10000,138734,True,2020-10-20T10:18:39Z,2026-03-25T02:22:38Z,,
61880,9065,1323,Extreme IX Delhi: Extreme IX LAN,,10000,203724,True,2020-10-28T04:51:58Z,2026-03-26T17:22:31Z,,
61902,40571,1323,Extreme IX Delhi: Extreme IX LAN,Ip address None was claimed by other netixlan,10000,134303,True,2020-10-29T06:49:16Z,2026-03-25T02:22:38Z,,
62050,9065,1323,Extreme IX Delhi: Extreme IX LAN,,10000,203724,True,2020-11-06T11:35:30Z,2026-03-26T17:22:31Z,,
62769,33597,1323,Extreme IX Delhi: Extreme IX LAN,,10000,138718,True,2020-11-21T09:15:24Z,2026-03-25T02:22:38Z,,
63181,40219,1323,Extreme IX Delhi: Extreme IX LAN,,10000,154137,True,2020-12-07T17:59:47Z,2025-09-02T01:47:20Z,,
63182,15000,1323,Extreme IX Delhi: Extreme IX LAN,Ip address None was claimed by other netixlan,30720,133661,True,2020-12-07T17:59:47Z,2026-03-26T17:22:30Z,,
63315,25219,1323,Extreme IX Delhi: Extreme IX LAN,,100000,141253,True,2020-12-11T10:51:05Z,2026-06-13T01:20:07Z,,
63415,8167,1323,Extreme IX Delhi: Extreme IX LAN,,10000,17747,True,2020-12-17T08:54:34Z,2026-03-26T17:22:31Z,,
63683,18377,1323,Extreme IX Delhi: Extreme IX LAN,,10000,135802,True,2021-01-02T00:08:38Z,2024-10-29T05:27:31Z,,
64234,36625,1323,Extreme IX Delhi: Extreme IX LAN,,100000,151732,True,2021-01-29T06:21:30Z,2026-03-25T02:22:39Z,,
64805,27154,1323,Extreme IX Delhi: Extreme IX LAN,,10000,50839,True,2021-02-22T07:06:02Z,2026-09-03T04:06:25Z,,
65470,8264,1323,Extreme IX Delhi: Extreme IX LAN,,100000,132754,True,2021-03-18T16:22:58Z,2026-03-25T02:22:38Z,,
65537,26288,1323,Extreme IX Delhi: Extreme IX LAN,,10000,139562,True,2021-03-22T04:39:46Z,2026-03-25T02:22:38Z,,
65948,13932,1323,Extreme IX Delhi: Extreme IX LAN,Ip address None was claimed by other netixlan,10000,38740,True,2021-04-02T13:13:07Z,2026-03-25T02:22:38Z,,
66429,28945,1323,Extreme IX Delhi: Extreme IX LAN,,1000,134940,True,2021-04-16T08:07:22Z,2026-03-26T17:22:30Z,,
66551,29240,1323,Extreme IX Delhi: Extreme IX LAN,,12000,136362,True,2021-04-20T12:06:41Z,2026-03-26T17:22:30Z,,
68137,14340,1323,Extreme IX Delhi: Extreme IX LAN,,10000,135834,True,2021-06-23T09:04:50Z,2026-03-25T02:22:39Z,,
68275,27639,1323,Extreme IX Delhi: Extreme IX LAN,,10000,135259,True,2021-06-28T08:50:53Z,2026-03-25T02:22:38Z,,
68277,5933,1323,Extreme IX Delhi: Extreme IX LAN,,10000,17625,True,2021-06-28T10:36:07Z,2026-03-25T02:22:38Z,,
68301,27306,1323,Extreme IX Delhi: Extreme IX LAN,,10000,134294,True,2021-06-29T11:09:02Z,2026-03-25T02:22:39Z,,
68639,12916,1323,Extreme IX Delhi: Extreme IX LAN,,6000,136280,True,2021-07-12T12:33:26Z,2026-03-26T17:22:30Z,,
68679,5666,1323,Extreme IX Delhi: Extreme IX LAN,,10000,58715,True,2021-07-14T00:08:56Z,2026-09-02T01:17:03Z,,
68925,27371,1323,Extreme IX Delhi: Extreme IX LAN,,10000,142488,True,2021-07-22T06:09:55Z,2026-03-25T02:22:39Z,,
69273,20325,1323,Extreme IX Delhi: Extreme IX LAN,,3000,135760,True,2021-08-03T16:06:02Z,2026-03-26T17:22:31Z,,
69606,17242,1323,Extreme IX Delhi: Extreme IX LAN,,1000,135139,True,2021-08-18T09:41:03Z,2026-03-26T17:22:31Z,,
72041,9903,1323,Extreme IX Delhi: Extreme IX LAN,,30000,133676,True,2021-12-16T05:42:02Z,2024-11-13T07:44:28Z,,
72184,24511,1323,Extreme IX Delhi: Extreme IX LAN,,10000,134308,True,2021-12-25T08:05:35Z,2026-03-28T01:51:38Z,,
72240,37192,1323,Extreme IX Delhi: Extreme IX LAN,,10000,198771,True,2021-12-29T03:53:30Z,2026-03-26T17:22:31Z,,
72800,10711,1323,Extreme IX Delhi: Extreme IX LAN,,10000,132768,True,2022-02-01T12:21:02Z,2026-03-26T17:22:31Z,,
73070,2536,1323,Extreme IX Delhi: Extreme IX LAN,,30000,9583,True,2022-02-15T00:17:01Z,2026-03-25T02:22:38Z,,
73318,15211,1323,Extreme IX Delhi: Extreme IX LAN,,40000,134922,True,2022-02-27T11:58:53Z,2026-06-05T01:19:17Z,,
73332,979,1323,Extreme IX Delhi: Extreme IX LAN,,300000,32934,True,2022-02-28T16:47:15Z,2026-03-26T17:22:31Z,,
73924,29549,1323,Extreme IX Delhi: Extreme IX LAN,,10000,133716,True,2022-03-25T12:15:54Z,2026-03-25T02:22:38Z,,
75084,18197,1323,Extreme IX Delhi: Extreme IX LAN,,10000,136308,True,2022-05-27T00:12:37Z,2026-05-20T01:50:47Z,,
75201,30077,1323,Extreme IX Delhi: Extreme IX LAN,,6000,137114,True,2022-06-02T06:47:47Z,2026-03-26T17:22:31Z,,
76535,32178,1323,Extreme IX Delhi: Extreme IX LAN,,10000,149765,True,2022-08-09T08:56:07Z,2026-03-25T02:22:39Z,,
76614,37192,1323,Extreme IX Delhi: Extreme IX LAN,,10000,198771,True,2022-08-13T06:39:15Z,2026-03-26T17:22:31Z,,
77055,4837,1323,Extreme IX Delhi: Extreme IX LAN,,100000,18229,True,2022-09-09T00:16:24Z,2026-08-28T01:07:07Z,,
77102,26057,1323,Extreme IX Delhi: Extreme IX LAN,,100000,141529,True,2022-09-12T14:01:36Z,2026-08-31T01:03:36Z,,
77323,8683,1323,Extreme IX Delhi: Extreme IX LAN,,100000,53813,True,2022-09-24T00:57:32Z,2026-03-26T17:22:30Z,,
77324,8683,1323,Extreme IX Delhi: Extreme IX LAN,,100000,53813,True,2022-09-24T00:58:07Z,2026-03-26T17:22:30Z,,
77857,979,1323,Extreme IX Delhi: Extreme IX LAN,,300000,32934,True,2022-10-21T00:16:32Z,2026-03-26T17:22:31Z,,
79610,9355,1323,Extreme IX Delhi: Extreme IX LAN,,10000,23860,True,2023-01-05T14:34:27Z,2026-07-11T00:54:09Z,,
79627,16882,1323,Extreme IX Delhi: Extreme IX LAN,,10000,137633,True,2023-01-06T11:52:54Z,2026-08-08T00:57:34Z,,
80592,13591,1323,Extreme IX Delhi: Extreme IX LAN,,10000,17488,True,2023-02-09T00:17:45Z,2026-03-25T02:22:38Z,,
80984,41491,1323,Extreme IX Delhi: Extreme IX LAN,,1000,138233,True,2023-02-26T04:43:39Z,2026-08-25T01:23:36Z,,
84656,23509,1323,Extreme IX Delhi: Extreme IX LAN,,20000,135746,True,2023-07-30T00:18:28Z,2026-06-10T01:20:37Z,,
85720,286,1323,Extreme IX Delhi: Extreme IX LAN,,10000,3856,True,2023-09-15T01:01:05Z,2026-03-25T02:22:38Z,,
85743,5871,1323,Extreme IX Delhi: Extreme IX LAN,,10000,45916,True,2023-09-16T03:08:24Z,2026-03-26T17:22:30Z,,
86887,25024,1323,Extreme IX Delhi: Extreme IX LAN,,10000,141383,True,2023-11-01T17:25:58Z,2026-03-26T17:22:31Z,,
88657,32703,1323,Extreme IX Delhi: Extreme IX LAN,,10000,132746,True,2024-01-12T02:44:35Z,2026-03-26T17:22:31Z,,
90420,17791,1323,Extreme IX Delhi: Extreme IX LAN,,1000,137139,True,2024-03-28T01:14:30Z,2026-07-30T00:57:28Z,,
96540,13955,1323,Extreme IX Delhi: Extreme IX LAN,,10000,134319,True,2024-11-22T09:55:27Z,2026-03-26T17:22:31Z,,
99557,9903,1323,Extreme IX Delhi: Extreme IX LAN,,1000,133676,True,2025-04-08T05:35:47Z,2025-04-09T06:57:23Z,,
100137,39127,1323,Extreme IX Delhi: Extreme IX LAN,,10000,147233,True,2025-05-08T10:02:06Z,2026-03-25T02:22:38Z,,
100727,6591,1323,Extreme IX Delhi: Extreme IX LAN,,10000,55195,True,2025-06-05T14:20:59Z,2026-03-26T17:22:30Z,,
102106,24602,1323,Extreme IX Delhi: Extreme IX LAN,,10000,136306,True,2025-08-08T01:46:41Z,2026-05-13T01:52:45Z,,
102107,43126,1323,Extreme IX Delhi: Extreme IX LAN,,10000,152519,True,2025-08-08T01:46:41Z,2026-08-06T19:39:57Z,,
103032,30288,1323,Extreme IX Delhi: Extreme IX LAN,,10000,138786,True,2025-09-16T07:18:59Z,2026-03-25T02:22:39Z,,
104416,40430,1323,Extreme IX Delhi: Extreme IX LAN,,10000,154187,True,2025-11-03T11:16:51Z,2026-04-04T16:50:09Z,,
104589,27014,1323,Extreme IX Delhi: Extreme IX LAN,,10000,38625,True,2025-11-07T02:01:14Z,2025-11-07T02:01:15Z,,
105951,41207,1323,Extreme IX Delhi: Extreme IX LAN,,100000,153252,True,2026-01-06T11:31:37Z,2026-03-25T02:22:39Z,,
107843,41755,1323,Extreme IX Delhi: Extreme IX LAN,,10000,151691,True,2026-03-09T06:58:52Z,2026-03-26T17:22:31Z,,
108640,14470,1323,Extreme IX Delhi: Extreme IX LAN,,40000,136319,True,2026-04-07T01:56:06Z,2026-08-01T00:51:12Z,,
109336,31433,1323,Extreme IX Delhi: Extreme IX LAN,,10000,135712,True,2026-05-02T01:55:52Z,2026-05-02T01:55:53Z,,
110533,39621,1323,Extreme IX Delhi: Extreme IX LAN,,10000,146943,True,2026-06-15T10:04:23Z,2026-06-29T06:56:57Z,,
111505,42352,1323,Extreme IX Delhi: Extreme IX LAN,,10000,154466,True,2026-07-23T00:44:48Z,2026-08-03T00:52:41Z,,
32412,9965,1577,Kolkata IX: Main,,1000,133643,True,2017-01-04T07:46:54Z,2020-02-19T04:07:59Z,,
32946,7682,1577,Kolkata IX: Main,,10000,45335,True,2017-02-03T08:21:40Z,2020-02-19T04:07:59Z,,
64137,24285,1577,Kolkata IX: Main,,10000,141014,True,2021-01-25T11:53:25Z,2021-09-20T11:37:55Z,,
69864,27741,1577,Kolkata IX: Main,,1000,146951,True,2021-08-30T20:12:48Z,2022-06-08T10:49:26Z,,
70007,979,1577,Kolkata IX: Main,,100000,32934,True,2021-09-07T01:56:46Z,2024-06-18T01:23:34Z,,
70008,979,1577,Kolkata IX: Main,,100000,32934,True,2021-09-07T01:57:12Z,2024-06-18T01:23:34Z,,
70179,12197,1577,Kolkata IX: Main,,1000,132921,True,2021-09-16T11:17:22Z,2021-09-21T07:55:03Z,,
70269,12197,1577,Kolkata IX: Main,,1000,132921,True,2021-09-21T07:55:52Z,2021-09-21T07:57:30Z,,
70657,16598,1577,Kolkata IX: Main,,10000,32261,False,2021-10-08T19:07:29Z,2022-05-13T20:07:59Z,,
70686,2,1577,Kolkata IX: Main,,100000,20940,True,2021-10-11T20:01:06Z,2024-07-03T15:03:19Z,,
73530,14103,1577,Kolkata IX: Main,,10000,24186,True,2022-03-10T10:33:08Z,2022-03-10T10:33:08Z,,
75686,23145,1577,Kolkata IX: Main,,1000,139495,True,2022-06-28T14:25:01Z,2023-08-24T14:00:56Z,,
79278,2536,1577,Kolkata IX: Main,,10000,9583,True,2022-12-22T06:10:01Z,2022-12-22T06:10:01Z,,
80081,31183,1577,Kolkata IX: Main,,1000,141490,True,2023-01-20T10:26:22Z,2023-04-11T06:48:20Z,,
81111,20325,1577,Kolkata IX: Main,,20000,135760,True,2023-03-02T18:45:30Z,2024-02-12T13:57:51Z,,
81182,34503,1577,Kolkata IX: Main,,10000,150591,True,2023-03-06T05:50:27Z,2023-12-05T06:44:30Z,,
82636,26978,1577,Kolkata IX: Main,,20000,139009,True,2023-05-04T16:21:32Z,2023-05-04T16:21:50Z,,
82879,3924,1577,Kolkata IX: Main,,10000,42,True,2023-05-17T09:27:07Z,2023-05-17T09:27:08Z,,
82880,286,1577,Kolkata IX: Main,,10000,3856,True,2023-05-17T09:28:05Z,2023-05-17T09:28:05Z,,
83103,10895,1577,Kolkata IX: Main,,100000,45775,True,2023-05-25T13:19:18Z,2025-04-28T07:59:42Z,,
85115,15048,1577,Kolkata IX: Main,,10000,133240,True,2023-08-18T12:29:54Z,2024-04-30T16:09:28Z,,
86898,34537,1577,Kolkata IX: Main,,500,151712,True,2023-11-02T07:17:53Z,2025-05-05T10:19:19Z,,
87137,31085,1577,Kolkata IX: Main,,10000,147255,True,2023-11-14T12:56:34Z,2023-11-14T12:56:34Z,,
92256,31733,1577,Kolkata IX: Main,,10000,142485,True,2024-06-10T04:21:46Z,2024-06-10T04:21:47Z,,
94895,29208,1577,Kolkata IX: Main,,10000,134302,True,2024-09-20T11:25:36Z,2024-12-26T05:56:51Z,,
96906,825,1577,Kolkata IX: Main,,1000,7500,True,2024-12-06T07:57:51Z,2024-12-06T07:57:51Z,,
99782,34858,1577,Kolkata IX: Main,,10000,151690,True,2025-04-21T10:01:02Z,2025-04-21T10:01:02Z,,
103215,30960,1577,Kolkata IX: Main,,10000,150178,True,2025-09-24T08:31:03Z,2025-09-24T08:31:03Z,,
103768,27874,1577,Kolkata IX: Main,,0,23726,True,2025-10-07T11:50:50Z,2025-10-07T11:50:50Z,,
105954,41192,1577,Kolkata IX: Main,,10000,154455,True,2026-01-06T15:01:33Z,2026-01-06T15:01:33Z,,
110938,22373,1577,Kolkata IX: Main,,10000,138754,True,2026-07-01T05:29:09Z,2026-07-01T13:10:33Z,,
36750,2536,1623,AMS-IX Mumbai,,40000,9583,True,2017-09-08T10:03:05Z,2026-03-26T17:25:19Z,,
37196,979,1623,AMS-IX Mumbai,,30000,32934,True,2017-10-04T08:49:18Z,2026-03-26T17:25:19Z,,
37197,979,1623,AMS-IX Mumbai,,30000,32934,True,2017-10-04T08:50:01Z,2026-03-26T17:25:19Z,,
37360,14899,1623,AMS-IX Mumbai,,100000,24193,True,2017-10-13T06:37:26Z,2026-04-23T01:56:07Z,,
40550,9343,1623,AMS-IX Mumbai,,10000,132116,True,2018-04-03T06:17:28Z,2026-03-26T17:25:20Z,,
41113,694,1623,AMS-IX Mumbai,,20000,8075,True,2018-04-27T21:06:15Z,2026-03-26T17:25:19Z,,
42106,16943,1623,AMS-IX Mumbai,,10000,136336,True,2018-06-23T15:31:03Z,2026-03-26T17:25:19Z,,
43042,457,1623,AMS-IX Mumbai,,10000,2906,True,2018-08-14T10:40:55Z,2026-03-26T17:25:19Z,,
43101,9005,1623,AMS-IX Mumbai,Ip address None was claimed by other netixlan,1000,134326,True,2018-08-16T17:08:59Z,2026-03-26T17:25:19Z,,
43104,12227,1623,AMS-IX Mumbai,,10000,59165,True,2018-08-17T06:57:58Z,2026-03-26T17:25:19Z,,
43879,7778,1623,AMS-IX Mumbai,,1000,133678,True,2018-09-20T18:32:49Z,2026-03-26T17:25:19Z,,
44297,17962,1623,AMS-IX Mumbai,Ip address None was claimed by other netixlan,1000,134861,True,2018-10-06T08:25:39Z,2026-03-26T17:25:19Z,,
44395,7961,1623,AMS-IX Mumbai,,20000,132770,True,2018-10-10T07:00:10Z,2026-03-26T17:25:19Z,,
44416,13001,1623,AMS-IX Mumbai,,10000,136334,True,2018-10-11T11:46:30Z,2026-03-26T17:25:19Z,,
44665,9971,1623,AMS-IX Mumbai,,1000,132220,True,2018-10-23T07:44:16Z,2026-06-02T01:20:15Z,,
45072,26500,1623,AMS-IX Mumbai,,10000,137645,True,2018-11-09T08:57:51Z,2026-03-26T17:25:19Z,,
45361,18377,1623,AMS-IX Mumbai,,1000,135802,True,2018-11-21T10:31:13Z,2026-03-26T17:25:19Z,,
47800,8366,1623,AMS-IX Mumbai,,10000,24309,True,2019-03-01T07:28:42Z,2026-03-26T17:25:19Z,,
49401,3554,1623,AMS-IX Mumbai,,10000,714,True,2019-05-08T13:31:00Z,2026-03-26T17:25:19Z,,
49402,3554,1623,AMS-IX Mumbai,,10000,714,True,2019-05-08T13:32:42Z,2026-07-14T01:30:53Z,,
49673,3684,1623,AMS-IX Mumbai,,10000,18209,True,2019-05-21T19:28:49Z,2026-03-26T17:25:19Z,,
50090,14340,1623,AMS-IX Mumbai,,10000,135834,True,2019-06-07T11:45:11Z,2026-03-26T17:25:19Z,,
50497,31183,1623,AMS-IX Mumbai,Ip address None was claimed by other netixlan,1000,141490,True,2019-06-26T14:41:29Z,2026-03-26T17:25:19Z,,
50681,1234,1623,AMS-IX Mumbai,,20000,21859,True,2019-07-04T16:29:27Z,2026-03-26T17:25:20Z,,
51037,17937,1623,AMS-IX Mumbai,,10000,138296,True,2019-07-22T15:24:50Z,2026-03-26T17:25:19Z,,
52119,10670,1623,AMS-IX Mumbai,,10000,55256,True,2019-09-12T17:46:55Z,2026-03-26T17:25:20Z,,
54658,20345,1623,AMS-IX Mumbai,,500,134933,True,2020-01-07T14:47:55Z,2026-03-26T17:25:19Z,,
55918,22493,1623,AMS-IX Mumbai,,1000,135725,True,2020-03-02T06:14:20Z,2026-03-26T17:25:19Z,,
57850,20631,1623,AMS-IX Mumbai,,1000,137153,True,2020-05-12T05:31:03Z,2026-03-26T17:25:19Z,,
57926,7117,1623,AMS-IX Mumbai,Ip address None was claimed by other netixlan,10000,132215,True,2020-05-14T08:45:02Z,2026-03-26T17:25:19Z,,
59162,5167,1623,AMS-IX Mumbai,,10000,17665,True,2020-07-06T06:07:07Z,2026-03-26T17:25:19Z,,
59188,23839,1623,AMS-IX Mumbai,,1000,140166,True,2020-07-06T13:20:51Z,2026-03-26T17:25:19Z,,
59217,5666,1623,AMS-IX Mumbai,,10000,58715,True,2020-07-07T06:18:39Z,2026-03-26T17:25:19Z,,
59367,23887,1623,AMS-IX Mumbai,,500,139533,True,2020-07-10T09:25:28Z,2026-03-26T17:25:19Z,,
60462,3115,1623,AMS-IX Mumbai,,10000,45845,True,2020-08-21T11:06:16Z,2026-03-26T17:25:19Z,,
61181,2,1623,AMS-IX Mumbai,,100000,20940,True,2020-09-25T12:44:43Z,2026-03-26T17:25:19Z,,
61253,24721,1623,AMS-IX Mumbai,,1000,140195,True,2020-09-29T13:16:58Z,2026-03-26T17:25:19Z,,
61390,14913,1623,AMS-IX Mumbai,,500,136626,True,2020-10-07T09:06:26Z,2026-03-26T17:25:19Z,,
61987,2,1623,AMS-IX Mumbai,,40000,20940,True,2020-11-03T01:50:23Z,2026-03-26T17:25:19Z,,
64606,694,1623,AMS-IX Mumbai,,20000,8075,True,2021-02-11T18:39:16Z,2026-03-26T17:25:19Z,,
67613,42229,1623,AMS-IX Mumbai,,10000,151347,True,2021-05-31T08:34:29Z,2026-05-15T14:32:09Z,,
78062,17266,1623,AMS-IX Mumbai,,1000,134249,True,2022-10-31T07:16:57Z,2026-03-26T17:25:19Z,,
84539,4224,1623,AMS-IX Mumbai,,10000,13335,True,2023-07-25T18:29:24Z,2026-03-26T17:25:19Z,,
85779,17522,1623,AMS-IX Mumbai,,10000,136641,True,2023-09-18T16:39:10Z,2026-03-26T17:25:19Z,,
87045,32543,1623,AMS-IX Mumbai,,10000,147226,True,2023-11-08T18:29:28Z,2026-03-26T17:25:19Z,,
87183,4837,1623,AMS-IX Mumbai,,10000,18229,True,2023-11-16T11:33:51Z,2026-03-26T17:25:19Z,,
88767,11592,1623,AMS-IX Mumbai,,10000,132137,True,2024-01-18T05:50:43Z,2026-03-26T17:25:19Z,,
88896,1613,1623,AMS-IX Mumbai,,20000,36351,True,2024-01-23T04:14:29Z,2026-03-26T17:25:19Z,,
89000,4837,1623,AMS-IX Mumbai,,10000,18229,True,2024-01-27T16:14:06Z,2026-03-26T17:25:19Z,,
90844,10374,1623,AMS-IX Mumbai,,1000,135247,True,2024-04-12T15:22:28Z,2026-05-03T02:00:00Z,,
90845,5489,1623,AMS-IX Mumbai,,10000,55947,True,2024-04-12T15:22:28Z,2026-03-26T17:25:20Z,,
90846,8279,1623,AMS-IX Mumbai,,10000,58678,True,2024-04-12T15:22:29Z,2026-03-26T17:25:19Z,,
90848,10681,1623,AMS-IX Mumbai,,1000,133296,True,2024-04-12T15:22:29Z,2026-03-26T17:25:19Z,,
90849,12715,1623,AMS-IX Mumbai,,10000,134674,True,2024-04-12T15:22:29Z,2026-03-26T17:25:19Z,,
91383,4125,1623,AMS-IX Mumbai,,10000,55832,True,2024-05-02T08:15:15Z,2026-03-26T17:25:19Z,,
91397,25786,1623,AMS-IX Mumbai,,10000,141280,True,2024-05-03T01:19:21Z,2026-08-26T01:33:39Z,,
91750,22373,1623,AMS-IX Mumbai,,10000,138754,True,2024-05-18T01:17:04Z,2026-03-26T17:25:19Z,,
92337,3554,1623,AMS-IX Mumbai,,100000,714,True,2024-06-13T01:18:23Z,2026-03-26T17:25:19Z,,
92411,3554,1623,AMS-IX Mumbai,,100000,714,True,2024-06-15T01:20:30Z,2026-03-26T17:25:19Z,,
92606,4317,1623,AMS-IX Mumbai,,10000,55352,True,2024-06-25T10:14:52Z,2026-03-26T17:25:19Z,,
93774,24658,1623,AMS-IX Mumbai,,1000,140133,True,2024-08-07T08:55:33Z,2026-03-26T17:25:19Z,,
95078,35867,1623,AMS-IX Mumbai,,10000,152565,True,2024-09-28T09:25:08Z,2026-03-26T17:25:19Z,,
95384,32961,1623,AMS-IX Mumbai,,1000,141842,True,2024-10-09T01:32:57Z,2026-03-26T17:25:19Z,,
95579,12978,1623,AMS-IX Mumbai,,10000,133271,True,2024-10-17T09:50:46Z,2026-03-26T17:25:19Z,,
95867,32543,1623,AMS-IX Mumbai,,1000,147226,True,2024-10-26T01:40:42Z,2026-08-26T01:33:39Z,,
96226,11494,1623,AMS-IX Mumbai,,10000,133968,True,2024-11-09T01:31:45Z,2026-03-26T17:25:19Z,,
96468,34858,1623,AMS-IX Mumbai,,10000,151690,True,2024-11-19T01:37:03Z,2026-03-26T17:25:19Z,,
97051,28195,1623,AMS-IX Mumbai,,10000,146908,True,2024-12-13T10:07:33Z,2026-05-14T01:57:42Z,,
97182,9470,1623,AMS-IX Mumbai,,10000,54994,True,2024-12-18T08:32:52Z,2026-03-26T17:25:19Z,,
97263,813,1623,AMS-IX Mumbai,,10000,20473,True,2024-12-20T14:48:51Z,2026-03-26T17:25:19Z,,
99885,35867,1623,AMS-IX Mumbai,,100000,152565,True,2025-04-25T07:05:55Z,2026-03-26T17:25:19Z,,
103200,38565,1623,AMS-IX Mumbai,,10000,150623,True,2025-09-23T13:12:48Z,2026-07-02T19:35:06Z,,
104001,12698,1623,AMS-IX Mumbai,,1000,134858,True,2025-10-17T01:48:35Z,2026-03-26T17:25:19Z,,
104329,10400,1623,AMS-IX Mumbai,,10000,58659,True,2025-10-31T01:55:13Z,2026-03-26T17:25:19Z,,
105252,25219,1623,AMS-IX Mumbai,,10000,141253,True,2025-12-03T01:53:24Z,2026-03-26T17:25:19Z,,
105339,10264,1623,AMS-IX Mumbai,,10000,134014,True,2025-12-07T01:49:57Z,2026-03-26T17:25:19Z,,
109097,3924,1623,AMS-IX Mumbai,,10000,42,True,2026-04-22T01:59:04Z,2026-04-22T01:59:05Z,,
112452,34243,1623,AMS-IX Mumbai,,100000,135709,True,2026-08-24T16:19:29Z,2026-08-25T01:25:46Z,,
34403,433,1627,Extreme IX Mumbai: Extreme IX,,300000,15169,True,2017-04-27T14:57:18Z,2026-03-26T17:27:07Z,,
34915,29406,1627,Extreme IX Mumbai: Extreme IX,Ip address None was claimed by other netixlan,10000,133591,True,2017-05-26T09:14:12Z,2026-08-06T01:11:37Z,,
35131,28195,1627,Extreme IX Mumbai: Extreme IX,Ip address None was claimed by other netixlan,100000,146908,True,2017-06-08T13:05:21Z,2026-02-26T08:17:13Z,,
35408,979,1627,Extreme IX Mumbai: Extreme IX,,200000,32934,True,2017-06-26T10:00:55Z,2026-03-26T17:27:08Z,,
35409,979,1627,Extreme IX Mumbai: Extreme IX,,200000,32934,True,2017-06-26T10:01:30Z,2026-03-26T17:27:08Z,,
35618,10400,1627,Extreme IX Mumbai: Extreme IX,,10000,58659,True,2017-07-01T16:40:08Z,2026-03-25T02:26:01Z,,
35951,10151,1627,Extreme IX Mumbai: Extreme IX,,10000,18002,True,2017-07-21T04:30:51Z,2026-06-11T01:22:01Z,,
36067,27663,1627,Extreme IX Mumbai: Extreme IX,,0,8849,True,2017-07-27T12:05:28Z,2023-11-30T13:54:29Z,,
36225,457,1627,Extreme IX Mumbai: Extreme IX,,100000,2906,True,2017-08-09T07:04:07Z,2026-06-09T05:57:11Z,,
36256,11525,1627,Extreme IX Mumbai: Extreme IX,,10000,134913,True,2017-08-10T17:43:06Z,2026-09-04T00:55:47Z,,
36265,1418,1627,Extreme IX Mumbai: Extreme IX,,100000,16509,True,2017-08-11T20:46:23Z,2026-03-26T17:27:08Z,,
36500,10264,1627,Extreme IX Mumbai: Extreme IX,,10000,134014,True,2017-08-25T09:17:35Z,2026-03-25T02:26:01Z,,
36509,14340,1627,Extreme IX Mumbai: Extreme IX,,10000,135834,True,2017-08-25T14:06:22Z,2026-03-25T02:26:01Z,,
36551,14446,1627,Extreme IX Mumbai: Extreme IX,,30000,133007,True,2017-08-29T07:03:23Z,2022-04-08T09:27:08Z,,
36635,14583,1627,Extreme IX Mumbai: Extreme IX,,10000,49378,True,2017-08-31T21:36:29Z,2026-03-26T17:27:07Z,,
36636,14583,1627,Extreme IX Mumbai: Extreme IX,,10000,49378,True,2017-08-31T21:36:59Z,2026-03-26T17:27:07Z,,
36926,8577,1627,Extreme IX Mumbai: Extreme IX,,60000,133982,True,2017-09-18T12:45:14Z,2026-03-26T17:27:07Z,,
37169,20879,1627,Extreme IX Mumbai: Extreme IX,Ip address None was claimed by other netixlan,100000,138311,True,2017-10-03T05:53:02Z,2026-03-25T02:26:01Z,,
37522,3554,1627,Extreme IX Mumbai: Extreme IX,,100000,714,True,2017-10-24T10:52:21Z,2026-03-25T02:26:01Z,,
37682,8893,1627,Extreme IX Mumbai: Extreme IX,,30000,134053,True,2017-10-31T05:35:13Z,2026-04-23T07:25:32Z,,
37731,42352,1627,Extreme IX Mumbai: Extreme IX,Ip address None was claimed by other netixlan,10000,154466,True,2017-11-01T17:23:50Z,2026-08-06T01:11:37Z,,
37767,9971,1627,Extreme IX Mumbai: Extreme IX,,100000,132220,True,2017-11-04T13:50:27Z,2026-06-02T01:21:09Z,,
37854,26003,1627,Extreme IX Mumbai: Extreme IX,,10000,141519,True,2017-11-08T03:53:44Z,2026-03-25T02:26:01Z,,
38246,11590,1627,Extreme IX Mumbai: Extreme IX,,10000,134012,True,2017-11-29T06:55:25Z,2026-03-25T02:26:01Z,,
38308,12834,1627,Extreme IX Mumbai: Extreme IX,,40000,135718,True,2017-12-02T10:00:18Z,2026-09-02T01:19:52Z,,
38590,10895,1627,Extreme IX Mumbai: Extreme IX,,20000,45775,True,2017-12-14T08:16:12Z,2026-03-25T02:26:00Z,,
38594,42164,1627,Extreme IX Mumbai: Extreme IX,,10000,154606,True,2017-12-14T11:30:43Z,2026-07-13T17:57:15Z,,
38772,3195,1627,Extreme IX Mumbai: Extreme IX,,10000,4862,True,2017-12-22T11:16:50Z,2026-07-11T00:56:10Z,,
38824,15093,1627,Extreme IX Mumbai: Extreme IX,Ip address None was claimed by other netixlan,10000,43009,True,2017-12-28T07:42:18Z,2026-03-25T02:26:01Z,,
38909,5918,1627,Extreme IX Mumbai: Extreme IX,Ip address None was claimed by other netixlan,10000,6507,True,2018-01-05T08:58:42Z,2026-03-25T02:26:01Z,,
39016,9493,1627,Extreme IX Mumbai: Extreme IX,,10000,133255,True,2018-01-12T16:43:11Z,2026-03-25T02:26:01Z,,
39028,25453,1627,Extreme IX Mumbai: Extreme IX,,10000,134345,True,2018-01-15T08:15:12Z,2025-11-02T01:58:56Z,,
39033,7961,1627,Extreme IX Mumbai: Extreme IX,,100000,132770,True,2018-01-15T10:06:24Z,2026-03-26T17:27:07Z,,
39060,457,1627,Extreme IX Mumbai: Extreme IX,,100000,2906,True,2018-01-16T14:56:16Z,2026-06-09T05:57:11Z,,
39086,9054,1627,Extreme IX Mumbai: Extreme IX,,10000,17426,True,2018-01-17T12:26:16Z,2026-03-26T17:27:07Z,,
39347,5056,1627,Extreme IX Mumbai: Extreme IX,,40000,45415,True,2018-01-31T12:33:47Z,2026-03-25T02:26:01Z,,
39437,3514,1627,Extreme IX Mumbai: Extreme IX,Ip address None was claimed by other netixlan,1000,10029,True,2018-02-05T13:31:54Z,2026-03-26T17:27:07Z,,
39444,36633,1627,Extreme IX Mumbai: Extreme IX,,3000,150063,True,2018-02-05T17:04:43Z,2026-03-26T17:27:07Z,,
39488,15770,1627,Extreme IX Mumbai: Extreme IX,,10000,135852,True,2018-02-07T12:40:58Z,2026-07-31T00:58:49Z,,
39723,14472,1627,Extreme IX Mumbai: Extreme IX,,10000,52000,True,2018-02-19T11:01:32Z,2026-05-28T01:24:37Z,,
39729,18747,1627,Extreme IX Mumbai: Extreme IX,,200000,14593,True,2018-02-20T09:01:56Z,2026-03-26T17:27:07Z,,
39809,11672,1627,Extreme IX Mumbai: Extreme IX,,10000,134001,True,2018-02-22T14:11:12Z,2026-03-26T17:27:07Z,,
39825,32378,1627,Extreme IX Mumbai: Extreme IX,Ip address None was claimed by other netixlan,100000,150593,True,2018-02-23T11:46:51Z,2025-06-10T01:47:13Z,,
39833,19132,1627,Extreme IX Mumbai: Extreme IX,Ip address None was claimed by other netixlan,10000,136639,True,2018-02-23T19:42:31Z,2026-03-25T02:26:00Z,,
40016,25975,1627,Extreme IX Mumbai: Extreme IX,Ip address None was claimed by other netixlan,10000,132570,True,2018-03-05T08:48:30Z,2025-05-22T01:49:26Z,,
40041,854,1627,Extreme IX Mumbai: Extreme IX,,100000,36692,True,2018-03-06T04:16:52Z,2026-04-02T14:51:50Z,,
40123,15410,1627,Extreme IX Mumbai: Extreme IX,,20000,135872,True,2018-03-12T15:18:39Z,2026-03-25T02:26:01Z,,
40224,5167,1627,Extreme IX Mumbai: Extreme IX,,100000,17665,True,2018-03-16T20:24:25Z,2026-03-25T02:26:01Z,,
40266,433,1627,Extreme IX Mumbai: Extreme IX,Ip address None was claimed by other netixlan,300000,15169,True,2018-03-20T10:51:17Z,2026-03-26T17:27:07Z,,
40269,9355,1627,Extreme IX Mumbai: Extreme IX,,100000,23860,True,2018-03-20T13:32:05Z,2026-07-12T00:52:03Z,,
40304,5520,1627,Extreme IX Mumbai: Extreme IX,,100000,54113,True,2018-03-21T21:49:24Z,2026-03-26T17:27:07Z,,
40305,5520,1627,Extreme IX Mumbai: Extreme IX,,100000,54113,True,2018-03-21T21:57:18Z,2026-03-26T17:27:07Z,,
40424,16233,1627,Extreme IX Mumbai: Extreme IX,,10000,136373,True,2018-03-27T07:46:37Z,2026-06-03T11:34:28Z,,
40451,27471,1627,Extreme IX Mumbai: Extreme IX,Ip address None was claimed by other netixlan,40000,137127,True,2018-03-28T08:02:43Z,2025-05-22T01:49:26Z,,
40691,20451,1627,Extreme IX Mumbai: Extreme IX,,10000,132972,True,2018-04-07T10:24:53Z,2026-03-25T02:26:01Z,,
40715,38119,1627,Extreme IX Mumbai: Extreme IX,Ip address None was claimed by other netixlan,1024,152532,True,2018-04-10T11:25:54Z,2026-03-26T17:27:08Z,,
40750,13300,1627,Extreme IX Mumbai: Extreme IX,,10000,131210,True,2018-04-11T20:42:17Z,2026-03-25T02:26:00Z,,
41103,12160,1627,Extreme IX Mumbai: Extreme IX,,10000,133695,True,2018-04-27T09:37:56Z,2026-03-25T02:26:01Z,,
41197,25219,1627,Extreme IX Mumbai: Extreme IX,Ip address None was claimed by other netixlan,10000,141253,True,2018-05-03T12:03:58Z,2026-03-25T02:26:00Z,,
41333,12235,1627,Extreme IX Mumbai: Extreme IX,,10000,134916,True,2018-05-11T10:56:53Z,2026-03-25T02:26:00Z,,
41372,22373,1627,Extreme IX Mumbai: Extreme IX,,100000,138754,True,2018-05-14T16:07:44Z,2026-03-25T02:26:01Z,,
41614,16163,1627,Extreme IX Mumbai: Extreme IX,,10240,137166,True,2018-05-29T07:36:07Z,2026-03-26T17:27:07Z,,
41642,7117,1627,Extreme IX Mumbai: Extreme IX,Ip address None was claimed by other netixlan,40000,132215,True,2018-05-30T11:22:20Z,2026-03-26T17:27:07Z,,
41730,35196,1627,Extreme IX Mumbai: Extreme IX,,10000,151719,True,2018-06-04T23:02:59Z,2026-03-25T02:26:01Z,,
41787,9003,1627,Extreme IX Mumbai: Extreme IX,,10000,394354,True,2018-06-08T03:45:03Z,2026-07-30T00:59:37Z,,
41899,34513,1627,Extreme IX Mumbai: Extreme IX,,10000,136698,True,2018-06-13T08:48:39Z,2026-07-15T00:49:30Z,,
41926,42229,1627,Extreme IX Mumbai: Extreme IX,Ip address None was claimed by other netixlan,3000,151347,True,2018-06-14T08:40:06Z,2026-08-07T16:25:37Z,,
41987,13000,1627,Extreme IX Mumbai: Extreme IX,,30000,133001,True,2018-06-19T10:33:59Z,2026-03-26T17:27:07Z,,
42324,11441,1627,Extreme IX Mumbai: Extreme IX,Ip address None was claimed by other netixlan,10000,134033,True,2018-07-05T06:22:19Z,2026-03-26T17:27:07Z,,
42379,39232,1627,Extreme IX Mumbai: Extreme IX,,1000,135682,True,2018-07-09T14:14:12Z,2026-07-21T00:54:26Z,,
42409,26374,1627,Extreme IX Mumbai: Extreme IX,,10000,137109,True,2018-07-10T14:55:04Z,2026-03-25T02:26:01Z,,
42592,6861,1627,Extreme IX Mumbai: Extreme IX,,10000,45648,True,2018-07-19T11:12:41Z,2026-03-25T02:26:01Z,,
42599,31273,1627,Extreme IX Mumbai: Extreme IX,,10000,146942,True,2018-07-19T16:48:40Z,2026-07-13T13:06:05Z,,
42642,17000,1627,Extreme IX Mumbai: Extreme IX,,10000,135851,True,2018-07-23T08:38:34Z,2026-03-25T02:26:00Z,,
42662,1171,1627,Extreme IX Mumbai: Extreme IX,,10000,17660,True,2018-07-24T08:29:20Z,2026-03-25T02:26:01Z,,
42785,38131,1627,Extreme IX Mumbai: Extreme IX,Ip address None was claimed by other netixlan,10000,141805,True,2018-07-31T11:21:22Z,2026-04-04T18:06:24Z,,
42856,34243,1627,Extreme IX Mumbai: Extreme IX,,100000,135709,True,2018-08-03T11:17:11Z,2026-03-26T17:27:07Z,,
43227,16271,1627,Extreme IX Mumbai: Extreme IX,,10000,136956,True,2018-08-23T08:28:31Z,2026-06-14T01:25:14Z,,
43229,26655,1627,Extreme IX Mumbai: Extreme IX,Ip address None was claimed by other netixlan,10000,141266,True,2018-08-23T09:58:08Z,2026-03-25T02:26:01Z,,
43546,38565,1627,Extreme IX Mumbai: Extreme IX,,10000,150623,True,2018-09-07T15:00:03Z,2026-07-02T19:35:06Z,,
43570,40552,1627,Extreme IX Mumbai: Extreme IX,,10000,135364,True,2018-09-10T10:18:05Z,2026-03-25T02:26:01Z,,
43622,13717,1627,Extreme IX Mumbai: Extreme IX,,10000,23872,True,2018-09-11T14:17:36Z,2026-06-16T01:22:37Z,,
43922,41229,1627,Extreme IX Mumbai: Extreme IX,,1000,153897,True,2018-09-22T17:36:04Z,2026-03-26T17:27:07Z,,
43989,30280,1627,Extreme IX Mumbai: Extreme IX,,10000,142520,True,2018-09-25T10:23:28Z,2026-03-25T02:26:01Z,,
43995,34728,1627,Extreme IX Mumbai: Extreme IX,,1000,152129,True,2018-09-25T12:01:29Z,2026-03-25T02:26:00Z,,
44085,29618,1627,Extreme IX Mumbai: Extreme IX,Ip address None was claimed by other netixlan,10000,141523,True,2018-09-28T08:31:12Z,2025-12-10T01:57:06Z,,
44111,8279,1627,Extreme IX Mumbai: Extreme IX,,10000,58678,True,2018-09-29T08:42:11Z,2026-06-19T01:30:32Z,,
44112,10477,1627,Extreme IX Mumbai: Extreme IX,Ip address None was claimed by other netixlan,50000,133287,True,2018-09-29T10:01:52Z,2026-03-26T17:27:08Z,,
44180,11044,1627,Extreme IX Mumbai: Extreme IX,,100000,17439,True,2018-10-02T07:12:58Z,2025-07-26T01:48:40Z,,
44205,13182,1627,Extreme IX Mumbai: Extreme IX,,10000,134942,True,2018-10-03T08:06:21Z,2026-03-25T02:26:01Z,,
44298,13001,1627,Extreme IX Mumbai: Extreme IX,,10000,136334,True,2018-10-06T10:43:39Z,2026-03-25T02:26:01Z,,
44309,16017,1627,Extreme IX Mumbai: Extreme IX,,40000,135817,True,2018-10-07T08:48:04Z,2025-11-20T01:59:47Z,,
44367,14876,1627,Extreme IX Mumbai: Extreme IX,,10000,136902,True,2018-10-09T12:26:24Z,2026-03-26T17:27:07Z,,
44868,694,1627,Extreme IX Mumbai: Extreme IX,,200000,8075,True,2018-10-31T03:45:07Z,2026-08-05T09:35:04Z,,
44886,28060,1627,Extreme IX Mumbai: Extreme IX,,10000,146932,True,2018-10-31T13:45:22Z,2026-03-25T02:26:01Z,,
45249,27697,1627,Extreme IX Mumbai: Extreme IX,,10000,141856,True,2018-11-16T08:19:41Z,2026-03-25T02:26:01Z,,
45365,12715,1627,Extreme IX Mumbai: Extreme IX,,100000,134674,True,2018-11-21T13:25:54Z,2026-03-25T02:26:01Z,,
45443,32543,1627,Extreme IX Mumbai: Extreme IX,,10000,147226,True,2018-11-26T11:29:27Z,2026-03-25T02:26:01Z,,
45560,12573,1627,Extreme IX Mumbai: Extreme IX,,20000,135814,True,2018-11-30T13:17:26Z,2026-05-16T01:58:54Z,,
45627,24126,1627,Extreme IX Mumbai: Extreme IX,,10000,49121,True,2018-12-04T11:19:41Z,2025-05-22T01:49:26Z,,
45820,13613,1627,Extreme IX Mumbai: Extreme IX,,100000,132296,True,2018-12-13T02:10:07Z,2026-03-25T02:26:01Z,,
45830,39126,1627,Extreme IX Mumbai: Extreme IX,,10000,153291,True,2018-12-13T11:53:56Z,2026-04-04T17:53:19Z,,
46189,11509,1627,Extreme IX Mumbai: Extreme IX,,10000,58967,True,2018-12-27T13:14:22Z,2026-03-25T02:26:01Z,,
46448,16920,1627,Extreme IX Mumbai: Extreme IX,,10000,55839,True,2019-01-11T07:14:43Z,2026-03-25T02:26:01Z,,
46554,1234,1627,Extreme IX Mumbai: Extreme IX,,10000,21859,True,2019-01-17T06:39:02Z,2026-03-25T02:26:01Z,,
46650,30221,1627,Extreme IX Mumbai: Extreme IX,,10000,147273,True,2019-01-21T06:01:49Z,2026-03-25T02:26:01Z,,
46737,14316,1627,Extreme IX Mumbai: Extreme IX,,10000,134937,True,2019-01-24T00:02:53Z,2026-03-25T02:26:01Z,,
46976,4837,1627,Extreme IX Mumbai: Extreme IX,,20000,18229,True,2019-02-04T05:44:26Z,2026-03-25T02:26:01Z,,
47289,2,1627,Extreme IX Mumbai: Extreme IX,,300000,20940,True,2019-02-18T09:20:40Z,2026-03-26T17:27:08Z,,
47387,11525,1627,Extreme IX Mumbai: Extreme IX,,40000,134913,True,2019-02-21T11:26:12Z,2025-07-29T01:49:12Z,,
47641,4046,1627,Extreme IX Mumbai: Extreme IX,,20000,55862,True,2019-02-22T10:58:56Z,2026-03-25T02:26:01Z,,
47944,26274,1627,Extreme IX Mumbai: Extreme IX,,10000,140641,True,2019-03-07T09:25:44Z,2026-03-25T02:26:01Z,,
48101,1411,1627,Extreme IX Mumbai: Extreme IX,,10000,38224,True,2019-03-13T00:04:32Z,2026-03-25T02:26:00Z,,
48194,17242,1627,Extreme IX Mumbai: Extreme IX,,10000,135139,True,2019-03-16T14:41:45Z,2026-03-26T17:27:08Z,,
48264,1264,1627,Extreme IX Mumbai: Extreme IX,,10000,16276,True,2019-03-20T05:33:33Z,2026-03-26T17:27:07Z,,
48506,5871,1627,Extreme IX Mumbai: Extreme IX,,20000,45916,True,2019-03-30T07:10:48Z,2026-03-26T17:27:07Z,,
48508,11518,1627,Extreme IX Mumbai: Extreme IX,,1000,135171,True,2019-03-30T10:19:18Z,2026-03-26T17:27:07Z,,
48509,19408,1627,Extreme IX Mumbai: Extreme IX,,10000,137125,True,2019-03-30T10:49:57Z,2026-03-25T02:26:01Z,,
48526,9909,1627,Extreme IX Mumbai: Extreme IX,,100000,133720,True,2019-04-01T00:04:51Z,2025-10-08T01:44:50Z,,
48592,28896,1627,Extreme IX Mumbai: Extreme IX,,10000,134885,True,2019-04-03T12:24:01Z,2026-03-25T02:26:01Z,,
48732,4224,1627,Extreme IX Mumbai: Extreme IX,,200000,13335,True,2019-04-09T02:43:49Z,2026-06-04T09:39:21Z,,
48834,8893,1627,Extreme IX Mumbai: Extreme IX,,1000,134053,False,2019-04-12T08:02:36Z,2026-06-25T04:04:36Z,,
48980,33384,1627,Extreme IX Mumbai: Extreme IX,,10000,133227,True,2019-04-20T06:22:39Z,2026-03-25T02:26:00Z,,
49457,29572,1627,Extreme IX Mumbai: Extreme IX,Ip address None was claimed by other netixlan,100000,141329,True,2019-05-10T07:47:01Z,2026-03-25T02:26:00Z,,
49678,24616,1627,Extreme IX Mumbai: Extreme IX,,10000,140217,True,2019-05-22T00:05:23Z,2026-03-26T17:27:08Z,,
49691,12999,1627,Extreme IX Mumbai: Extreme IX,,5120,131215,True,2019-05-22T10:53:46Z,2023-04-22T06:09:52Z,,
49752,22064,1627,Extreme IX Mumbai: Extreme IX,,10000,139490,True,2019-05-24T09:51:59Z,2026-03-25T02:26:01Z,,
50029,1418,1627,Extreme IX Mumbai: Extreme IX,,100000,16509,True,2019-06-06T04:44:39Z,2026-03-26T17:27:08Z,,
50207,6747,1627,Extreme IX Mumbai: Extreme IX,,10000,40676,True,2019-06-13T07:27:41Z,2020-02-19T04:08:14Z,,
50545,3554,1627,Extreme IX Mumbai: Extreme IX,,100000,714,True,2019-06-28T00:05:31Z,2026-03-25T02:26:01Z,,
50546,11494,1627,Extreme IX Mumbai: Extreme IX,,20000,133968,True,2019-06-28T00:05:31Z,2026-03-25T02:26:01Z,,
50547,18172,1627,Extreme IX Mumbai: Extreme IX,,10000,133711,True,2019-06-28T00:05:33Z,2026-03-25T02:26:01Z,,
50548,15411,1627,Extreme IX Mumbai: Extreme IX,,10000,137098,True,2019-06-28T00:05:35Z,2026-04-14T10:34:27Z,,
50569,20209,1627,Extreme IX Mumbai: Extreme IX,,10000,132956,True,2019-06-28T17:46:41Z,2026-03-25T02:26:01Z,,
50627,5450,1627,Extreme IX Mumbai: Extreme IX,,10000,55944,True,2019-07-03T04:54:09Z,2026-03-25T02:26:01Z,,
50629,16434,1627,Extreme IX Mumbai: Extreme IX,,10000,133469,True,2019-07-03T06:46:53Z,2026-03-26T17:27:07Z,,
50669,8683,1627,Extreme IX Mumbai: Extreme IX,,100000,53813,True,2019-07-04T07:56:00Z,2026-03-26T17:27:07Z,,
50789,4837,1627,Extreme IX Mumbai: Extreme IX,,100000,18229,True,2019-07-10T00:05:31Z,2026-03-25T02:26:01Z,,
51166,27970,1627,Extreme IX Mumbai: Extreme IX,,1000,396904,True,2019-07-30T11:06:09Z,2026-03-25T02:26:01Z,,
51455,813,1627,Extreme IX Mumbai: Extreme IX,,10000,20473,True,2019-08-13T15:59:05Z,2026-03-25T02:26:00Z,,
51559,15410,1627,Extreme IX Mumbai: Extreme IX,,10000,135872,True,2019-08-18T08:50:09Z,2026-03-25T02:26:01Z,,
51778,10670,1627,Extreme IX Mumbai: Extreme IX,Ip address None was claimed by other netixlan,100000,55256,True,2019-08-27T07:52:14Z,2026-03-26T17:27:08Z,,
51939,2,1627,Extreme IX Mumbai: Extreme IX,,300000,20940,True,2019-09-03T08:18:17Z,2026-03-26T17:27:08Z,,
52200,38656,1627,Extreme IX Mumbai: Extreme IX,,10000,141566,True,2019-09-18T06:23:19Z,2026-04-06T19:01:39Z,,
52264,33457,1627,Extreme IX Mumbai: Extreme IX,,3000,151128,True,2019-09-22T17:18:23Z,2026-03-26T17:27:07Z,,
52303,4782,1627,Extreme IX Mumbai: Extreme IX,,100000,32590,True,2019-09-24T10:32:52Z,2026-03-26T17:27:07Z,,
52311,32961,1627,Extreme IX Mumbai: Extreme IX,,10000,141842,True,2019-09-24T15:07:26Z,2026-09-04T00:55:47Z,,
52595,33636,1627,Extreme IX Mumbai: Extreme IX,Ip address None was claimed by other netixlan,10000,146918,True,2019-10-08T15:54:30Z,2025-01-08T08:51:26Z,,
53031,13752,1627,Extreme IX Mumbai: Extreme IX,,10000,135826,True,2019-10-29T11:45:42Z,2026-09-03T00:53:49Z,,
53100,11948,1627,Extreme IX Mumbai: Extreme IX,,10000,55814,True,2019-11-01T09:47:26Z,2026-03-26T17:27:08Z,,
53699,22804,1627,Extreme IX Mumbai: Extreme IX,,6000,135239,True,2019-11-29T06:34:00Z,2026-03-26T17:27:07Z,,
53817,5489,1627,Extreme IX Mumbai: Extreme IX,,10000,55947,True,2019-12-04T17:22:39Z,2026-03-25T02:26:00Z,,
54318,5499,1627,Extreme IX Mumbai: Extreme IX,,10000,199524,True,2019-12-17T13:03:08Z,2020-02-19T04:08:14Z,,
54366,12951,1627,Extreme IX Mumbai: Extreme IX,,3000,45804,True,2019-12-18T14:17:43Z,2023-01-17T09:53:34Z,,
54432,13294,1627,Extreme IX Mumbai: Extreme IX,,10000,134316,True,2019-12-22T18:30:40Z,2026-03-25T02:26:01Z,,
54616,12573,1627,Extreme IX Mumbai: Extreme IX,Ip address None was claimed by other netixlan,20000,135814,True,2020-01-04T15:58:59Z,2026-06-03T01:24:02Z,,
54650,12573,1627,Extreme IX Mumbai: Extreme IX,,10000,135814,True,2020-01-07T12:20:59Z,2026-03-25T02:26:00Z,,
54666,9669,1627,Extreme IX Mumbai: Extreme IX,,10000,133315,True,2020-01-07T18:23:24Z,2026-03-25T02:26:00Z,,
54886,21495,1627,Extreme IX Mumbai: Extreme IX,Ip address None was claimed by other netixlan,10000,132335,True,2020-01-16T08:30:39Z,2025-10-14T01:56:20Z,,
55087,12918,1627,Extreme IX Mumbai: Extreme IX,,10000,134375,True,2020-01-27T13:30:43Z,2026-06-09T01:23:26Z,,
55174,2,1627,Extreme IX Mumbai: Extreme IX,,300000,20940,True,2020-01-30T16:18:09Z,2026-02-19T08:00:00Z,,
55191,22041,1627,Extreme IX Mumbai: Extreme IX,,10000,134331,True,2020-01-31T13:37:59Z,2026-03-25T02:26:00Z,,
55267,2536,1627,Extreme IX Mumbai: Extreme IX,,30000,9583,True,2020-02-04T07:03:10Z,2026-03-25T02:26:00Z,,
55490,38864,1627,Extreme IX Mumbai: Extreme IX,,10000,153239,True,2020-02-13T14:30:12Z,2026-04-04T17:54:02Z,,
55518,10681,1627,Extreme IX Mumbai: Extreme IX,,10000,133296,True,2020-02-14T09:21:03Z,2025-01-09T01:46:09Z,,
55723,26500,1627,Extreme IX Mumbai: Extreme IX,Ip address None was claimed by other netixlan,30000,137645,True,2020-02-22T13:42:07Z,2025-02-22T14:57:42Z,,
55830,3816,1627,Extreme IX Mumbai: Extreme IX,Ip address None was claimed by other netixlan,10000,45528,True,2020-02-27T11:54:36Z,2026-03-25T02:26:01Z,,
55881,13726,1627,Extreme IX Mumbai: Extreme IX,,10000,136360,True,2020-02-28T19:05:57Z,2026-03-26T17:27:07Z,,
55989,17937,1627,Extreme IX Mumbai: Extreme IX,,100000,138296,True,2020-03-04T08:17:35Z,2026-03-25T02:26:01Z,,
56095,906,1627,Extreme IX Mumbai: Extreme IX,,10000,30081,True,2020-03-08T16:28:53Z,2025-06-24T17:07:54Z,,
56362,32220,1627,Extreme IX Mumbai: Extreme IX,Ip address None was claimed by other netixlan,10000,150748,True,2020-03-18T15:39:09Z,2026-03-25T02:26:01Z,,
56411,24658,1627,Extreme IX Mumbai: Extreme IX,,10000,140133,True,2020-03-20T12:01:23Z,2026-06-07T01:25:16Z,,
56695,33597,1627,Extreme IX Mumbai: Extreme IX,Ip address None was claimed by other netixlan,10000,138718,True,2020-03-31T12:36:19Z,2025-05-22T01:49:26Z,,
56904,1088,1627,Extreme IX Mumbai: Extreme IX,,20000,40009,True,2020-04-07T09:09:52Z,2026-03-26T17:27:07Z,,
56937,31712,1627,Extreme IX Mumbai: Extreme IX,,30000,149214,True,2020-04-08T05:56:39Z,2025-12-11T19:33:57Z,,
56996,433,1627,Extreme IX Mumbai: Extreme IX,,300000,15169,True,2020-04-09T22:42:51Z,2026-03-26T17:27:07Z,,
57314,4317,1627,Extreme IX Mumbai: Extreme IX,,10000,55352,True,2020-04-22T12:46:31Z,2026-03-26T17:27:07Z,,
57343,18197,1627,Extreme IX Mumbai: Extreme IX,,100000,136308,True,2020-04-23T10:24:38Z,2026-03-25T02:26:01Z,,
57682,5918,1627,Extreme IX Mumbai: Extreme IX,,10000,6507,True,2020-05-05T14:59:52Z,2026-03-25T02:26:01Z,,
57745,16787,1627,Extreme IX Mumbai: Extreme IX,Ip address None was claimed by other netixlan,10000,137172,True,2020-05-07T17:41:35Z,2026-03-25T02:26:01Z,,
58182,15294,1627,Extreme IX Mumbai: Extreme IX,,10000,136636,True,2020-05-26T17:15:54Z,2026-03-26T17:27:07Z,,
58356,2,1627,Extreme IX Mumbai: Extreme IX,,400000,20940,True,2020-06-03T12:42:19Z,2026-03-26T17:27:08Z,,
58485,1905,1627,Extreme IX Mumbai: Extreme IX,Ip address None was claimed by other netixlan,100000,31898,True,2020-06-09T08:19:02Z,2026-03-26T17:27:07Z,,
58878,10670,1627,Extreme IX Mumbai: Extreme IX,,100000,55256,True,2020-06-24T14:23:51Z,2026-03-26T17:27:08Z,,
58879,854,1627,Extreme IX Mumbai: Extreme IX,Ip address None was claimed by other netixlan,10000,36692,True,2020-06-24T14:39:09Z,2026-03-26T17:27:07Z,,
59199,23841,1627,Extreme IX Mumbai: Extreme IX,,10000,138762,True,2020-07-06T15:24:10Z,2026-03-25T02:26:00Z,,
59541,11776,1627,Extreme IX Mumbai: Extreme IX,,1000,135810,True,2020-07-19T13:05:59Z,2026-03-26T17:27:07Z,,
59761,24059,1627,Extreme IX Mumbai: Extreme IX,,10000,135756,True,2020-07-26T13:53:20Z,2026-03-25T02:26:00Z,,
59864,10335,1627,Extreme IX Mumbai: Extreme IX,,10000,133301,True,2020-07-30T08:05:49Z,2026-03-25T02:26:01Z,,
59932,4487,1627,Extreme IX Mumbai: Extreme IX,,10000,45769,True,2020-08-02T10:40:01Z,2022-01-07T05:21:55Z,,
60014,694,1627,Extreme IX Mumbai: Extreme IX,,200000,8075,True,2020-08-05T16:45:35Z,2026-08-05T09:35:04Z,,
60139,26641,1627,Extreme IX Mumbai: Extreme IX,Ip address None was claimed by other netixlan,10000,137594,True,2020-08-11T06:41:48Z,2026-03-25T02:26:00Z,,
60202,2700,1627,Extreme IX Mumbai: Extreme IX,,10000,45942,True,2020-08-12T16:39:26Z,2026-03-26T17:27:08Z,,
60428,1613,1627,Extreme IX Mumbai: Extreme IX,,20000,36351,True,2020-08-20T10:38:44Z,2026-03-26T17:27:08Z,,
60912,8683,1627,Extreme IX Mumbai: Extreme IX,,100000,53813,True,2020-09-12T08:42:52Z,2026-03-26T17:27:07Z,,
61259,1418,1627,Extreme IX Mumbai: Extreme IX,,100000,16509,True,2020-09-29T16:22:55Z,2026-03-26T17:27:08Z,,
61269,1418,1627,Extreme IX Mumbai: Extreme IX,,100000,16509,True,2020-09-30T05:14:27Z,2026-03-26T17:27:08Z,,
62177,11501,1627,Extreme IX Mumbai: Extreme IX,,3000,135724,True,2020-11-12T10:51:42Z,2026-03-26T17:27:07Z,,
62482,6494,1627,Extreme IX Mumbai: Extreme IX,,30000,14061,True,2020-11-17T10:58:52Z,2026-03-26T17:27:08Z,,
62483,6494,1627,Extreme IX Mumbai: Extreme IX,,30000,14061,True,2020-11-17T10:58:55Z,2026-03-26T17:27:08Z,,
62770,34858,1627,Extreme IX Mumbai: Extreme IX,,100000,151690,True,2020-11-21T13:33:27Z,2026-03-25T02:26:01Z,,
63128,31561,1627,Extreme IX Mumbai: Extreme IX,,10000,147279,True,2020-12-05T09:02:18Z,2026-05-02T01:59:47Z,,
63253,21879,1627,Extreme IX Mumbai: Extreme IX,,10000,138734,True,2020-12-09T11:01:20Z,2026-03-25T02:26:01Z,,
63428,12573,1627,Extreme IX Mumbai: Extreme IX,,200000,135814,True,2020-12-17T18:18:00Z,2026-03-25T02:26:00Z,,
63550,4224,1627,Extreme IX Mumbai: Extreme IX,,100000,13335,True,2020-12-23T11:58:06Z,2026-03-26T17:27:08Z,,
63590,25521,1627,Extreme IX Mumbai: Extreme IX,,10000,394695,True,2020-12-27T00:09:19Z,2026-03-25T02:26:01Z,,
65169,32703,1627,Extreme IX Mumbai: Extreme IX,,10000,132746,True,2021-03-08T11:24:55Z,2026-08-20T12:16:58Z,,
65617,11683,1627,Extreme IX Mumbai: Extreme IX,Ip address None was claimed by other netixlan,10000,38207,True,2021-03-24T11:33:59Z,2026-03-25T02:26:01Z,,
67365,7117,1627,Extreme IX Mumbai: Extreme IX,,40000,132215,True,2021-05-21T10:25:42Z,2026-03-26T17:27:07Z,,
68592,5666,1627,Extreme IX Mumbai: Extreme IX,,10000,58715,True,2021-07-09T11:50:42Z,2026-09-04T00:55:47Z,,
69040,14909,1627,Extreme IX Mumbai: Extreme IX,,10000,136716,True,2021-07-27T00:09:38Z,2026-04-16T14:54:39Z,,
69254,34978,1627,Extreme IX Mumbai: Extreme IX,,10000,150011,True,2021-08-03T01:27:28Z,2024-08-23T08:28:30Z,,
69996,28309,1627,Extreme IX Mumbai: Extreme IX,,10000,147224,True,2021-09-06T14:20:26Z,2026-08-27T00:39:04Z,,
69997,26197,1627,Extreme IX Mumbai: Extreme IX,,100000,141480,True,2021-09-06T14:20:56Z,2026-04-30T01:59:39Z,,
70027,27930,1627,Extreme IX Mumbai: Extreme IX,,100000,138771,True,2021-09-08T09:03:48Z,2026-01-08T01:56:54Z,,
70562,28154,1627,Extreme IX Mumbai: Extreme IX,,10000,139543,True,2021-10-05T10:21:03Z,2026-03-25T02:26:01Z,,
71020,28367,1627,Extreme IX Mumbai: Extreme IX,,100000,146902,True,2021-10-28T07:55:25Z,2026-08-28T01:09:40Z,,
71919,979,1627,Extreme IX Mumbai: Extreme IX,,200000,32934,True,2021-12-09T09:48:09Z,2026-03-26T17:27:08Z,,
71920,979,1627,Extreme IX Mumbai: Extreme IX,,200000,32934,True,2021-12-09T09:48:37Z,2026-03-26T17:27:08Z,,
72916,25180,1627,Extreme IX Mumbai: Extreme IX,,1000,137128,True,2022-02-07T05:52:16Z,2026-07-15T08:48:14Z,,
73075,10670,1627,Extreme IX Mumbai: Extreme IX,,100000,55256,True,2022-02-15T10:17:14Z,2026-03-26T17:27:08Z,,
74777,29468,1627,Extreme IX Mumbai: Extreme IX,,10000,141514,True,2022-05-14T10:45:34Z,2022-09-24T11:38:28Z,,
75258,32249,1627,Extreme IX Mumbai: Extreme IX,,10000,141995,True,2022-06-06T14:27:07Z,2024-07-11T11:58:48Z,,
75490,29764,1627,Extreme IX Mumbai: Extreme IX,,10000,136342,True,2022-06-16T17:54:56Z,2026-03-25T02:26:01Z,,
75539,16764,1627,Extreme IX Mumbai: Extreme IX,,100000,137085,True,2022-06-20T08:07:29Z,2026-03-25T02:26:00Z,,
75577,12999,1627,Extreme IX Mumbai: Extreme IX,,5120,131215,True,2022-06-22T08:00:57Z,2023-04-22T06:09:52Z,,
75712,42902,1627,Extreme IX Mumbai: Extreme IX,,10000,152496,True,2022-06-29T15:25:39Z,2026-07-20T17:47:31Z,,
75788,37179,1627,Extreme IX Mumbai: Extreme IX,,10000,153216,True,2022-07-03T06:36:59Z,2026-05-05T11:26:11Z,,
75924,5586,1627,Extreme IX Mumbai: Extreme IX,,10000,132787,True,2022-07-08T07:22:41Z,2026-03-25T02:26:01Z,,
76001,42699,1627,Extreme IX Mumbai: Extreme IX,,10000,154529,True,2022-07-12T16:32:35Z,2026-08-13T01:04:48Z,,
76480,32178,1627,Extreme IX Mumbai: Extreme IX,,10000,149765,True,2022-08-06T00:14:09Z,2026-03-25T02:26:01Z,,
76680,11592,1627,Extreme IX Mumbai: Extreme IX,,100000,132137,True,2022-08-17T00:16:41Z,2026-03-25T02:26:01Z,,
76685,41616,1627,Extreme IX Mumbai: Extreme IX,,10000,149616,True,2022-08-17T09:27:54Z,2026-02-17T20:33:35Z,,
77074,8433,1627,Extreme IX Mumbai: Extreme IX,,10000,17483,True,2022-09-10T00:14:29Z,2026-03-25T02:26:01Z,,
77633,31183,1627,Extreme IX Mumbai: Extreme IX,,10000,141490,True,2022-10-11T00:09:53Z,2026-07-01T01:15:42Z,,
77644,39621,1627,Extreme IX Mumbai: Extreme IX,,10000,146943,True,2022-10-11T13:02:04Z,2026-04-06T19:00:53Z,,
77797,28729,1627,Extreme IX Mumbai: Extreme IX,,10000,147201,True,2022-10-19T00:16:19Z,2026-03-25T02:26:01Z,,
78200,5933,1627,Extreme IX Mumbai: Extreme IX,,10000,17625,True,2022-11-04T13:42:19Z,2026-03-25T02:26:00Z,,
78404,29549,1627,Extreme IX Mumbai: Extreme IX,,10000,133716,True,2022-11-11T16:21:25Z,2026-03-25T02:26:01Z,,
78759,27287,1627,Extreme IX Mumbai: Extreme IX,,30000,137681,True,2022-11-28T04:48:47Z,2026-07-03T01:15:56Z,,
78826,8683,1627,Extreme IX Mumbai: Extreme IX,,100000,53813,True,2022-11-30T19:18:28Z,2026-03-26T17:27:07Z,,
78827,8683,1627,Extreme IX Mumbai: Extreme IX,,100000,53813,True,2022-11-30T19:19:25Z,2026-03-26T17:27:07Z,,
78968,28884,1627,Extreme IX Mumbai: Extreme IX,,10000,149187,True,2022-12-07T12:50:24Z,2026-03-25T02:26:00Z,,
79386,31564,1627,Extreme IX Mumbai: Extreme IX,,10000,150027,True,2022-12-28T11:01:09Z,2026-05-05T02:00:32Z,,
79865,10569,1627,Extreme IX Mumbai: Extreme IX,,100000,35280,True,2023-01-11T08:29:21Z,2026-03-25T02:26:01Z,,
80095,25024,1627,Extreme IX Mumbai: Extreme IX,,10000,141383,True,2023-01-20T18:01:27Z,2026-03-26T17:27:07Z,,
80727,14477,1627,Extreme IX Mumbai: Extreme IX,,100000,17762,True,2023-02-16T05:31:05Z,2026-03-26T17:27:07Z,,
81194,576,1627,Extreme IX Mumbai: Extreme IX,,0,32787,True,2023-03-06T14:03:51Z,2026-03-26T17:27:08Z,,
81890,29134,1627,Extreme IX Mumbai: Extreme IX,,10000,141846,True,2023-04-01T00:19:43Z,2026-03-25T02:26:01Z,,
81931,8660,1627,Extreme IX Mumbai: Extreme IX,,10000,59185,True,2023-04-03T13:35:25Z,2026-03-25T02:26:01Z,,
81952,28173,1627,Extreme IX Mumbai: Extreme IX,,1000,141865,True,2023-04-04T09:22:01Z,2026-03-26T17:27:08Z,,
82116,13591,1627,Extreme IX Mumbai: Extreme IX,,100000,17488,True,2023-04-12T00:21:33Z,2026-03-25T02:26:01Z,,
82256,32976,1627,Extreme IX Mumbai: Extreme IX,,100000,141254,True,2023-04-18T00:20:21Z,2025-05-22T01:49:26Z,,
82358,32888,1627,Extreme IX Mumbai: Extreme IX,,10000,149236,True,2023-04-21T14:22:32Z,2023-09-08T06:27:18Z,,
82508,16906,1627,Extreme IX Mumbai: Extreme IX,,100000,135269,True,2023-04-28T00:17:21Z,2026-08-15T01:00:42Z,,
82732,26071,1627,Extreme IX Mumbai: Extreme IX,,10000,141339,True,2023-05-10T11:18:22Z,2026-03-25T02:26:01Z,,
82803,27909,1627,Extreme IX Mumbai: Extreme IX,,30000,135791,True,2023-05-12T16:50:30Z,2023-05-12T18:44:23Z,,
82804,27909,1627,Extreme IX Mumbai: Extreme IX,,30000,135791,True,2023-05-12T16:50:51Z,2023-05-12T18:44:23Z,,
84556,28901,1627,Extreme IX Mumbai: Extreme IX,,10000,149240,True,2023-07-26T06:41:18Z,2026-03-26T17:27:07Z,,
84752,3924,1627,Extreme IX Mumbai: Extreme IX,,10000,42,True,2023-08-03T10:15:08Z,2023-08-03T10:15:08Z,,
84753,286,1627,Extreme IX Mumbai: Extreme IX,,10000,3856,True,2023-08-03T10:17:06Z,2026-03-25T02:26:00Z,,
86664,26833,1627,Extreme IX Mumbai: Extreme IX,,100000,141324,True,2023-10-23T18:39:45Z,2025-05-30T01:41:41Z,,
88809,6851,1627,Extreme IX Mumbai: Extreme IX,,10000,132933,True,2024-01-19T01:16:05Z,2026-06-07T01:25:16Z,,
89810,16920,1627,Extreme IX Mumbai: Extreme IX,,10000,55839,True,2024-03-04T06:28:10Z,2026-03-25T02:26:01Z,,
89812,17270,1627,Extreme IX Mumbai: Extreme IX,,40000,134177,True,2024-03-04T06:43:50Z,2026-03-25T02:26:01Z,,
89909,35475,1627,Extreme IX Mumbai: Extreme IX,,10000,23879,True,2024-03-07T11:32:48Z,2026-04-09T00:11:14Z,,
90029,35577,1627,Extreme IX Mumbai: Extreme IX,,10000,152490,True,2024-03-12T12:48:10Z,2026-03-26T17:27:07Z,,
90484,12978,1627,Extreme IX Mumbai: Extreme IX,,100000,133271,True,2024-03-29T16:47:14Z,2026-04-29T02:11:01Z,,
91420,36120,1627,Extreme IX Mumbai: Extreme IX,,10000,150560,True,2024-05-03T18:05:07Z,2025-06-08T01:45:55Z,,
98570,28306,1627,Extreme IX Mumbai: Extreme IX,,10000,59191,True,2025-02-22T01:38:42Z,2026-03-25T02:26:01Z,,
98664,12698,1627,Extreme IX Mumbai: Extreme IX,,10000,134858,True,2025-02-25T17:25:04Z,2026-03-25T02:26:00Z,,
98785,12175,1627,Extreme IX Mumbai: Extreme IX,,10000,135799,True,2025-03-01T01:44:54Z,2026-03-25T02:26:01Z,,
100077,11869,1627,Extreme IX Mumbai: Extreme IX,,10000,132559,True,2025-05-06T02:00:24Z,2026-03-25T02:26:01Z,,
101080,34858,1627,Extreme IX Mumbai: Extreme IX,,10000,151690,True,2025-06-22T01:43:28Z,2026-03-25T02:26:01Z,,
101360,28415,1627,Extreme IX Mumbai: Extreme IX,,10000,141492,True,2025-07-08T16:26:36Z,2026-04-03T02:06:37Z,,
102462,33331,1627,Extreme IX Mumbai: Extreme IX,,10000,151122,True,2025-08-23T10:33:35Z,2026-03-26T17:27:08Z,,
103257,39127,1627,Extreme IX Mumbai: Extreme IX,,10000,147233,True,2025-09-26T11:35:40Z,2026-03-25T02:26:01Z,,
103911,2,1627,Extreme IX Mumbai: Extreme IX,,300000,20940,True,2025-10-14T06:31:57Z,2026-03-26T17:27:08Z,,
105151,38258,1627,Extreme IX Mumbai: Extreme IX,,10000,135823,True,2025-11-27T12:59:49Z,2026-05-08T01:58:58Z,,
106624,39114,1627,Extreme IX Mumbai: Extreme IX,,100000,136695,True,2026-02-01T06:05:11Z,2026-04-30T04:05:56Z,,
107021,40430,1627,Extreme IX Mumbai: Extreme IX,,10000,154187,True,2026-02-12T07:35:28Z,2026-04-04T16:50:09Z,,
107048,19252,1627,Extreme IX Mumbai: Extreme IX,,10000,134944,True,2026-02-13T02:37:09Z,2026-06-06T01:23:16Z,,
107239,12573,1627,Extreme IX Mumbai: Extreme IX,,10000,135814,True,2026-02-18T01:57:59Z,2026-03-25T02:26:00Z,,
108345,15968,1627,Extreme IX Mumbai: Extreme IX,,10000,137083,True,2026-03-28T20:13:20Z,2026-03-29T01:53:31Z,,
109585,11260,1627,Extreme IX Mumbai: Extreme IX,,10000,58965,True,2026-05-11T08:17:20Z,2026-06-11T06:36:47Z,,
109680,40400,1627,Extreme IX Mumbai: Extreme IX,,10000,154174,True,2026-05-14T01:59:06Z,2026-05-14T01:59:07Z,,
109894,15529,1627,Extreme IX Mumbai: Extreme IX,,10000,136284,True,2026-05-23T01:25:43Z,2026-05-23T01:25:44Z,,
111114,25521,1627,Extreme IX Mumbai: Extreme IX,,10000,394695,True,2026-07-07T19:44:56Z,2026-07-07T19:44:57Z,,
112575,33744,1627,Extreme IX Mumbai: Extreme IX,,10000,150570,True,2026-08-27T12:49:01Z,2026-09-04T13:49:00Z,,
53174,15844,1689,NIXI Bangalore,,10000,9829,True,2019-11-06T05:22:12Z,2020-02-19T04:08:10Z,,
73603,19482,1689,NIXI Bangalore,,1100,138225,True,2022-03-13T11:06:35Z,2022-03-13T11:06:35Z,,
76862,19252,1689,NIXI Bangalore,,10000,134944,True,2022-08-27T12:30:41Z,2026-06-06T12:16:05Z,,
78734,15051,1689,NIXI Bangalore,,10000,135780,True,2022-11-26T08:06:50Z,2022-12-01T08:27:21Z,,
85630,4224,1689,NIXI Bangalore,,100000,13335,True,2023-09-11T20:56:31Z,2023-09-11T20:56:31Z,,
92943,671,1689,NIXI Bangalore,,10000,2687,True,2024-07-08T13:34:55Z,2024-07-08T13:34:56Z,,
97261,8577,1689,NIXI Bangalore,,10000,133982,True,2024-12-20T13:18:08Z,2024-12-20T13:18:08Z,,
35371,8577,1785,Extreme IX Hyderabad: Extreme IX LAN,,30000,133982,True,2017-06-22T18:02:39Z,2026-03-26T17:34:07Z,,
39737,14583,1785,Extreme IX Hyderabad: Extreme IX LAN,,10000,49378,True,2018-02-20T14:15:54Z,2026-03-26T17:34:07Z,,
39738,14583,1785,Extreme IX Hyderabad: Extreme IX LAN,,10000,49378,True,2018-02-20T14:16:25Z,2026-03-26T17:34:07Z,,
40160,16113,1785,Extreme IX Hyderabad: Extreme IX LAN,,10000,134305,True,2018-03-14T07:30:14Z,2026-03-26T17:34:07Z,,
40727,8660,1785,Extreme IX Hyderabad: Extreme IX LAN,,10000,59185,True,2018-04-10T14:30:29Z,2026-03-25T02:31:33Z,,
41038,14387,1785,Extreme IX Hyderabad: Extreme IX LAN,Ip address None was claimed by other netixlan,100000,45820,True,2018-04-24T13:55:08Z,2026-07-16T00:55:08Z,,
45016,12573,1785,Extreme IX Hyderabad: Extreme IX LAN,Ip address None was claimed by other netixlan,10000,135814,True,2018-11-07T00:01:54Z,2025-06-03T01:46:58Z,,
49235,1418,1785,Extreme IX Hyderabad: Extreme IX LAN,,100000,16509,True,2019-05-02T15:47:49Z,2026-03-26T17:34:07Z,,
49236,1418,1785,Extreme IX Hyderabad: Extreme IX LAN,,100000,16509,True,2019-05-02T15:49:11Z,2026-03-26T17:34:07Z,,
50325,694,1785,Extreme IX Hyderabad: Extreme IX LAN,,10000,8075,True,2019-06-19T03:03:43Z,2026-03-26T17:34:07Z,,
50605,1234,1785,Extreme IX Hyderabad: Extreme IX LAN,,10000,21859,True,2019-07-02T06:52:38Z,2026-03-25T02:31:33Z,,
50667,11441,1785,Extreme IX Hyderabad: Extreme IX LAN,,10000,134033,True,2019-07-04T07:54:40Z,2026-03-26T17:34:07Z,,
51265,10670,1785,Extreme IX Hyderabad: Extreme IX LAN,Ip address None was claimed by other netixlan,100000,55256,True,2019-08-04T00:05:57Z,2026-03-26T17:34:07Z,,
53247,2,1785,Extreme IX Hyderabad: Extreme IX LAN,Ip address None was claimed by other netixlan,100000,20940,True,2019-11-09T03:29:59Z,2026-03-26T17:34:07Z,,
72180,8433,1785,Extreme IX Hyderabad: Extreme IX LAN,,10000,17483,True,2021-12-25T00:11:47Z,2026-03-25T02:31:33Z,,
74094,694,1785,Extreme IX Hyderabad: Extreme IX LAN,,10000,8075,True,2022-04-05T04:28:37Z,2026-03-26T17:34:07Z,,
75553,4837,1785,Extreme IX Hyderabad: Extreme IX LAN,,10000,18229,True,2022-06-21T00:14:15Z,2026-03-25T02:31:33Z,,
77394,5520,1785,Extreme IX Hyderabad: Extreme IX LAN,,10000,54113,True,2022-09-28T15:18:00Z,2026-03-26T17:34:07Z,,
77395,5520,1785,Extreme IX Hyderabad: Extreme IX LAN,,10000,54113,True,2022-09-28T15:18:05Z,2026-03-26T17:34:07Z,,
77748,22064,1785,Extreme IX Hyderabad: Extreme IX LAN,,10000,139490,True,2022-10-16T06:56:03Z,2026-09-02T04:34:27Z,,
87720,979,1785,Extreme IX Hyderabad: Extreme IX LAN,,100000,32934,True,2023-11-30T14:37:54Z,2026-03-26T17:34:07Z,,
87721,979,1785,Extreme IX Hyderabad: Extreme IX LAN,,100000,32934,True,2023-11-30T14:38:28Z,2026-03-26T17:34:07Z,,
89800,8683,1785,Extreme IX Hyderabad: Extreme IX LAN,,100000,53813,True,2024-03-03T17:40:56Z,2024-03-03T17:40:57Z,,
89801,8683,1785,Extreme IX Hyderabad: Extreme IX LAN,,100000,53813,True,2024-03-03T17:41:16Z,2024-03-03T17:41:16Z,,
101323,8660,1785,Extreme IX Hyderabad: Extreme IX LAN,,10000,59185,True,2025-07-07T01:50:19Z,2026-03-25T02:31:33Z,,
106170,28306,1785,Extreme IX Hyderabad: Extreme IX LAN,,10000,59191,True,2026-01-16T02:08:25Z,2026-03-25T02:31:33Z,,
106618,35262,1785,Extreme IX Hyderabad: Extreme IX LAN,,10000,149226,True,2026-02-01T02:02:30Z,2026-03-25T02:31:33Z,,
109271,39114,1785,Extreme IX Hyderabad: Extreme IX LAN,,10000,136695,True,2026-04-30T02:55:21Z,2026-05-01T02:06:11Z,,
110761,16920,1785,Extreme IX Hyderabad: Extreme IX LAN,,10000,55839,True,2026-06-23T12:02:13Z,2026-06-24T01:32:29Z,,
37784,433,1786,Extreme IX Chennai: Extreme IX LAN,,50000,15169,True,2017-11-06T09:31:12Z,2026-03-26T17:35:35Z,,
40050,40917,1786,Extreme IX Chennai: Extreme IX LAN,,10000,141796,True,2018-03-06T12:56:47Z,2026-03-25T02:32:54Z,,
41174,694,1786,Extreme IX Chennai: Extreme IX LAN,,200000,8075,True,2018-05-02T15:46:43Z,2026-03-26T17:35:36Z,,
41636,979,1786,Extreme IX Chennai: Extreme IX LAN,,100000,32934,True,2018-05-30T03:47:50Z,2026-03-26T17:35:36Z,,
41637,979,1786,Extreme IX Chennai: Extreme IX LAN,,100000,32934,True,2018-05-30T03:48:32Z,2026-03-26T17:35:36Z,,
41691,1418,1786,Extreme IX Chennai: Extreme IX LAN,,100000,16509,True,2018-06-01T15:53:56Z,2026-03-26T17:35:36Z,,
41825,3195,1786,Extreme IX Chennai: Extreme IX LAN,,100000,4862,True,2018-06-09T08:29:02Z,2026-08-30T01:13:23Z,,
41947,8683,1786,Extreme IX Chennai: Extreme IX LAN,,100000,53813,True,2018-06-15T11:54:23Z,2026-03-26T17:35:35Z,,
41980,14583,1786,Extreme IX Chennai: Extreme IX LAN,,10000,49378,True,2018-06-19T06:43:38Z,2026-05-23T01:30:58Z,,
41981,14583,1786,Extreme IX Chennai: Extreme IX LAN,,10000,49378,True,2018-06-19T06:44:02Z,2026-05-23T01:30:58Z,,
42147,14028,1786,Extreme IX Chennai: Extreme IX LAN,,10000,56272,True,2018-06-26T05:54:15Z,2026-06-12T01:27:57Z,,
42211,7990,1786,Extreme IX Chennai: Extreme IX LAN,,10000,132931,True,2018-06-28T16:57:42Z,2026-08-12T01:04:44Z,,
42246,10369,1786,Extreme IX Chennai: Extreme IX LAN,,1000,134016,True,2018-06-30T04:51:22Z,2026-03-26T17:35:36Z,,
42384,17242,1786,Extreme IX Chennai: Extreme IX LAN,,10000,135139,True,2018-07-09T20:37:41Z,2026-03-26T17:35:36Z,,
42994,14387,1786,Extreme IX Chennai: Extreme IX LAN,,40000,45820,True,2018-08-11T04:16:06Z,2026-05-08T02:05:24Z,,
43423,17645,1786,Extreme IX Chennai: Extreme IX LAN,,10000,136708,True,2018-09-01T13:44:54Z,2026-03-25T02:32:54Z,,
43896,16137,1786,Extreme IX Chennai: Extreme IX LAN,,1000,135801,True,2018-09-21T09:51:32Z,2026-07-07T19:48:01Z,,
44164,17903,1786,Extreme IX Chennai: Extreme IX LAN,,10000,133971,True,2018-10-01T13:00:54Z,2026-03-25T02:32:54Z,,
44875,16920,1786,Extreme IX Chennai: Extreme IX LAN,,10000,55839,True,2018-10-31T10:41:32Z,2026-03-25T02:32:54Z,,
44968,10141,1786,Extreme IX Chennai: Extreme IX LAN,,10000,134021,True,2018-11-05T10:10:29Z,2026-03-25T02:32:54Z,,
45309,18301,1786,Extreme IX Chennai: Extreme IX LAN,,10000,135758,True,2018-11-19T08:36:27Z,2026-03-25T02:32:54Z,,
46188,4224,1786,Extreme IX Chennai: Extreme IX LAN,,100000,13335,True,2018-12-27T12:53:56Z,2026-03-26T17:35:36Z,,
48507,29002,1786,Extreme IX Chennai: Extreme IX LAN,,10000,141552,True,2019-03-30T08:26:51Z,2026-03-25T02:32:54Z,,
48682,11786,1786,Extreme IX Chennai: Extreme IX LAN,,10000,133685,True,2019-04-06T09:04:48Z,2026-03-25T02:32:54Z,,
49164,457,1786,Extreme IX Chennai: Extreme IX LAN,,100000,2906,True,2019-04-30T00:46:34Z,2026-06-22T06:03:00Z,,
49165,457,1786,Extreme IX Chennai: Extreme IX LAN,,100000,2906,True,2019-04-30T00:46:53Z,2026-06-22T06:03:00Z,,
49509,21894,1786,Extreme IX Chennai: Extreme IX LAN,,10000,138746,True,2019-05-14T10:24:22Z,2026-03-25T02:32:54Z,,
49516,11869,1786,Extreme IX Chennai: Extreme IX LAN,,10000,132559,True,2019-05-14T16:06:10Z,2026-03-25T02:32:54Z,,
49757,18255,1786,Extreme IX Chennai: Extreme IX LAN,,10000,135202,True,2019-05-24T11:55:08Z,2026-03-26T17:35:35Z,,
49932,23821,1786,Extreme IX Chennai: Extreme IX LAN,,10000,133000,True,2019-06-03T12:26:19Z,2026-03-25T02:32:54Z,,
51576,16781,1786,Extreme IX Chennai: Extreme IX LAN,,1000,135815,True,2019-08-19T06:34:28Z,2026-03-25T02:32:54Z,,
52142,10670,1786,Extreme IX Chennai: Extreme IX LAN,,100000,55256,True,2019-09-13T19:29:47Z,2026-03-26T17:35:35Z,,
52946,8737,1786,Extreme IX Chennai: Extreme IX LAN,Ip address None was claimed by other netixlan,20000,45536,True,2019-10-24T08:13:57Z,2025-04-29T06:19:24Z,,
53051,4837,1786,Extreme IX Chennai: Extreme IX LAN,,10000,18229,True,2019-10-30T04:12:24Z,2026-04-30T02:06:06Z,,
53112,21313,1786,Extreme IX Chennai: Extreme IX LAN,,10000,134863,True,2019-11-02T16:52:53Z,2026-03-25T02:32:54Z,,
53843,21608,1786,Extreme IX Chennai: Extreme IX LAN,Ip address None was claimed by other netixlan,10000,134054,True,2019-12-05T15:28:34Z,2026-03-25T02:32:54Z,,
54525,1459,1786,Extreme IX Chennai: Extreme IX LAN,Ip address None was claimed by other netixlan,10000,4637,True,2019-12-28T10:10:06Z,2026-03-26T17:35:36Z,,
54527,10415,1786,Extreme IX Chennai: Extreme IX LAN,,10000,134877,True,2019-12-28T12:46:10Z,2026-03-25T02:32:54Z,,
54676,17022,1786,Extreme IX Chennai: Extreme IX LAN,,10000,58898,True,2020-01-08T09:54:21Z,2026-03-25T02:32:54Z,,
55556,4782,1786,Extreme IX Chennai: Extreme IX LAN,,100000,32590,True,2020-02-15T12:33:22Z,2026-03-26T17:35:35Z,,
55592,22346,1786,Extreme IX Chennai: Extreme IX LAN,,10000,139575,True,2020-02-18T05:46:54Z,2026-03-25T02:32:54Z,,
55876,27704,1786,Extreme IX Chennai: Extreme IX LAN,,10000,141798,True,2020-02-28T15:14:50Z,2026-03-25T02:32:54Z,,
56725,5520,1786,Extreme IX Chennai: Extreme IX LAN,,100000,54113,True,2020-04-01T00:16:46Z,2026-03-26T17:35:35Z,,
56726,5520,1786,Extreme IX Chennai: Extreme IX LAN,,100000,54113,True,2020-04-01T00:16:48Z,2026-03-26T17:35:35Z,,
56808,28306,1786,Extreme IX Chennai: Extreme IX LAN,,20000,59191,True,2020-04-03T11:47:03Z,2026-03-25T02:32:54Z,,
56987,29785,1786,Extreme IX Chennai: Extreme IX LAN,,10000,138756,True,2020-04-09T14:34:10Z,2026-03-25T02:32:54Z,,
57021,12715,1786,Extreme IX Chennai: Extreme IX LAN,,100000,134674,True,2020-04-11T15:08:38Z,2026-03-25T02:32:54Z,,
58143,21189,1786,Extreme IX Chennai: Extreme IX LAN,,10000,133693,True,2020-05-25T04:30:10Z,2026-03-26T17:35:35Z,,
58501,31542,1786,Extreme IX Chennai: Extreme IX LAN,,10000,134034,True,2020-06-09T15:57:10Z,2026-07-09T00:59:21Z,,
58737,2,1786,Extreme IX Chennai: Extreme IX LAN,,100000,20940,True,2020-06-18T03:48:05Z,2026-03-26T17:35:36Z,,
59395,34858,1786,Extreme IX Chennai: Extreme IX LAN,,10000,151690,True,2020-07-13T07:34:21Z,2026-03-25T02:32:54Z,,
59742,16943,1786,Extreme IX Chennai: Extreme IX LAN,,100000,136336,True,2020-07-25T05:55:52Z,2026-07-07T00:55:59Z,,
60909,433,1786,Extreme IX Chennai: Extreme IX LAN,,50000,15169,True,2020-09-12T01:00:46Z,2026-03-26T17:35:35Z,,
61194,17975,1786,Extreme IX Chennai: Extreme IX LAN,,10000,136279,True,2020-09-26T14:13:42Z,2026-03-25T02:32:54Z,,
61749,25364,1786,Extreme IX Chennai: Extreme IX LAN,,10000,140171,True,2020-10-22T08:00:01Z,2026-03-26T17:35:36Z,,
62076,25888,1786,Extreme IX Chennai: Extreme IX LAN,,10000,40934,True,2020-11-08T07:23:54Z,2026-03-25T02:32:54Z,,
62094,22373,1786,Extreme IX Chennai: Extreme IX LAN,,100000,138754,True,2020-11-09T05:58:13Z,2026-03-25T02:32:54Z,,
62371,7778,1786,Extreme IX Chennai: Extreme IX LAN,,10000,133678,True,2020-11-16T12:01:36Z,2026-03-25T02:32:54Z,,
62567,12876,1786,Extreme IX Chennai: Extreme IX LAN,,10000,133593,True,2020-11-18T15:28:41Z,2026-03-25T02:32:54Z,,
62942,1088,1786,Extreme IX Chennai: Extreme IX LAN,,10000,40009,True,2020-11-27T11:17:51Z,2026-03-26T17:35:35Z,,
63631,34449,1786,Extreme IX Chennai: Extreme IX LAN,,30000,141549,True,2020-12-29T17:27:26Z,2026-03-26T17:35:35Z,,
63642,16454,1786,Extreme IX Chennai: Extreme IX LAN,,10000,17465,True,2020-12-30T10:13:04Z,2026-03-26T17:35:36Z,,
64117,8683,1786,Extreme IX Chennai: Extreme IX LAN,,100000,53813,True,2021-01-23T05:38:47Z,2026-03-26T17:35:35Z,,
64488,30613,1786,Extreme IX Chennai: Extreme IX LAN,,10000,149781,True,2021-02-08T18:07:03Z,2026-03-25T02:32:54Z,,
64647,3514,1786,Extreme IX Chennai: Extreme IX LAN,Ip address None was claimed by other netixlan,1000,10029,True,2021-02-13T09:29:52Z,2026-03-26T17:35:35Z,,
64668,25999,1786,Extreme IX Chennai: Extreme IX LAN,,10000,134911,True,2021-02-15T06:00:19Z,2026-09-03T00:56:10Z,,
66612,18197,1786,Extreme IX Chennai: Extreme IX LAN,,10000,136308,True,2021-04-22T07:56:19Z,2026-05-20T02:02:50Z,,
66927,24640,1786,Extreme IX Chennai: Extreme IX LAN,,10000,135188,True,2021-05-05T10:08:01Z,2026-03-26T17:35:35Z,,
67480,1418,1786,Extreme IX Chennai: Extreme IX LAN,,100000,16509,True,2021-05-26T07:42:50Z,2026-03-26T17:35:36Z,,
67714,9005,1786,Extreme IX Chennai: Extreme IX LAN,,10000,134326,True,2021-06-06T00:08:58Z,2026-03-25T02:32:54Z,,
69284,694,1786,Extreme IX Chennai: Extreme IX LAN,,200000,8075,True,2021-08-04T04:43:51Z,2026-03-26T17:35:36Z,,
69905,11463,1786,Extreme IX Chennai: Extreme IX LAN,,10000,45284,True,2021-09-01T11:42:37Z,2026-03-25T02:32:54Z,,
69995,17405,1786,Extreme IX Chennai: Extreme IX LAN,,10000,55806,True,2021-09-06T13:50:42Z,2026-03-25T02:32:54Z,,
73655,13591,1786,Extreme IX Chennai: Extreme IX LAN,,100000,17488,True,2022-03-15T11:23:11Z,2026-03-25T02:32:54Z,,
76170,29071,1786,Extreme IX Chennai: Extreme IX LAN,,10000,142439,True,2022-07-25T16:41:37Z,2026-03-25T02:32:54Z,,
76821,42699,1786,Extreme IX Chennai: Extreme IX LAN,,10000,154529,True,2022-08-25T14:10:15Z,2026-08-12T08:05:24Z,,
80195,10569,1786,Extreme IX Chennai: Extreme IX LAN,,100000,35280,True,2023-01-26T00:18:31Z,2026-03-25T02:32:54Z,,
80392,16113,1786,Extreme IX Chennai: Extreme IX LAN,,3000,134305,True,2023-02-02T07:06:59Z,2026-03-26T17:35:35Z,,
80798,8683,1786,Extreme IX Chennai: Extreme IX LAN,,100000,53813,True,2023-02-18T00:40:47Z,2026-03-26T17:35:35Z,,
80799,8683,1786,Extreme IX Chennai: Extreme IX LAN,,100000,53813,True,2023-02-18T00:41:26Z,2026-03-26T17:35:35Z,,
81193,576,1786,Extreme IX Chennai: Extreme IX LAN,,0,32787,True,2023-03-06T14:02:29Z,2026-03-26T17:35:36Z,,
81353,29588,1786,Extreme IX Chennai: Extreme IX LAN,,10000,137090,True,2023-03-14T02:09:37Z,2026-03-26T17:35:35Z,,
83225,4837,1786,Extreme IX Chennai: Extreme IX LAN,,10000,18229,True,2023-05-31T00:21:48Z,2026-03-25T02:32:54Z,,
84709,32378,1786,Extreme IX Chennai: Extreme IX LAN,,10000,150593,True,2023-08-01T09:56:55Z,2026-03-25T02:32:54Z,,
86328,25888,1786,Extreme IX Chennai: Extreme IX LAN,,10000,40934,True,2023-10-10T01:07:35Z,2026-03-25T02:32:54Z,,
86397,34312,1786,Extreme IX Chennai: Extreme IX LAN,,10000,149570,True,2023-10-12T12:20:38Z,2026-03-25T02:32:54Z,,
87699,979,1786,Extreme IX Chennai: Extreme IX LAN,,100000,32934,True,2023-11-30T07:28:28Z,2026-03-26T17:35:36Z,,
87700,979,1786,Extreme IX Chennai: Extreme IX LAN,,100000,32934,True,2023-11-30T07:28:55Z,2026-03-26T17:35:36Z,,
88561,12573,1786,Extreme IX Chennai: Extreme IX LAN,,200000,135814,True,2024-01-09T07:14:52Z,2026-03-25T02:32:54Z,,
89561,35196,1786,Extreme IX Chennai: Extreme IX LAN,,10000,151719,True,2024-02-21T15:29:09Z,2026-03-25T02:32:54Z,,
90164,35601,1786,Extreme IX Chennai: Extreme IX LAN,,10000,23926,True,2024-03-18T04:46:02Z,2026-04-09T00:11:07Z,,
92154,2,1786,Extreme IX Chennai: Extreme IX LAN,,200000,20940,True,2024-06-04T14:36:33Z,2026-03-26T17:35:36Z,,
93614,36919,1786,Extreme IX Chennai: Extreme IX LAN,,10000,149241,True,2024-08-02T10:51:45Z,2026-03-25T02:32:54Z,,
93752,10670,1786,Extreme IX Chennai: Extreme IX LAN,,100000,55256,True,2024-08-06T20:11:55Z,2026-03-26T17:35:35Z,,
93984,37044,1786,Extreme IX Chennai: Extreme IX LAN,,10000,151749,True,2024-08-14T11:07:09Z,2026-03-25T02:32:54Z,,
95548,433,1786,Extreme IX Chennai: Extreme IX LAN,,100000,15169,True,2024-10-16T12:38:05Z,2026-03-26T17:35:35Z,,
95605,10635,1786,Extreme IX Chennai: Extreme IX LAN,,10000,58765,True,2024-10-18T10:07:43Z,2026-07-10T11:21:46Z,,
95746,20012,1786,Extreme IX Chennai: Extreme IX LAN,,1000,9540,True,2024-10-24T11:06:19Z,2026-03-26T17:35:35Z,,
95747,20012,1786,Extreme IX Chennai: Extreme IX LAN,,1000,9540,True,2024-10-24T11:06:23Z,2026-03-26T17:35:35Z,,
97381,20781,1786,Extreme IX Chennai: Extreme IX LAN,,10000,137654,True,2024-12-30T15:03:37Z,2026-03-26T17:35:36Z,,
97877,35867,1786,Extreme IX Chennai: Extreme IX LAN,,10000,152565,True,2025-01-23T01:48:30Z,2026-05-02T02:06:09Z,,
99607,27136,1786,Extreme IX Chennai: Extreme IX LAN,,10000,58971,True,2025-04-10T01:50:44Z,2026-03-25T02:32:54Z,,
99821,8660,1786,Extreme IX Chennai: Extreme IX LAN,,10000,59185,True,2025-04-23T01:55:11Z,2026-03-25T02:32:54Z,,
100705,16764,1786,Extreme IX Chennai: Extreme IX LAN,,10000,137085,True,2025-06-04T06:41:45Z,2026-03-25T02:32:54Z,,
101412,16271,1786,Extreme IX Chennai: Extreme IX LAN,,10000,136956,True,2025-07-10T01:47:29Z,2026-05-28T01:29:20Z,,
104380,28957,1786,Extreme IX Chennai: Extreme IX LAN,,10000,149248,True,2025-11-02T02:06:17Z,2026-06-09T01:28:03Z,,
105414,854,1786,Extreme IX Chennai: Extreme IX LAN,,100000,36692,True,2025-12-09T13:59:45Z,2026-03-26T17:35:35Z,,
107847,32178,1786,Extreme IX Chennai: Extreme IX LAN,,10000,149765,True,2026-03-09T11:34:36Z,2026-09-03T00:56:10Z,,
109503,14387,1786,Extreme IX Chennai: Extreme IX LAN,,60000,45820,True,2026-05-07T20:26:54Z,2026-05-08T02:05:24Z,,
110158,25219,1786,Extreme IX Chennai: Extreme IX LAN,,10000,141253,True,2026-06-02T01:25:46Z,2026-06-03T01:28:45Z,,
111131,26978,1786,Extreme IX Chennai: Extreme IX LAN,,30000,139009,True,2026-07-08T11:29:01Z,2026-07-31T01:01:58Z,,
42273,8220,2062,Bharat IX - Mumbai: Bharat IX Peering LAN,,10000,134006,True,2018-07-03T06:03:46Z,2020-02-19T04:07:51Z,,
48685,4224,2062,Bharat IX - Mumbai: Bharat IX Peering LAN,,10000,13335,True,2019-04-06T14:01:57Z,2020-02-19T04:07:51Z,,
40887,14583,2167,Extreme IX Kolkata: Extreme IX LAN,,10000,49378,True,2018-04-18T07:37:34Z,2026-03-26T17:47:25Z,,
40888,14583,2167,Extreme IX Kolkata: Extreme IX LAN,,10000,49378,True,2018-04-18T07:37:53Z,2026-03-26T17:47:25Z,,
42539,5520,2167,Extreme IX Kolkata: Extreme IX LAN,,10000,54113,True,2018-07-17T10:47:55Z,2026-03-26T17:47:25Z,,
44127,12951,2167,Extreme IX Kolkata: Extreme IX LAN,,1000,45804,True,2018-10-01T08:08:55Z,2026-03-26T17:47:25Z,,
50816,1234,2167,Extreme IX Kolkata: Extreme IX LAN,,10000,21859,True,2019-07-11T05:17:22Z,2026-03-25T02:44:06Z,,
52665,979,2167,Extreme IX Kolkata: Extreme IX LAN,Ip address None was claimed by other netixlan,100000,32934,True,2019-10-11T12:32:13Z,2026-03-26T17:47:25Z,,
54644,5520,2167,Extreme IX Kolkata: Extreme IX LAN,Ip address None was claimed by other netixlan,10000,54113,True,2020-01-07T05:18:55Z,2026-03-26T17:47:25Z,,
59112,1418,2167,Extreme IX Kolkata: Extreme IX LAN,,100000,16509,True,2020-07-03T07:35:52Z,2026-03-26T17:47:25Z,,
59113,1418,2167,Extreme IX Kolkata: Extreme IX LAN,,100000,16509,True,2020-07-03T07:36:48Z,2026-03-26T17:47:25Z,,
61803,14387,2167,Extreme IX Kolkata: Extreme IX LAN,,10000,45820,True,2020-10-24T14:54:40Z,2026-06-10T01:34:05Z,,
67436,10635,2167,Extreme IX Kolkata: Extreme IX LAN,,20000,58765,True,2021-05-24T11:52:35Z,2026-03-26T17:47:25Z,,
69902,979,2167,Extreme IX Kolkata: Extreme IX LAN,,100000,32934,True,2021-09-01T08:28:57Z,2026-03-26T17:47:25Z,,
71127,12715,2167,Extreme IX Kolkata: Extreme IX LAN,,10000,134674,True,2021-11-03T00:12:47Z,2026-03-25T02:44:06Z,,
71334,2,2167,Extreme IX Kolkata: Extreme IX LAN,,100000,20940,True,2021-11-12T05:54:26Z,2026-03-26T17:47:25Z,,
71873,21265,2167,Extreme IX Kolkata: Extreme IX LAN,,10000,138915,True,2021-12-07T17:13:42Z,2026-03-25T02:44:06Z,,
73458,14103,2167,Extreme IX Kolkata: Extreme IX LAN,,10000,24186,True,2022-03-07T09:58:50Z,2026-03-25T02:44:06Z,,
79263,25219,2167,Extreme IX Kolkata: Extreme IX LAN,,10000,141253,True,2022-12-21T11:48:47Z,2026-03-25T02:44:06Z,,
83657,20781,2167,Extreme IX Kolkata: Extreme IX LAN,,10000,137654,True,2023-06-14T11:49:50Z,2026-03-26T17:47:25Z,,
85097,27697,2167,Extreme IX Kolkata: Extreme IX LAN,,10000,141856,True,2023-08-17T14:36:17Z,2026-03-25T02:44:06Z,,
85468,25024,2167,Extreme IX Kolkata: Extreme IX LAN,,10000,141383,True,2023-09-05T04:04:19Z,2026-03-26T17:47:25Z,,
87725,10670,2167,Extreme IX Kolkata: Extreme IX LAN,,100000,55256,True,2023-11-30T18:48:36Z,2026-03-26T17:47:25Z,,
91227,4837,2167,Extreme IX Kolkata: Extreme IX LAN,,10000,18229,True,2024-04-25T01:34:06Z,2026-03-25T02:44:06Z,,
95935,5666,2167,Extreme IX Kolkata: Extreme IX LAN,,100000,58715,True,2024-10-29T10:52:50Z,2026-03-25T02:44:06Z,,
97779,34858,2167,Extreme IX Kolkata: Extreme IX LAN,,10000,151690,True,2025-01-21T01:57:45Z,2026-03-25T02:44:06Z,,
99443,8683,2167,Extreme IX Kolkata: Extreme IX LAN,,100000,53813,True,2025-04-03T02:03:00Z,2026-03-26T17:47:25Z,,
100737,32178,2167,Extreme IX Kolkata: Extreme IX LAN,,10000,149765,True,2025-06-06T01:59:00Z,2026-03-25T02:44:06Z,,
102427,32220,2167,Extreme IX Kolkata: Extreme IX LAN,,100000,150748,True,2025-08-21T12:04:06Z,2026-09-03T00:59:37Z,,
105636,5167,2167,Extreme IX Kolkata: Extreme IX LAN,,1000,17665,True,2025-12-18T02:07:13Z,2026-03-25T02:44:06Z,,
107309,8683,2167,Extreme IX Kolkata: Extreme IX LAN,,100000,53813,True,2026-02-19T19:28:42Z,2026-03-26T17:47:25Z,,
110010,22373,2167,Extreme IX Kolkata: Extreme IX LAN,,10000,138754,True,2026-05-27T10:08:52Z,2026-05-28T01:35:22Z,,
46107,35026,2195,Amaravati IX: AMR-IX Peering LAN,Ip address None was claimed by other netixlan,10000,135133,True,2018-12-21T07:31:59Z,2024-01-09T01:30:31Z,,
46312,35026,2195,Amaravati IX: AMR-IX Peering LAN,Ip address None was claimed by other netixlan,10000,135133,True,2019-01-05T07:51:04Z,2024-01-09T01:30:31Z,,
46324,16756,2195,Amaravati IX: AMR-IX Peering LAN,Ip address None was claimed by other netixlan,1000,137851,True,2019-01-07T04:51:50Z,2022-10-13T13:03:16Z,,
46325,16756,2195,Amaravati IX: AMR-IX Peering LAN,Ip address None was claimed by other netixlan,1000,137851,True,2019-01-07T04:52:32Z,2022-10-13T13:02:01Z,,
61822,21895,2195,Amaravati IX: AMR-IX Peering LAN,,1000,207722,True,2020-10-26T14:10:56Z,2020-12-04T16:21:26Z,,
62821,16629,2195,Amaravati IX: AMR-IX Peering LAN,,10000,136364,True,2020-11-24T13:55:21Z,2025-05-22T02:08:42Z,,
63813,25618,2195,Amaravati IX: AMR-IX Peering LAN,,10000,137671,True,2021-01-09T00:09:14Z,2025-05-22T02:08:42Z,,
63814,25618,2195,Amaravati IX: AMR-IX Peering LAN,,10000,137671,True,2021-01-09T00:09:14Z,2025-05-22T02:08:42Z,,
64007,10477,2195,Amaravati IX: AMR-IX Peering LAN,,10000,133287,True,2021-01-19T14:03:06Z,2021-01-19T14:04:57Z,,
72320,30269,2195,Amaravati IX: AMR-IX Peering LAN,,1000,968,True,2022-01-06T02:37:08Z,2022-06-29T08:47:39Z,,
77409,30972,2195,Amaravati IX: AMR-IX Peering LAN,,10000,141864,True,2022-09-29T03:42:35Z,2022-11-02T14:06:36Z,,
77601,14490,2195,Amaravati IX: AMR-IX Peering LAN,,20000,63293,True,2022-10-10T02:15:07Z,2022-10-10T02:15:07Z,,
93435,9843,2195,Amaravati IX: AMR-IX Peering LAN,,10000,45582,True,2024-07-28T21:00:18Z,2024-07-30T07:04:20Z,,
94826,2971,2195,Amaravati IX: AMR-IX Peering LAN,,10000,8674,True,2024-09-17T14:50:31Z,2024-09-17T14:50:32Z,,
107994,12020,2195,Amaravati IX: AMR-IX Peering LAN,,10000,134334,True,2026-03-15T10:37:49Z,2026-03-15T10:37:49Z,,
41581,9343,2210,ANI-IX Delhi,,100000,132116,True,2018-05-25T03:27:14Z,2023-09-26T16:54:25Z,,
41582,16764,2210,ANI-IX Delhi,,100000,137085,True,2018-05-25T03:34:57Z,2025-10-19T08:01:08Z,,
41586,16848,2210,ANI-IX Delhi,,2000,135869,True,2018-05-25T12:43:29Z,2020-02-19T04:08:47Z,,
41598,10062,2210,ANI-IX Delhi,,10000,134295,True,2018-05-27T08:48:37Z,2022-03-26T08:30:33Z,,
41615,12377,2210,ANI-IX Delhi,,1000,132535,True,2018-05-29T07:48:42Z,2020-02-19T04:08:47Z,,
41616,16871,2210,ANI-IX Delhi,,40000,132974,True,2018-05-29T07:58:31Z,2025-11-14T13:59:49Z,,
41617,16869,2210,ANI-IX Delhi,,6000,134264,True,2018-05-29T08:08:19Z,2020-10-29T08:59:39Z,,
41620,15615,2210,ANI-IX Delhi,Ip address None was claimed by other netixlan,10000,134341,True,2018-05-29T08:46:55Z,2023-03-07T07:54:03Z,,
41621,16875,2210,ANI-IX Delhi,,2000,134856,True,2018-05-29T09:22:34Z,2020-02-19T04:08:47Z,,
41622,16876,2210,ANI-IX Delhi,,1000,136713,True,2018-05-29T09:52:55Z,2020-02-19T04:08:47Z,,
42757,16583,2210,ANI-IX Delhi,,10000,134895,True,2018-07-30T13:24:47Z,2020-02-19T04:08:47Z,,
47647,16912,2210,ANI-IX Delhi,,2000,136370,True,2019-02-22T15:04:46Z,2021-04-21T07:25:29Z,,
53915,19587,2210,ANI-IX Delhi,,20000,137653,True,2019-12-10T02:05:27Z,2023-12-07T07:29:21Z,,
55111,22027,2210,ANI-IX Delhi,,10000,135208,True,2020-01-28T11:12:36Z,2026-06-15T08:33:22Z,,
62890,25236,2210,ANI-IX Delhi,,1024,136343,True,2020-11-26T08:18:22Z,2020-11-26T08:18:22Z,,
63329,16870,2210,ANI-IX Delhi,,10000,135232,True,2020-12-11T17:28:17Z,2022-01-17T17:17:14Z,,
63337,17787,2210,ANI-IX Delhi,,3000,135692,True,2020-12-12T11:09:46Z,2020-12-12T11:09:46Z,,
64583,24511,2210,ANI-IX Delhi,,10000,134308,True,2021-02-11T08:11:04Z,2023-11-11T14:16:12Z,,
70014,27155,2210,ANI-IX Delhi,,10000,142419,True,2021-09-07T09:41:54Z,2021-12-07T09:57:21Z,,
74210,979,2210,ANI-IX Delhi,,100000,32934,True,2022-04-12T10:07:55Z,2024-07-22T06:54:20Z,,
74211,979,2210,ANI-IX Delhi,,100000,32934,True,2022-04-12T10:08:39Z,2024-07-22T06:54:20Z,,
74323,20657,2210,ANI-IX Delhi,,10000,133270,True,2022-04-19T08:40:45Z,2024-11-06T19:32:44Z,,
74324,29737,2210,ANI-IX Delhi,,10000,141257,True,2022-04-19T09:18:47Z,2022-04-19T09:18:47Z,,
74378,29769,2210,ANI-IX Delhi,,10000,139492,True,2022-04-22T08:39:21Z,2022-04-22T08:39:21Z,,
74382,15990,2210,ANI-IX Delhi,,10000,135763,True,2022-04-22T10:20:31Z,2022-04-22T10:20:31Z,,
74383,29240,2210,ANI-IX Delhi,,15000,136362,True,2022-04-22T10:31:54Z,2023-01-20T12:21:29Z,,
74445,29802,2210,ANI-IX Delhi,,10000,138774,True,2022-04-26T10:55:40Z,2024-08-13T11:34:26Z,,
93927,37046,2210,ANI-IX Delhi,,20000,133697,True,2024-08-12T14:27:09Z,2024-08-12T14:27:09Z,,
93928,30659,2210,ANI-IX Delhi,,10000,147246,True,2024-08-12T14:45:24Z,2024-08-12T14:45:24Z,,
93929,37047,2210,ANI-IX Delhi,,1000,134017,True,2024-08-12T15:00:30Z,2024-08-12T15:00:30Z,,
103949,29198,2210,ANI-IX Delhi,,20000,137163,True,2025-10-15T08:01:27Z,2025-10-15T08:01:27Z,,
42729,17364,2251,Remki Internet Exchange (RIX): Remki IX,,10000,134892,True,2018-07-27T04:25:00Z,2021-11-18T13:58:58Z,,
44296,12659,2341,REDIX Chennai: Peering LAN,,1000,133981,True,2018-10-06T07:29:24Z,2020-02-19T04:09:01Z,,
44320,17971,2341,REDIX Chennai: Peering LAN,,1000,137084,True,2018-10-08T09:09:12Z,2020-02-19T04:09:01Z,,
49538,2827,2587,DE-CIX Delhi: DE-CIX Delhi Peering LAN,,1000,24457,True,2019-05-15T05:22:20Z,2020-10-06T12:38:47Z,,
51251,433,2587,DE-CIX Delhi: DE-CIX Delhi Peering LAN,,100000,15169,True,2019-08-02T13:57:59Z,2024-04-10T11:11:53Z,,
60489,2827,2587,DE-CIX Delhi: DE-CIX Delhi Peering LAN,,1000,24457,True,2020-08-24T08:10:44Z,2020-10-06T12:17:18Z,,
63396,979,2587,DE-CIX Delhi: DE-CIX Delhi Peering LAN,,100000,32934,True,2020-12-16T10:47:29Z,2022-07-04T23:53:19Z,,
63397,979,2587,DE-CIX Delhi: DE-CIX Delhi Peering LAN,,100000,32934,True,2020-12-16T10:48:15Z,2022-07-04T23:53:19Z,,
63732,10681,2587,DE-CIX Delhi: DE-CIX Delhi Peering LAN,,10000,133296,True,2021-01-05T13:39:33Z,2021-01-05T13:39:33Z,,
63919,1418,2587,DE-CIX Delhi: DE-CIX Delhi Peering LAN,,100000,16509,True,2021-01-14T11:45:52Z,2021-01-14T11:47:35Z,,
64035,694,2587,DE-CIX Delhi: DE-CIX Delhi Peering LAN,,20000,8075,True,2021-01-20T19:55:26Z,2021-11-17T20:14:39Z,,
64036,694,2587,DE-CIX Delhi: DE-CIX Delhi Peering LAN,,20000,8075,True,2021-01-20T19:56:04Z,2021-11-17T20:14:39Z,,
64116,12930,2587,DE-CIX Delhi: DE-CIX Delhi Peering LAN,,10000,45235,True,2021-01-23T04:11:00Z,2023-04-20T02:05:46Z,,
64187,11085,2587,DE-CIX Delhi: DE-CIX Delhi Peering LAN,,20000,133652,True,2021-01-27T14:11:10Z,2025-01-11T07:05:50Z,,
64207,15000,2587,DE-CIX Delhi: DE-CIX Delhi Peering LAN,,20480,133661,True,2021-01-28T12:03:45Z,2025-03-28T10:03:26Z,,
64820,17242,2587,DE-CIX Delhi: DE-CIX Delhi Peering LAN,,1000,135139,True,2021-02-22T13:08:46Z,2025-09-25T07:53:44Z,,
64893,18798,2587,DE-CIX Delhi: DE-CIX Delhi Peering LAN,,2000,58640,True,2021-02-24T16:13:33Z,2024-09-02T10:00:24Z,,
65095,13860,2587,DE-CIX Delhi: DE-CIX Delhi Peering LAN,,3000,136338,True,2021-03-06T05:44:08Z,2021-03-06T05:44:20Z,,
65247,21566,2587,DE-CIX Delhi: DE-CIX Delhi Peering LAN,,10000,135719,True,2021-03-10T13:02:04Z,2021-05-12T04:22:47Z,,
65273,26232,2587,DE-CIX Delhi: DE-CIX Delhi Peering LAN,,1000,208006,True,2021-03-11T09:52:32Z,2021-03-11T09:52:32Z,,
65482,24658,2587,DE-CIX Delhi: DE-CIX Delhi Peering LAN,,10240,140133,True,2021-03-19T06:13:01Z,2022-01-17T11:15:18Z,,
66427,16912,2587,DE-CIX Delhi: DE-CIX Delhi Peering LAN,,10000,136370,True,2021-04-16T07:11:38Z,2023-12-18T08:51:48Z,,
66650,40010,2587,DE-CIX Delhi: DE-CIX Delhi Peering LAN,,100000,153756,True,2021-04-23T10:33:22Z,2026-06-04T05:28:29Z,,
66853,16870,2587,DE-CIX Delhi: DE-CIX Delhi Peering LAN,,10000,135232,True,2021-05-01T10:04:30Z,2022-04-14T05:00:43Z,,
66928,12125,2587,DE-CIX Delhi: DE-CIX Delhi Peering LAN,,1000,135793,True,2021-05-05T11:41:28Z,2021-05-05T11:41:28Z,,
67292,15844,2587,DE-CIX Delhi: DE-CIX Delhi Peering LAN,,100000,9829,True,2021-05-19T13:29:28Z,2021-05-19T13:29:28Z,,
67652,27091,2587,DE-CIX Delhi: DE-CIX Delhi Peering LAN,,1000,140131,True,2021-06-02T04:43:46Z,2021-06-02T04:43:46Z,,
67845,25226,2587,DE-CIX Delhi: DE-CIX Delhi Peering LAN,,10000,140129,True,2021-06-11T06:01:56Z,2022-12-21T11:28:53Z,,
67943,2,2587,DE-CIX Delhi: DE-CIX Delhi Peering LAN,,100000,20940,True,2021-06-16T11:30:09Z,2021-06-16T13:03:15Z,,
68127,17331,2587,DE-CIX Delhi: DE-CIX Delhi Peering LAN,,10000,134041,True,2021-06-23T07:23:37Z,2026-04-18T08:38:49Z,,
68268,17888,2587,DE-CIX Delhi: DE-CIX Delhi Peering LAN,,3000,136377,True,2021-06-28T00:55:17Z,2023-01-11T11:41:32Z,,
68345,27165,2587,DE-CIX Delhi: DE-CIX Delhi Peering LAN,,3000,140134,True,2021-07-01T06:34:19Z,2021-07-01T06:34:20Z,,
68465,25106,2587,DE-CIX Delhi: DE-CIX Delhi Peering LAN,,5000,135258,True,2021-07-06T04:50:08Z,2022-05-16T07:03:02Z,,
68507,24757,2587,DE-CIX Delhi: DE-CIX Delhi Peering LAN,,10000,135723,True,2021-07-07T09:23:56Z,2024-04-10T11:52:02Z,,
68535,12916,2587,DE-CIX Delhi: DE-CIX Delhi Peering LAN,,3000,136280,True,2021-07-08T08:56:35Z,2022-10-06T04:52:31Z,,
68547,1418,2587,DE-CIX Delhi: DE-CIX Delhi Peering LAN,,100000,16509,True,2021-07-08T14:54:25Z,2021-07-08T14:54:25Z,,
68715,11729,2587,DE-CIX Delhi: DE-CIX Delhi Peering LAN,,10000,133275,True,2021-07-15T08:17:53Z,2021-07-15T08:21:27Z,,
68719,29527,2587,DE-CIX Delhi: DE-CIX Delhi Peering LAN,,7000,149526,True,2021-07-15T14:16:12Z,2024-04-18T07:39:52Z,,
68896,16598,2587,DE-CIX Delhi: DE-CIX Delhi Peering LAN,,10000,32261,False,2021-07-20T23:31:03Z,2022-05-13T20:07:57Z,,
69631,17183,2587,DE-CIX Delhi: DE-CIX Delhi Peering LAN,,1000,136354,True,2021-08-19T08:41:44Z,2021-08-19T08:44:10Z,,
70200,25006,2587,DE-CIX Delhi: DE-CIX Delhi Peering LAN,,10240,134924,False,2021-09-17T09:07:41Z,2022-09-07T08:56:45Z,,
70453,14676,2587,DE-CIX Delhi: DE-CIX Delhi Peering LAN,,10000,136946,True,2021-09-29T06:44:46Z,2024-10-08T08:13:45Z,,
70636,3514,2587,DE-CIX Delhi: DE-CIX Delhi Peering LAN,,10000,10029,True,2021-10-08T08:40:41Z,2021-10-08T08:40:41Z,,
70884,12175,2587,DE-CIX Delhi: DE-CIX Delhi Peering LAN,,3000,135799,True,2021-10-21T12:27:49Z,2026-03-30T12:26:13Z,,
71077,36625,2587,DE-CIX Delhi: DE-CIX Delhi Peering LAN,,10000,151732,True,2021-10-31T06:02:06Z,2026-07-24T17:00:12Z,,
71406,9900,2587,DE-CIX Delhi: DE-CIX Delhi Peering LAN,,10000,132323,True,2021-11-16T06:39:01Z,2026-03-17T07:29:23Z,,
71508,433,2587,DE-CIX Delhi: DE-CIX Delhi Peering LAN,,100000,15169,True,2021-11-19T16:13:37Z,2024-04-10T11:11:53Z,,
71563,4224,2587,DE-CIX Delhi: DE-CIX Delhi Peering LAN,,20000,13335,True,2021-11-22T19:38:30Z,2021-11-22T19:38:30Z,,
71836,12918,2587,DE-CIX Delhi: DE-CIX Delhi Peering LAN,,10000,134375,True,2021-12-06T11:34:06Z,2026-06-10T07:31:40Z,,
71941,15784,2587,DE-CIX Delhi: DE-CIX Delhi Peering LAN,,10000,135848,True,2021-12-10T10:09:35Z,2023-03-12T03:58:36Z,,
72110,22848,2587,DE-CIX Delhi: DE-CIX Delhi Peering LAN,,10000,132932,True,2021-12-21T13:58:28Z,2021-12-21T13:58:28Z,,
72451,38934,2587,DE-CIX Delhi: DE-CIX Delhi Peering LAN,,100000,153759,True,2022-01-13T08:33:40Z,2025-05-10T01:16:57Z,,
72452,38934,2587,DE-CIX Delhi: DE-CIX Delhi Peering LAN,,100000,153759,True,2022-01-13T08:37:20Z,2025-06-14T01:09:31Z,,
72581,433,2587,DE-CIX Delhi: DE-CIX Delhi Peering LAN,,100000,15169,True,2022-01-19T16:01:25Z,2024-04-10T11:11:53Z,,
72631,8264,2587,DE-CIX Delhi: DE-CIX Delhi Peering LAN,,12000,132754,True,2022-01-22T09:25:04Z,2024-04-09T08:07:59Z,,
72832,21905,2587,DE-CIX Delhi: DE-CIX Delhi Peering LAN,,1000,138287,True,2022-02-02T11:25:33Z,2022-02-02T11:25:33Z,,
72910,28615,2587,DE-CIX Delhi: DE-CIX Delhi Peering LAN,,10000,147256,True,2022-02-05T19:55:07Z,2022-02-05T19:55:07Z,,
72980,11260,2587,DE-CIX Delhi: DE-CIX Delhi Peering LAN,,3000,58965,True,2022-02-10T03:55:31Z,2026-03-04T15:43:32Z,,
72988,17375,2587,DE-CIX Delhi: DE-CIX Delhi Peering LAN,,10000,134278,True,2022-02-10T12:19:04Z,2022-02-10T12:19:04Z,,
73072,8847,2587,DE-CIX Delhi: DE-CIX Delhi Peering LAN,,10000,59162,True,2022-02-15T08:29:55Z,2022-02-26T09:02:29Z,,
73207,16233,2587,DE-CIX Delhi: DE-CIX Delhi Peering LAN,,10000,136373,True,2022-02-21T12:39:36Z,2026-06-03T11:31:59Z,,
73767,10670,2587,DE-CIX Delhi: DE-CIX Delhi Peering LAN,,100000,55256,True,2022-03-18T17:56:33Z,2024-06-28T19:56:08Z,,
74018,16017,2587,DE-CIX Delhi: DE-CIX Delhi Peering LAN,,3000,135817,True,2022-03-31T08:52:10Z,2022-03-31T08:52:10Z,,
74054,23852,2587,DE-CIX Delhi: DE-CIX Delhi Peering LAN,,1000,138769,True,2022-04-02T10:20:09Z,2022-04-02T10:20:09Z,,
74116,12951,2587,DE-CIX Delhi: DE-CIX Delhi Peering LAN,,3000,45804,True,2022-04-06T08:44:26Z,2022-04-06T08:44:26Z,,
74123,10151,2587,DE-CIX Delhi: DE-CIX Delhi Peering LAN,,10000,18002,True,2022-04-06T11:08:15Z,2026-03-26T16:02:19Z,,
74540,15616,2587,DE-CIX Delhi: DE-CIX Delhi Peering LAN,,10000,136318,True,2022-05-01T05:36:16Z,2023-02-02T09:00:43Z,,
74686,7117,2587,DE-CIX Delhi: DE-CIX Delhi Peering LAN,,1000,132215,True,2022-05-10T11:04:25Z,2024-12-11T04:52:37Z,,
75461,29091,2587,DE-CIX Delhi: DE-CIX Delhi Peering LAN,,6000,146904,True,2022-06-15T11:08:26Z,2026-08-18T02:35:59Z,,
75536,9054,2587,DE-CIX Delhi: DE-CIX Delhi Peering LAN,,1000,17426,True,2022-06-20T06:32:16Z,2022-06-20T06:32:16Z,,
75560,10711,2587,DE-CIX Delhi: DE-CIX Delhi Peering LAN,,10000,132768,True,2022-06-21T12:05:28Z,2022-06-21T12:05:28Z,,
75651,25817,2587,DE-CIX Delhi: DE-CIX Delhi Peering LAN,,3000,141331,True,2022-06-26T10:57:59Z,2022-06-26T10:57:59Z,,
76028,12698,2587,DE-CIX Delhi: DE-CIX Delhi Peering LAN,,3000,134858,True,2022-07-14T09:33:06Z,2022-07-14T09:33:06Z,,
76064,12192,2587,DE-CIX Delhi: DE-CIX Delhi Peering LAN,,10000,132566,True,2022-07-18T05:45:14Z,2025-11-29T05:28:19Z,,
77190,5918,2587,DE-CIX Delhi: DE-CIX Delhi Peering LAN,,10000,6507,True,2022-09-16T04:35:17Z,2022-09-16T04:35:17Z,,
77885,29566,2587,DE-CIX Delhi: DE-CIX Delhi Peering LAN,,1000,141823,True,2022-10-22T09:29:07Z,2022-10-22T09:29:07Z,,
78256,13406,2587,DE-CIX Delhi: DE-CIX Delhi Peering LAN,,10000,133645,True,2022-11-07T17:34:40Z,2022-11-07T17:35:21Z,,
78709,5167,2587,DE-CIX Delhi: DE-CIX Delhi Peering LAN,,30000,17665,True,2022-11-25T14:03:38Z,2024-08-19T09:21:51Z,,
79319,27014,2587,DE-CIX Delhi: DE-CIX Delhi Peering LAN,,1024,38625,True,2022-12-24T12:57:29Z,2022-12-24T12:57:29Z,,
80130,13708,2587,DE-CIX Delhi: DE-CIX Delhi Peering LAN,,10000,55705,True,2023-01-23T13:22:26Z,2023-01-23T13:22:26Z,,
82794,30120,2587,DE-CIX Delhi: DE-CIX Delhi Peering LAN,,10000,135784,True,2023-05-12T10:02:35Z,2023-05-12T10:02:35Z,,
83514,16338,2587,DE-CIX Delhi: DE-CIX Delhi Peering LAN,,10000,56056,True,2023-06-08T09:39:25Z,2023-09-21T10:34:24Z,,
84035,11961,2587,DE-CIX Delhi: DE-CIX Delhi Peering LAN,,10000,134259,True,2023-07-03T14:53:20Z,2023-07-03T14:53:20Z,,
84295,5871,2587,DE-CIX Delhi: DE-CIX Delhi Peering LAN,,10000,45916,True,2023-07-14T05:53:39Z,2023-07-14T05:53:39Z,,
84393,15211,2587,DE-CIX Delhi: DE-CIX Delhi Peering LAN,,40000,134922,True,2023-07-19T08:39:16Z,2026-01-28T12:21:35Z,,
84407,22027,2587,DE-CIX Delhi: DE-CIX Delhi Peering LAN,,3000,135208,True,2023-07-19T18:05:13Z,2026-07-01T02:37:27Z,,
84735,26356,2587,DE-CIX Delhi: DE-CIX Delhi Peering LAN,,10000,134860,True,2023-08-02T12:52:19Z,2026-08-18T11:16:41Z,,
85088,42272,2587,DE-CIX Delhi: DE-CIX Delhi Peering LAN,,1000,45189,True,2023-08-17T04:53:22Z,2026-05-18T12:54:30Z,,
87117,26274,2587,DE-CIX Delhi: DE-CIX Delhi Peering LAN,,10000,140641,True,2023-11-13T06:28:19Z,2023-11-13T06:28:32Z,,
87186,4837,2587,DE-CIX Delhi: DE-CIX Delhi Peering LAN,,10000,18229,True,2023-11-16T12:12:25Z,2023-11-16T12:12:25Z,,
88280,11536,2587,DE-CIX Delhi: DE-CIX Delhi Peering LAN,,5000,135706,True,2023-12-25T11:15:32Z,2023-12-25T11:15:32Z,,
89115,457,2587,DE-CIX Delhi: DE-CIX Delhi Peering LAN,,100000,2906,True,2024-02-01T15:50:18Z,2024-02-01T15:50:18Z,,
89263,457,2587,DE-CIX Delhi: DE-CIX Delhi Peering LAN,,100000,2906,True,2024-02-07T04:32:30Z,2024-02-07T04:32:30Z,,
89321,3241,2587,DE-CIX Delhi: DE-CIX Delhi Peering LAN,,10000,42473,True,2024-02-09T08:31:16Z,2024-02-09T08:31:16Z,,
89532,35395,2587,DE-CIX Delhi: DE-CIX Delhi Peering LAN,,10000,150589,True,2024-02-20T13:04:36Z,2026-03-22T08:04:59Z,,
89747,14155,2587,DE-CIX Delhi: DE-CIX Delhi Peering LAN,,40000,133647,True,2024-02-29T15:12:50Z,2024-05-05T07:33:44Z,,
90586,11415,2587,DE-CIX Delhi: DE-CIX Delhi Peering LAN,,10000,135738,True,2024-04-02T12:08:45Z,2024-04-02T12:08:45Z,,
90609,28887,2587,DE-CIX Delhi: DE-CIX Delhi Peering LAN,,3000,146863,True,2024-04-03T06:43:26Z,2024-04-03T06:46:04Z,,
92763,32102,2587,DE-CIX Delhi: DE-CIX Delhi Peering LAN,,3000,149591,True,2024-07-01T20:08:06Z,2024-07-11T06:23:11Z,,
95448,5666,2587,DE-CIX Delhi: DE-CIX Delhi Peering LAN,,10000,58715,True,2024-10-11T13:08:03Z,2024-10-11T13:08:03Z,,
97152,8683,2587,DE-CIX Delhi: DE-CIX Delhi Peering LAN,,100000,53813,True,2024-12-17T16:34:45Z,2024-12-17T16:34:45Z,,
97153,8683,2587,DE-CIX Delhi: DE-CIX Delhi Peering LAN,,100000,53813,True,2024-12-17T16:35:33Z,2024-12-17T16:35:33Z,,
98168,10976,2587,DE-CIX Delhi: DE-CIX Delhi Peering LAN,,5000,132115,True,2025-02-04T09:39:06Z,2025-02-04T09:39:06Z,,
101440,28520,2587,DE-CIX Delhi: DE-CIX Delhi Peering LAN,,10000,139901,True,2025-07-10T17:39:41Z,2025-09-10T03:58:06Z,,
102641,21022,2587,DE-CIX Delhi: DE-CIX Delhi Peering LAN,,10000,136703,True,2025-08-30T15:36:58Z,2025-08-30T15:56:26Z,,
107300,13315,2587,DE-CIX Delhi: DE-CIX Delhi Peering LAN,,10000,133680,True,2026-02-19T10:57:25Z,2026-02-19T10:57:26Z,,
108022,2,2587,DE-CIX Delhi: DE-CIX Delhi Peering LAN,,100000,20940,True,2026-03-16T14:37:03Z,2026-03-16T14:39:21Z,,
109399,5520,2587,DE-CIX Delhi: DE-CIX Delhi Peering LAN,,100000,54113,True,2026-05-05T18:17:48Z,2026-05-05T18:17:50Z,,
109400,5520,2587,DE-CIX Delhi: DE-CIX Delhi Peering LAN,,100000,54113,True,2026-05-05T18:17:51Z,2026-05-05T18:17:52Z,,
110147,38924,2587,DE-CIX Delhi: DE-CIX Delhi Peering LAN,,30000,152547,True,2026-06-01T13:01:29Z,2026-07-31T05:22:50Z,,
110165,28901,2587,DE-CIX Delhi: DE-CIX Delhi Peering LAN,,10000,149240,True,2026-06-02T06:31:21Z,2026-06-02T06:31:21Z,,
110335,10787,2587,DE-CIX Delhi: DE-CIX Delhi Peering LAN,,100000,58762,True,2026-06-07T11:35:41Z,2026-07-17T07:18:58Z,,
110342,40852,2587,DE-CIX Delhi: DE-CIX Delhi Peering LAN,,10000,154360,True,2026-06-07T20:33:02Z,2026-06-07T20:33:02Z,,
110770,29240,2587,DE-CIX Delhi: DE-CIX Delhi Peering LAN,,10000,136362,True,2026-06-23T19:08:24Z,2026-06-23T19:08:25Z,,
110969,15129,2587,DE-CIX Delhi: DE-CIX Delhi Peering LAN,,3000,136696,True,2026-07-02T07:17:07Z,2026-07-02T07:17:07Z,,
111129,6330,2587,DE-CIX Delhi: DE-CIX Delhi Peering LAN,,10000,132453,True,2026-07-08T10:08:13Z,2026-07-08T10:08:13Z,,
111312,41436,2587,DE-CIX Delhi: DE-CIX Delhi Peering LAN,,10000,154448,True,2026-07-15T15:03:54Z,2026-07-25T07:40:21Z,,
111649,16389,2587,DE-CIX Delhi: DE-CIX Delhi Peering LAN,,100000,137095,True,2026-07-29T04:03:01Z,2026-07-29T04:03:01Z,,
51235,979,2588,DE-CIX Chennai: DE-CIX Chennai Peering LAN,,20000,32934,True,2019-08-02T02:14:03Z,2021-01-15T15:31:17Z,,
51236,979,2588,DE-CIX Chennai: DE-CIX Chennai Peering LAN,,20000,32934,True,2019-08-02T02:14:35Z,2021-01-15T15:31:17Z,,
51276,20756,2588,DE-CIX Chennai: DE-CIX Chennai Peering LAN,,1000,24470,True,2019-08-05T09:35:47Z,2020-11-03T15:41:19Z,,
51483,5520,2588,DE-CIX Chennai: DE-CIX Chennai Peering LAN,,100000,54113,True,2019-08-14T12:36:29Z,2026-04-23T09:17:43Z,,
51524,5520,2588,DE-CIX Chennai: DE-CIX Chennai Peering LAN,,100000,54113,True,2019-08-16T06:42:54Z,2026-04-24T09:17:56Z,,
52313,433,2588,DE-CIX Chennai: DE-CIX Chennai Peering LAN,,100000,15169,True,2019-09-24T15:18:48Z,2024-04-10T11:11:53Z,,
54006,28828,2588,DE-CIX Chennai: DE-CIX Chennai Peering LAN,,1000,146891,True,2019-12-11T06:44:47Z,2023-02-21T12:53:50Z,,
60488,20756,2588,DE-CIX Chennai: DE-CIX Chennai Peering LAN,,1000,24470,True,2020-08-24T08:06:40Z,2020-08-24T08:07:24Z,,
61362,694,2588,DE-CIX Chennai: DE-CIX Chennai Peering LAN,,10000,8075,True,2020-10-05T19:38:08Z,2020-10-05T19:38:09Z,,
61363,694,2588,DE-CIX Chennai: DE-CIX Chennai Peering LAN,,10000,8075,True,2020-10-05T19:38:40Z,2020-10-05T19:38:41Z,,
61995,3241,2588,DE-CIX Chennai: DE-CIX Chennai Peering LAN,,1000,42473,True,2020-11-03T12:04:07Z,2020-11-03T12:04:07Z,,
63917,1418,2588,DE-CIX Chennai: DE-CIX Chennai Peering LAN,,100000,16509,True,2021-01-14T11:44:51Z,2021-01-14T11:44:51Z,,
66001,34312,2588,DE-CIX Chennai: DE-CIX Chennai Peering LAN,,1000,149570,True,2021-04-05T04:39:13Z,2024-09-26T15:11:32Z,,
68079,20515,2588,DE-CIX Chennai: DE-CIX Chennai Peering LAN,,10000,136714,True,2021-06-21T17:17:01Z,2021-06-21T17:17:01Z,,
68350,1418,2588,DE-CIX Chennai: DE-CIX Chennai Peering LAN,,100000,16509,True,2021-07-01T09:01:36Z,2021-07-01T09:01:36Z,,
68368,2,2588,DE-CIX Chennai: DE-CIX Chennai Peering LAN,,100000,20940,True,2021-07-01T16:51:01Z,2021-07-01T16:51:01Z,,
68369,2,2588,DE-CIX Chennai: DE-CIX Chennai Peering LAN,,100000,20940,True,2021-07-01T16:51:32Z,2021-07-01T16:51:32Z,,
68500,10335,2588,DE-CIX Chennai: DE-CIX Chennai Peering LAN,,20000,133301,True,2021-07-07T07:23:41Z,2025-11-10T07:18:06Z,,
68833,16598,2588,DE-CIX Chennai: DE-CIX Chennai Peering LAN,,10000,32261,False,2021-07-19T05:23:30Z,2022-05-13T20:07:58Z,,
70208,17975,2588,DE-CIX Chennai: DE-CIX Chennai Peering LAN,,1000,136279,True,2021-09-17T14:02:05Z,2021-09-17T14:03:14Z,,
70449,27258,2588,DE-CIX Chennai: DE-CIX Chennai Peering LAN,,3000,137143,True,2021-09-28T13:51:37Z,2024-05-03T00:08:57Z,,
70688,15844,2588,DE-CIX Chennai: DE-CIX Chennai Peering LAN,,10000,9829,True,2021-10-12T06:49:41Z,2021-10-12T06:49:41Z,,
70809,4487,2588,DE-CIX Chennai: DE-CIX Chennai Peering LAN,,1000,45769,True,2021-10-18T11:15:13Z,2021-10-18T11:15:58Z,,
70882,28299,2588,DE-CIX Chennai: DE-CIX Chennai Peering LAN,,10000,139484,True,2021-10-21T11:53:01Z,2024-11-20T06:12:55Z,,
72149,1459,2588,DE-CIX Chennai: DE-CIX Chennai Peering LAN,,10000,4637,True,2021-12-23T09:34:28Z,2025-08-20T04:42:13Z,,
72449,38934,2588,DE-CIX Chennai: DE-CIX Chennai Peering LAN,,100000,153759,True,2022-01-13T08:23:03Z,2025-06-14T01:09:31Z,,
72450,38934,2588,DE-CIX Chennai: DE-CIX Chennai Peering LAN,,100000,153759,True,2022-01-13T08:23:49Z,2025-06-14T01:09:31Z,,
72675,3816,2588,DE-CIX Chennai: DE-CIX Chennai Peering LAN,,1024,45528,True,2022-01-26T05:15:57Z,2022-01-31T02:16:43Z,,
73281,25573,2588,DE-CIX Chennai: DE-CIX Chennai Peering LAN,,1000,136649,True,2022-02-24T06:31:33Z,2022-02-24T06:31:33Z,,
73367,11463,2588,DE-CIX Chennai: DE-CIX Chennai Peering LAN,,10000,45284,True,2022-03-01T14:28:22Z,2022-09-22T02:58:55Z,,
73561,14103,2588,DE-CIX Chennai: DE-CIX Chennai Peering LAN,,20000,24186,True,2022-03-11T07:37:01Z,2022-03-11T07:38:47Z,,
74041,27512,2588,DE-CIX Chennai: DE-CIX Chennai Peering LAN,,10000,142470,True,2022-04-01T09:51:18Z,2025-11-04T10:28:35Z,,
74042,27512,2588,DE-CIX Chennai: DE-CIX Chennai Peering LAN,,1000,142470,True,2022-04-01T09:52:06Z,2022-04-01T09:52:06Z,,
74122,12313,2588,DE-CIX Chennai: DE-CIX Chennai Peering LAN,,8000,135876,True,2022-04-06T11:00:21Z,2024-05-05T12:38:45Z,,
75107,29257,2588,DE-CIX Chennai: DE-CIX Chennai Peering LAN,,1000,146864,True,2022-05-28T19:11:21Z,2022-06-10T11:51:44Z,,
75506,29071,2588,DE-CIX Chennai: DE-CIX Chennai Peering LAN,,1000,142439,True,2022-06-17T13:15:44Z,2022-06-17T13:15:44Z,,
76391,29785,2588,DE-CIX Chennai: DE-CIX Chennai Peering LAN,,10000,138756,True,2022-08-02T07:31:08Z,2022-08-23T07:26:50Z,,
76683,17952,2588,DE-CIX Chennai: DE-CIX Chennai Peering LAN,,1024,137624,True,2022-08-17T04:19:45Z,2022-08-17T04:19:45Z,,
76734,17242,2588,DE-CIX Chennai: DE-CIX Chennai Peering LAN,,10000,135139,True,2022-08-19T13:59:48Z,2022-08-19T13:59:48Z,,
76847,30830,2588,DE-CIX Chennai: DE-CIX Chennai Peering LAN,,10000,149533,True,2022-08-26T11:19:24Z,2024-10-12T11:48:22Z,,
77019,10151,2588,DE-CIX Chennai: DE-CIX Chennai Peering LAN,,10000,18002,True,2022-09-07T09:13:33Z,2022-09-14T09:03:13Z,,
77122,10477,2588,DE-CIX Chennai: DE-CIX Chennai Peering LAN,,30000,133287,True,2022-09-13T09:26:01Z,2022-12-19T08:57:18Z,,
78677,31586,2588,DE-CIX Chennai: DE-CIX Chennai Peering LAN,,3000,150034,True,2022-11-24T10:12:02Z,2022-11-24T10:12:02Z,,
80099,18255,2588,DE-CIX Chennai: DE-CIX Chennai Peering LAN,,10000,135202,True,2023-01-21T06:03:55Z,2023-03-07T06:52:23Z,,
80783,31557,2588,DE-CIX Chennai: DE-CIX Chennai Peering LAN,,1000,150007,True,2023-02-17T17:29:47Z,2023-02-17T17:29:47Z,,
81635,26371,2588,DE-CIX Chennai: DE-CIX Chennai Peering LAN,,1000,134862,True,2023-03-23T12:01:41Z,2023-03-23T12:01:41Z,,
81731,12407,2588,DE-CIX Chennai: DE-CIX Chennai Peering LAN,,10000,134032,True,2023-03-27T07:22:29Z,2023-03-27T07:24:48Z,,
82463,17903,2588,DE-CIX Chennai: DE-CIX Chennai Peering LAN,,10000,133971,True,2023-04-26T13:09:01Z,2023-04-26T13:09:01Z,,
82517,23887,2588,DE-CIX Chennai: DE-CIX Chennai Peering LAN,,1000,139533,True,2023-04-28T12:05:17Z,2023-04-28T12:05:51Z,,
83840,14028,2588,DE-CIX Chennai: DE-CIX Chennai Peering LAN,,10000,56272,True,2023-06-22T10:53:40Z,2023-07-13T12:06:27Z,,
83910,4837,2588,DE-CIX Chennai: DE-CIX Chennai Peering LAN,,10000,18229,True,2023-06-26T10:46:16Z,2023-11-16T11:36:59Z,,
84235,10670,2588,DE-CIX Chennai: DE-CIX Chennai Peering LAN,,100000,55256,True,2023-07-11T18:22:17Z,2023-07-11T18:59:21Z,,
84386,433,2588,DE-CIX Chennai: DE-CIX Chennai Peering LAN,,100000,15169,True,2023-07-18T17:42:02Z,2024-04-10T11:11:55Z,,
84551,21313,2588,DE-CIX Chennai: DE-CIX Chennai Peering LAN,,10000,134863,True,2023-07-26T02:16:53Z,2023-07-26T02:16:54Z,,
84870,30080,2588,DE-CIX Chennai: DE-CIX Chennai Peering LAN,,1000,149277,True,2023-08-07T13:49:34Z,2023-08-07T13:49:34Z,,
85355,10569,2588,DE-CIX Chennai: DE-CIX Chennai Peering LAN,,100000,35280,True,2023-08-30T03:06:27Z,2023-08-30T03:06:27Z,,
86486,34399,2588,DE-CIX Chennai: DE-CIX Chennai Peering LAN,,1000,149559,True,2023-10-16T20:42:01Z,2023-10-16T20:42:01Z,,
86650,21894,2588,DE-CIX Chennai: DE-CIX Chennai Peering LAN,,10000,138746,True,2023-10-23T09:17:31Z,2024-05-04T02:20:56Z,,
86875,22373,2588,DE-CIX Chennai: DE-CIX Chennai Peering LAN,,40000,138754,True,2023-11-01T10:34:24Z,2023-11-01T10:34:24Z,,
87024,21189,2588,DE-CIX Chennai: DE-CIX Chennai Peering LAN,,10000,133693,True,2023-11-08T05:42:47Z,2024-03-28T12:19:32Z,,
87744,30613,2588,DE-CIX Chennai: DE-CIX Chennai Peering LAN,,10000,149781,True,2023-12-01T11:33:17Z,2023-12-01T11:33:17Z,,
88223,4549,2588,DE-CIX Chennai: DE-CIX Chennai Peering LAN,,0,36236,True,2023-12-21T16:48:26Z,2026-08-12T22:12:02Z,,
89356,29910,2588,DE-CIX Chennai: DE-CIX Chennai Peering LAN,,30000,139515,True,2024-02-12T09:06:39Z,2024-12-28T13:32:08Z,,
89758,4782,2588,DE-CIX Chennai: DE-CIX Chennai Peering LAN,,10000,32590,True,2024-02-29T23:56:25Z,2024-03-12T16:28:00Z,,
90000,35579,2588,DE-CIX Chennai: DE-CIX Chennai Peering LAN,,1000,149611,True,2024-03-11T17:36:56Z,2024-03-13T09:19:04Z,,
90642,17022,2588,DE-CIX Chennai: DE-CIX Chennai Peering LAN,,10000,58898,True,2024-04-04T14:31:55Z,2026-04-08T12:02:41Z,,
90683,23480,2588,DE-CIX Chennai: DE-CIX Chennai Peering LAN,,10000,138279,True,2024-04-06T13:40:37Z,2024-04-06T13:40:37Z,,
90804,24640,2588,DE-CIX Chennai: DE-CIX Chennai Peering LAN,,10000,135188,True,2024-04-11T11:39:57Z,2024-04-11T11:40:15Z,,
91242,17703,2588,DE-CIX Chennai: DE-CIX Chennai Peering LAN,,1000,135843,True,2024-04-25T10:23:07Z,2024-04-26T08:09:03Z,,
91914,36318,2588,DE-CIX Chennai: DE-CIX Chennai Peering LAN,,2000,141304,True,2024-05-27T09:16:40Z,2024-08-31T08:12:52Z,,
93628,29760,2588,DE-CIX Chennai: DE-CIX Chennai Peering LAN,,1024,141868,True,2024-08-02T16:53:06Z,2024-08-02T16:53:06Z,,
96177,3514,2588,DE-CIX Chennai: DE-CIX Chennai Peering LAN,,1000,10029,True,2024-11-07T13:10:11Z,2024-11-07T13:10:11Z,,
97148,8683,2588,DE-CIX Chennai: DE-CIX Chennai Peering LAN,,100000,53813,True,2024-12-17T16:32:13Z,2024-12-17T16:32:13Z,,
97149,8683,2588,DE-CIX Chennai: DE-CIX Chennai Peering LAN,,100000,53813,True,2024-12-17T16:32:32Z,2024-12-17T16:38:48Z,,
97190,36526,2588,DE-CIX Chennai: DE-CIX Chennai Peering LAN,,2000,132781,True,2024-12-18T12:47:39Z,2024-12-18T12:48:42Z,,
97749,32354,2588,DE-CIX Chennai: DE-CIX Chennai Peering LAN,,10000,147185,True,2025-01-20T07:14:28Z,2025-01-20T07:14:28Z,,
98463,28299,2588,DE-CIX Chennai: DE-CIX Chennai Peering LAN,,10000,139484,True,2025-02-17T07:09:31Z,2025-02-17T07:09:31Z,,
100105,24157,2588,DE-CIX Chennai: DE-CIX Chennai Peering LAN,,3072,138731,True,2025-05-07T10:35:03Z,2025-05-07T10:35:03Z,,
101920,16271,2588,DE-CIX Chennai: DE-CIX Chennai Peering LAN,,10000,136956,True,2025-07-31T18:27:54Z,2025-07-31T18:27:54Z,,
102346,11851,2588,DE-CIX Chennai: DE-CIX Chennai Peering LAN,,10000,13150,True,2025-08-18T10:39:54Z,2025-08-18T10:39:54Z,,
103787,15789,2588,DE-CIX Chennai: DE-CIX Chennai Peering LAN,,100000,45489,True,2025-10-08T08:42:49Z,2025-10-08T08:42:49Z,,
104696,35869,2588,DE-CIX Chennai: DE-CIX Chennai Peering LAN,,1000,137180,True,2025-11-10T12:48:40Z,2025-11-10T12:50:05Z,,
104896,17405,2588,DE-CIX Chennai: DE-CIX Chennai Peering LAN,,0,55806,True,2025-11-17T12:41:40Z,2025-11-17T12:41:40Z,,
105734,36689,2588,DE-CIX Chennai: DE-CIX Chennai Peering LAN,,1000,152506,True,2025-12-21T05:56:13Z,2025-12-21T05:56:13Z,,
108291,27512,2588,DE-CIX Chennai: DE-CIX Chennai Peering LAN,,3000,142470,True,2026-03-26T11:54:15Z,2026-03-26T11:54:16Z,,
108492,2,2588,DE-CIX Chennai: DE-CIX Chennai Peering LAN,,100000,20940,True,2026-04-01T07:31:45Z,2026-04-01T07:31:45Z,,
111241,42699,2588,DE-CIX Chennai: DE-CIX Chennai Peering LAN,,10000,154529,True,2026-07-13T07:17:53Z,2026-07-13T07:18:40Z,,
111633,10374,2588,DE-CIX Chennai: DE-CIX Chennai Peering LAN,,5000,135247,True,2026-07-28T12:03:45Z,2026-07-28T12:06:15Z,,
111698,31542,2588,DE-CIX Chennai: DE-CIX Chennai Peering LAN,,10000,134034,True,2026-07-30T13:52:03Z,2026-07-30T13:52:03Z,,
112381,3554,2588,DE-CIX Chennai: DE-CIX Chennai Peering LAN,,100000,714,True,2026-08-21T09:14:44Z,2026-08-21T09:14:44Z,,
112382,3554,2588,DE-CIX Chennai: DE-CIX Chennai Peering LAN,,100000,714,True,2026-08-21T09:15:59Z,2026-08-21T09:15:59Z,,
60459,20757,2589,DE-CIX Kolkata: DE-CIX Kolkata Peering LAN,,1000,24508,True,2020-08-21T08:18:18Z,2020-11-03T15:57:25Z,,
61997,20757,2589,DE-CIX Kolkata: DE-CIX Kolkata Peering LAN,,1000,24508,True,2020-11-03T15:56:45Z,2020-11-03T15:56:45Z,,
63918,1418,2589,DE-CIX Kolkata: DE-CIX Kolkata Peering LAN,,100000,16509,True,2021-01-14T11:45:21Z,2021-01-14T11:45:21Z,,
68546,1418,2589,DE-CIX Kolkata: DE-CIX Kolkata Peering LAN,,100000,16509,True,2021-07-08T14:53:18Z,2021-07-08T14:53:19Z,,
68895,16598,2589,DE-CIX Kolkata: DE-CIX Kolkata Peering LAN,,10000,32261,False,2021-07-20T23:03:22Z,2022-05-13T20:07:57Z,,
69028,979,2589,DE-CIX Kolkata: DE-CIX Kolkata Peering LAN,,100000,32934,True,2021-07-26T09:01:26Z,2026-08-26T09:33:59Z,,
69029,979,2589,DE-CIX Kolkata: DE-CIX Kolkata Peering LAN,,100000,32934,True,2021-07-26T09:01:58Z,2026-08-26T09:33:59Z,,
69504,5167,2589,DE-CIX Kolkata: DE-CIX Kolkata Peering LAN,,10000,17665,True,2021-08-13T10:44:35Z,2024-08-19T09:22:09Z,,
71129,15844,2589,DE-CIX Kolkata: DE-CIX Kolkata Peering LAN,,10000,9829,True,2021-11-03T06:06:05Z,2021-11-03T06:06:05Z,,
72766,3816,2589,DE-CIX Kolkata: DE-CIX Kolkata Peering LAN,,1024,45528,True,2022-01-31T02:09:43Z,2022-01-31T02:09:43Z,,
72836,2,2589,DE-CIX Kolkata: DE-CIX Kolkata Peering LAN,,20000,20940,True,2022-02-02T15:06:49Z,2022-02-02T15:06:49Z,,
75477,30186,2589,DE-CIX Kolkata: DE-CIX Kolkata Peering LAN,,1000,140121,True,2022-06-16T10:17:59Z,2022-06-16T10:17:59Z,,
82793,30120,2589,DE-CIX Kolkata: DE-CIX Kolkata Peering LAN,,10000,135784,True,2023-05-12T10:02:00Z,2023-05-12T10:02:01Z,,
89086,26978,2589,DE-CIX Kolkata: DE-CIX Kolkata Peering LAN,,10000,139009,True,2024-01-31T10:16:10Z,2024-01-31T10:16:10Z,,
90721,4837,2589,DE-CIX Kolkata: DE-CIX Kolkata Peering LAN,,10000,18229,True,2024-04-08T10:09:19Z,2024-04-08T10:09:19Z,,
91235,10976,2589,DE-CIX Kolkata: DE-CIX Kolkata Peering LAN,,10000,132115,True,2024-04-25T05:17:18Z,2024-04-25T05:22:03Z,,
100706,16764,2589,DE-CIX Kolkata: DE-CIX Kolkata Peering LAN,,10000,137085,True,2025-06-04T07:14:32Z,2025-06-04T08:13:16Z,,
105658,8683,2589,DE-CIX Kolkata: DE-CIX Kolkata Peering LAN,,100000,53813,True,2025-12-18T18:36:44Z,2026-02-12T19:18:13Z,,
105659,8683,2589,DE-CIX Kolkata: DE-CIX Kolkata Peering LAN,,100000,53813,True,2025-12-18T18:37:06Z,2026-02-12T19:18:13Z,,
106885,38924,2589,DE-CIX Kolkata: DE-CIX Kolkata Peering LAN,,1000,152547,True,2026-02-09T18:02:35Z,2026-02-09T18:02:36Z,,
110009,22373,2589,DE-CIX Kolkata: DE-CIX Kolkata Peering LAN,,10000,138754,True,2026-05-27T09:55:23Z,2026-05-27T10:09:29Z,,
110691,5520,2589,DE-CIX Kolkata: DE-CIX Kolkata Peering LAN,,100000,54113,True,2026-06-22T03:18:07Z,2026-06-22T03:18:08Z,,
96992,7117,2812,NIXI Guwahati: Main,,1000,132215,True,2024-12-11T05:54:09Z,2024-12-11T05:54:09Z,,
59743,23047,3232,OpenSwitch-IX,,1000,213326,True,2020-07-25T07:14:07Z,2021-02-02T08:37:09Z,,
59826,16041,3232,OpenSwitch-IX,,1000,137490,True,2020-07-28T17:02:00Z,2020-07-28T17:02:18Z,,
59937,22603,3232,OpenSwitch-IX,,1000,207268,True,2020-08-02T14:57:00Z,2020-08-02T14:57:00Z,,
63988,25366,3232,OpenSwitch-IX,,100,212237,True,2021-01-18T13:36:18Z,2021-01-18T13:36:18Z,,
65337,26186,3232,OpenSwitch-IX,,100,211688,True,2021-03-14T12:58:18Z,2021-03-14T12:58:18Z,,
65462,20960,3232,OpenSwitch-IX,,200,208454,True,2021-03-18T09:29:10Z,2021-03-18T09:29:10Z,,
67545,26661,3232,OpenSwitch-IX,,100,211480,True,2021-05-27T18:35:13Z,2021-05-27T18:35:13Z,,
69503,27317,3232,OpenSwitch-IX,,1000,142553,True,2021-08-13T10:39:50Z,2021-08-13T10:39:50Z,,
65465,22073,3463,SP-iXP Mumbai,,40000,137179,True,2021-03-18T11:09:41Z,2021-03-18T11:16:57Z,,
65466,22073,3463,SP-iXP Mumbai,,40000,137179,True,2021-03-18T11:12:57Z,2022-03-30T10:22:24Z,,
65468,21435,3463,SP-iXP Mumbai,,10000,139547,True,2021-03-18T13:27:40Z,2021-03-18T13:29:04Z,,
71281,25539,3675,Insta-IX Delhi,,1000,137587,True,2021-11-10T01:36:23Z,2021-12-13T07:09:33Z,,
71964,433,3675,Insta-IX Delhi,,10000,15169,True,2021-12-13T18:12:30Z,2025-09-12T12:56:45Z,,
71978,28794,3675,Insta-IX Delhi,,1000,138221,True,2021-12-14T11:04:11Z,2021-12-14T11:04:11Z,,
75172,26854,3675,Insta-IX Delhi,,1000,141309,True,2022-06-01T06:30:59Z,2022-06-01T06:30:59Z,,
80283,11495,3675,Insta-IX Delhi,,10000,132957,True,2023-01-29T09:05:51Z,2023-01-29T09:05:51Z,,
89631,10274,3675,Insta-IX Delhi,,10000,135183,True,2024-02-23T13:19:16Z,2025-09-12T12:56:45Z,,
90201,25488,3675,Insta-IX Delhi,,5000,141265,True,2024-03-19T06:34:40Z,2024-03-19T07:00:43Z,,
90285,35669,3675,Insta-IX Delhi,,10000,152492,True,2024-03-22T11:56:30Z,2025-09-12T12:56:45Z,,
90286,35669,3675,Insta-IX Delhi,,10000,152492,True,2024-03-22T11:56:58Z,2025-09-12T12:56:45Z,,
71496,16871,3682,SURAJ IX,,20000,132974,True,2021-11-19T03:05:54Z,2025-11-14T14:20:55Z,,
72729,11527,3708,X3M-IX,,10000,135686,True,2022-01-28T03:28:10Z,2024-11-06T08:00:40Z,,
72740,11495,3708,X3M-IX,,10000,132957,True,2022-01-28T09:03:40Z,2024-11-07T09:28:20Z,,
75454,30189,3708,X3M-IX,,10000,149596,True,2022-06-15T02:32:11Z,2024-11-06T07:44:52Z,,
76748,30298,3708,X3M-IX,,10000,136356,True,2022-08-21T15:50:39Z,2024-11-06T10:25:05Z,,
95923,979,3708,X3M-IX,,10000,32934,True,2024-10-29T02:50:19Z,2024-10-29T06:24:24Z,,
95924,979,3708,X3M-IX,,10000,32934,True,2024-10-29T02:51:29Z,2024-10-29T06:24:24Z,,
102565,4224,3708,X3M-IX,,10000,13335,True,2025-08-27T18:39:55Z,2025-08-27T18:39:55Z,,
102566,4224,3708,X3M-IX,,10000,13335,True,2025-08-27T18:40:22Z,2025-08-27T18:40:22Z,,
73632,29472,3774,AMS-IX Kolkata,,1000,141809,True,2022-03-14T17:04:29Z,2026-03-26T18:53:10Z,,
73633,29472,3774,AMS-IX Kolkata,,1000,141809,True,2022-03-14T17:05:11Z,2026-03-26T18:53:10Z,,
76005,979,3774,AMS-IX Kolkata,,10000,32934,True,2022-07-13T08:50:19Z,2026-03-26T18:53:10Z,,
76006,979,3774,AMS-IX Kolkata,,10000,32934,True,2022-07-13T08:50:44Z,2026-03-26T18:53:10Z,,
90830,2536,3774,AMS-IX Kolkata,,10000,9583,True,2024-04-12T07:10:31Z,2026-03-26T18:53:10Z,,
96350,2,3774,AMS-IX Kolkata,,100000,20940,True,2024-11-13T19:00:00Z,2026-03-26T18:53:10Z,,
98174,5520,3774,AMS-IX Kolkata,,10000,54113,True,2025-02-04T15:18:53Z,2026-03-26T18:53:10Z,,
98175,5520,3774,AMS-IX Kolkata,,10000,54113,True,2025-02-04T15:18:58Z,2026-03-26T18:53:10Z,,
101167,32178,3774,AMS-IX Kolkata,,100000,149765,True,2025-06-26T08:41:43Z,2026-03-26T18:53:10Z,,
75035,14583,3813,Extreme IX Bangalore,,10000,49378,True,2022-05-25T11:15:38Z,2026-03-26T18:57:05Z,,
75036,14583,3813,Extreme IX Bangalore,,10000,49378,True,2022-05-25T11:15:56Z,2026-03-26T18:57:05Z,,
75125,8577,3813,Extreme IX Bangalore,,30000,133982,True,2022-05-30T10:55:55Z,2026-03-26T18:57:05Z,,
76569,11869,3813,Extreme IX Bangalore,,10000,132559,True,2022-08-10T11:18:05Z,2026-01-31T03:16:13Z,,
76666,5167,3813,Extreme IX Bangalore,,100000,17665,True,2022-08-16T12:54:14Z,2025-05-22T03:04:07Z,,
76779,40347,3813,Extreme IX Bangalore,,20000,134315,True,2022-08-23T15:38:39Z,2026-07-24T04:41:12Z,,
77094,19252,3813,Extreme IX Bangalore,,10000,134944,True,2022-09-12T08:08:55Z,2026-05-15T03:19:05Z,,
77295,3514,3813,Extreme IX Bangalore,,1000,10029,True,2022-09-22T13:47:42Z,2026-03-26T18:57:05Z,,
77594,11501,3813,Extreme IX Bangalore,,10000,135724,True,2022-10-09T01:42:37Z,2022-10-09T01:51:37Z,,
77845,27909,3813,Extreme IX Bangalore,,30000,135791,True,2022-10-20T19:12:36Z,2026-03-26T18:57:05Z,,
77860,22677,3813,Extreme IX Bangalore,,10000,132986,True,2022-10-21T09:49:07Z,2026-09-01T02:50:54Z,,
78002,813,3813,Extreme IX Bangalore,,10000,20473,True,2022-10-27T20:49:59Z,2026-03-25T03:56:44Z,,
78402,2,3813,Extreme IX Bangalore,,100000,20940,True,2022-11-11T14:44:15Z,2026-03-26T18:57:05Z,,
78426,29572,3813,Extreme IX Bangalore,,10000,141329,True,2022-11-13T00:19:59Z,2026-05-23T02:22:58Z,,
78610,31561,3813,Extreme IX Bangalore,,100000,147279,True,2022-11-22T05:49:02Z,2024-05-05T02:12:24Z,,
78783,16271,3813,Extreme IX Bangalore,,10000,136956,True,2022-11-29T00:22:00Z,2026-05-28T02:23:21Z,,
79286,26003,3813,Extreme IX Bangalore,,1000,141519,True,2022-12-22T10:03:28Z,2026-03-25T03:56:44Z,,
80331,4224,3813,Extreme IX Bangalore,,100000,13335,True,2023-01-30T18:16:04Z,2026-03-26T18:57:05Z,,
80934,4837,3813,Extreme IX Bangalore,,10000,18229,True,2023-02-24T00:26:04Z,2026-03-25T03:56:44Z,,
81065,12573,3813,Extreme IX Bangalore,,100000,135814,True,2023-03-01T14:15:33Z,2026-03-25T03:56:44Z,,
81180,1418,3813,Extreme IX Bangalore,,100000,16509,True,2023-03-06T03:23:17Z,2026-03-26T18:57:05Z,,
81181,1418,3813,Extreme IX Bangalore,,100000,16509,True,2023-03-06T03:24:14Z,2026-03-26T18:57:05Z,,
82584,12715,3813,Extreme IX Bangalore,,20000,134674,True,2023-05-03T00:24:03Z,2026-03-25T03:56:44Z,,
83442,1459,3813,Extreme IX Bangalore,,10000,4637,True,2023-06-06T10:05:47Z,2026-07-30T01:38:29Z,,
84657,25024,3813,Extreme IX Bangalore,,10000,141383,True,2023-07-30T00:25:48Z,2026-03-26T18:57:05Z,,
88554,3924,3813,Extreme IX Bangalore,,10000,42,True,2024-01-09T02:16:20Z,2026-03-25T03:56:44Z,,
88555,286,3813,Extreme IX Bangalore,,10000,3856,True,2024-01-09T02:16:20Z,2026-03-25T03:56:44Z,,
88903,5586,3813,Extreme IX Bangalore,,10000,132787,True,2024-01-23T06:36:53Z,2024-01-23T06:36:54Z,,
94861,15051,3813,Extreme IX Bangalore,,10000,135780,True,2024-09-19T02:39:26Z,2026-03-25T03:56:44Z,,
94904,33597,3813,Extreme IX Bangalore,,10000,138718,True,2024-09-21T02:38:22Z,2026-03-25T03:56:44Z,,
95377,6494,3813,Extreme IX Bangalore,,30000,14061,True,2024-10-08T22:25:03Z,2026-03-26T18:57:05Z,,
95378,6494,3813,Extreme IX Bangalore,,30000,14061,True,2024-10-08T22:25:53Z,2026-03-26T18:57:05Z,,
96965,979,3813,Extreme IX Bangalore,,100000,32934,True,2024-12-10T01:28:37Z,2026-03-26T18:57:05Z,,
96966,979,3813,Extreme IX Bangalore,,100000,32934,True,2024-12-10T01:29:09Z,2026-03-26T18:57:05Z,,
96998,9065,3813,Extreme IX Bangalore,,10000,203724,True,2024-12-11T11:17:46Z,2026-03-26T18:57:05Z,,
96999,9065,3813,Extreme IX Bangalore,,10000,203724,True,2024-12-11T11:18:19Z,2026-03-26T18:57:05Z,,
97074,38119,3813,Extreme IX Bangalore,,3072,152532,True,2024-12-14T07:46:13Z,2025-01-20T17:19:32Z,,
97320,4487,3813,Extreme IX Bangalore,,10000,45769,True,2024-12-24T08:53:40Z,2026-03-26T18:57:05Z,,
98803,38656,3813,Extreme IX Bangalore,,10000,141566,True,2025-03-01T12:03:18Z,2026-04-06T19:01:39Z,,
98903,13591,3813,Extreme IX Bangalore,,100000,17488,True,2025-03-07T03:09:35Z,2026-03-25T03:56:44Z,,
98998,17937,3813,Extreme IX Bangalore,,10000,138296,True,2025-03-12T08:50:40Z,2026-03-25T03:56:44Z,,
99733,38810,3813,Extreme IX Bangalore,,10000,153722,True,2025-04-17T16:42:24Z,2026-04-09T00:04:59Z,,
100682,27909,3813,Extreme IX Bangalore,,30000,135791,True,2025-06-02T16:36:20Z,2026-03-26T18:57:05Z,,
101952,39877,3813,Extreme IX Bangalore,,3000,153236,True,2025-08-01T10:19:21Z,2026-04-04T17:48:01Z,,
106288,28367,3813,Extreme IX Bangalore,,10000,146902,True,2026-01-19T14:07:28Z,2026-01-19T14:07:29Z,,
108741,14387,3813,Extreme IX Bangalore,,100000,45820,True,2026-04-09T11:25:13Z,2026-04-13T03:20:36Z,,
109785,42014,3813,Extreme IX Bangalore,,6000,153951,True,2026-05-18T15:33:26Z,2026-07-29T03:57:52Z,,
111164,16233,3813,Extreme IX Bangalore,,10000,136373,True,2026-07-09T15:12:03Z,2026-07-10T01:32:44Z,,
111368,15109,3813,Extreme IX Bangalore,,10000,135702,True,2026-07-17T06:10:59Z,2026-08-26T02:36:41Z,,
77717,31213,4007,AMS-IX Hyderabad,,1000,141810,True,2022-10-14T07:37:26Z,2026-04-23T04:04:47Z,,
77718,31213,4007,AMS-IX Hyderabad,,1000,141810,True,2022-10-14T07:38:40Z,2026-03-26T19:46:43Z,,
94289,979,4007,AMS-IX Hyderabad,,100000,32934,True,2024-08-27T09:18:32Z,2026-03-26T19:46:43Z,,
94290,979,4007,AMS-IX Hyderabad,,100000,32934,True,2024-08-27T09:19:00Z,2026-03-26T19:46:43Z,,
95830,2536,4007,AMS-IX Hyderabad,,10000,9583,True,2024-10-25T03:28:33Z,2026-03-26T19:46:43Z,,
96697,2,4007,AMS-IX Hyderabad,,100000,20940,True,2024-11-28T11:25:47Z,2026-03-26T19:46:43Z,,
98496,5520,4007,AMS-IX Hyderabad,,10000,54113,True,2025-02-18T18:17:42Z,2026-03-26T19:46:43Z,,
98519,5520,4007,AMS-IX Hyderabad,,10000,54113,True,2025-02-19T21:18:04Z,2026-03-26T19:46:43Z,,
99425,4837,4007,AMS-IX Hyderabad,,10000,18229,True,2025-04-02T03:22:13Z,2026-03-26T19:46:43Z,,
109369,694,4007,AMS-IX Hyderabad,,100000,8075,True,2026-05-04T09:42:21Z,2026-05-05T04:11:00Z,,
109370,694,4007,AMS-IX Hyderabad,,100000,8075,True,2026-05-04T09:42:59Z,2026-05-05T04:11:00Z,,
109620,22064,4007,AMS-IX Hyderabad,,3000,139490,True,2026-05-12T05:40:43Z,2026-09-02T04:34:27Z,,
81738,30952,4133,WSNL-IX,,100000,150090,True,2023-03-27T11:55:44Z,2024-03-10T10:24:15Z,,
81810,21264,4133,WSNL-IX,,3072,138737,True,2023-03-29T07:51:14Z,2023-03-29T08:06:20Z,,
83797,22880,4133,WSNL-IX,,10000,138276,True,2023-06-20T15:10:10Z,2023-06-20T15:10:10Z,,
84816,23047,4133,WSNL-IX,,1000,213326,True,2023-08-06T17:45:02Z,2023-08-06T17:48:25Z,,
85731,433,4133,WSNL-IX,,10000,15169,True,2023-09-15T11:37:49Z,2024-04-10T11:14:24Z,,
86044,433,4133,WSNL-IX,,10000,15169,True,2023-09-28T18:11:00Z,2024-04-10T11:14:24Z,,
89274,4224,4133,WSNL-IX,,10000,13335,True,2024-02-07T17:28:19Z,2024-02-07T17:28:19Z,,
89275,4224,4133,WSNL-IX,,10000,13335,True,2024-02-07T17:29:00Z,2024-02-07T17:29:00Z,,
89968,30952,4133,WSNL-IX,,100000,150090,True,2024-03-10T10:14:38Z,2024-03-10T10:26:06Z,,
98073,35867,4133,WSNL-IX,,100000,152565,True,2025-01-30T19:49:31Z,2026-04-02T10:10:53Z,,
83660,3658,4211,Equinix Mumbai,,10000,24115,True,2023-06-14T12:03:06Z,2023-06-14T12:03:06Z,,
83661,3658,4211,Equinix Mumbai,,10000,24115,True,2023-06-14T12:03:55Z,2023-06-14T12:03:55Z,,
84028,1282,4211,Equinix Mumbai,,20000,15830,True,2023-07-03T11:20:21Z,2023-07-03T11:20:21Z,,
84029,1282,4211,Equinix Mumbai,,20000,15830,True,2023-07-03T11:20:52Z,2023-07-03T11:20:52Z,,
86023,5230,4211,Equinix Mumbai,,100000,54825,True,2023-09-28T00:39:36Z,2023-09-28T04:10:32Z,,
86024,5230,4211,Equinix Mumbai,,100000,54825,True,2023-09-28T00:40:28Z,2023-09-28T04:10:32Z,,
86677,979,4211,Equinix Mumbai,,100000,32934,True,2023-10-24T05:34:42Z,2023-10-24T05:34:42Z,,
86678,979,4211,Equinix Mumbai,,100000,32934,True,2023-10-24T05:35:26Z,2023-10-24T05:35:26Z,,
86768,1171,4211,Equinix Mumbai,,10000,17660,True,2023-10-27T12:29:13Z,2026-05-23T09:43:09Z,,
88228,3924,4211,Equinix Mumbai,,10000,42,True,2023-12-21T23:55:53Z,2023-12-21T23:55:53Z,,
88229,286,4211,Equinix Mumbai,,10000,3856,True,2023-12-21T23:56:38Z,2023-12-21T23:56:38Z,,
89109,5520,4211,Equinix Mumbai,,100000,54113,True,2024-02-01T06:18:21Z,2024-02-01T06:18:23Z,,
89394,12227,4211,Equinix Mumbai,,1024,59165,True,2024-02-14T00:40:52Z,2025-12-03T08:15:05Z,,
90786,3554,4211,Equinix Mumbai,,100000,714,True,2024-04-10T15:19:40Z,2024-04-10T15:19:40Z,,
90787,3554,4211,Equinix Mumbai,,100000,714,True,2024-04-10T15:21:31Z,2024-04-10T15:21:32Z,,
91325,4224,4211,Equinix Mumbai,,100000,13335,True,2024-04-29T20:58:41Z,2024-04-29T20:58:41Z,,
92927,6494,4211,Equinix Mumbai,,100000,14061,True,2024-07-08T09:18:12Z,2026-05-13T00:22:09Z,,
93030,1418,4211,Equinix Mumbai,,100000,16509,True,2024-07-11T11:33:23Z,2026-07-24T04:55:13Z,,
93092,2,4211,Equinix Mumbai,,100000,20940,True,2024-07-15T08:42:49Z,2024-07-17T18:12:19Z,,
93093,2,4211,Equinix Mumbai,,100000,20940,True,2024-07-15T08:44:16Z,2024-07-17T18:12:19Z,,
93775,4837,4211,Equinix Mumbai,,10000,18229,True,2024-08-07T09:09:53Z,2024-08-07T09:09:53Z,,
94193,5520,4211,Equinix Mumbai,,100000,54113,True,2024-08-21T09:18:31Z,2024-08-21T15:18:27Z,,
95031,26374,4211,Equinix Mumbai,,10000,137109,True,2024-09-26T11:10:58Z,2024-09-26T11:10:58Z,,
95218,1418,4211,Equinix Mumbai,,100000,16509,True,2024-10-03T12:22:38Z,2026-07-24T04:53:47Z,,
97424,9470,4211,Equinix Mumbai,,100000,54994,True,2025-01-03T06:24:31Z,2025-01-03T06:24:31Z,,
99051,24552,4211,Equinix Mumbai,,10000,140148,True,2025-03-14T03:07:15Z,2025-03-15T05:01:27Z,,
100136,35867,4211,Equinix Mumbai,,10000,152565,True,2025-05-08T09:22:28Z,2025-05-08T09:22:28Z,,
100718,32543,4211,Equinix Mumbai,,10000,147226,True,2025-06-04T19:37:07Z,2025-06-04T19:37:07Z,,
105039,32178,4211,Equinix Mumbai,,10000,149765,True,2025-11-24T08:09:38Z,2025-11-24T08:09:38Z,,
105586,10670,4211,Equinix Mumbai,,100000,55256,True,2025-12-16T15:16:38Z,2025-12-16T15:16:39Z,,
109491,7063,4211,Equinix Mumbai,,100000,19551,True,2026-05-07T08:29:53Z,2026-05-26T04:26:39Z,,
111341,11494,4211,Equinix Mumbai,,10000,133968,True,2026-07-16T10:53:35Z,2026-08-10T08:53:38Z,,
111954,29881,4211,Equinix Mumbai,,10000,139560,True,2026-08-10T12:25:47Z,2026-08-10T12:25:48Z,,
85249,33951,4263,DE-CIX Hyderabad,,1000,9437,True,2023-08-25T13:04:00Z,2024-06-27T11:51:24Z,,
85250,33951,4263,DE-CIX Hyderabad,,1000,9437,True,2023-08-25T13:04:48Z,2024-06-27T11:51:24Z,,
85290,30778,4263,DE-CIX Hyderabad,,10000,137097,True,2023-08-28T12:40:50Z,2023-08-28T12:40:50Z,,
85323,27908,4263,DE-CIX Hyderabad,,10000,141834,True,2023-08-29T06:14:30Z,2023-08-29T06:14:30Z,,
85329,33965,4263,DE-CIX Hyderabad,,10000,141259,True,2023-08-29T07:42:36Z,2023-08-29T07:44:00Z,,
85334,8660,4263,DE-CIX Hyderabad,,10000,59185,True,2023-08-29T13:22:48Z,2023-08-29T13:22:56Z,,
85361,25383,4263,DE-CIX Hyderabad,,10000,133304,True,2023-08-30T04:25:59Z,2023-08-30T04:25:59Z,,
85460,28450,4263,DE-CIX Hyderabad,,20000,59173,True,2023-09-04T13:41:58Z,2023-09-04T13:45:46Z,,
92599,979,4263,DE-CIX Hyderabad,,20000,32934,True,2024-06-25T05:17:27Z,2024-06-28T03:25:39Z,,
92600,979,4263,DE-CIX Hyderabad,,20000,32934,True,2024-06-25T05:17:48Z,2024-06-28T03:25:39Z,,
97150,8683,4263,DE-CIX Hyderabad,,100000,53813,True,2024-12-17T16:33:04Z,2024-12-17T16:38:48Z,,
97151,8683,4263,DE-CIX Hyderabad,,100000,53813,True,2024-12-17T16:33:36Z,2024-12-17T16:33:36Z,,
98311,7117,4263,DE-CIX Hyderabad,,100,132215,True,2025-02-10T05:37:46Z,2025-02-10T05:37:46Z,,
106747,3924,4263,DE-CIX Hyderabad,,10000,42,True,2026-02-05T17:52:46Z,2026-02-05T17:52:46Z,,
106748,286,4263,DE-CIX Hyderabad,,10000,3856,True,2026-02-05T17:54:19Z,2026-02-05T17:54:19Z,,
108658,5520,4263,DE-CIX Hyderabad,,100000,54113,True,2026-04-07T09:18:11Z,2026-04-07T09:18:13Z,,
108897,7373,4263,DE-CIX Hyderabad,,1000,45884,True,2026-04-14T11:56:57Z,2026-04-14T13:58:16Z,,
99713,16389,4717,Fiblib Digital Networks,,40000,137095,True,2025-04-17T04:09:36Z,2026-03-27T08:02:58Z,,
99714,26602,4717,Fiblib Digital Networks,,10000,141285,True,2025-04-17T04:16:37Z,2025-04-17T04:16:38Z,,
99715,39098,4717,Fiblib Digital Networks,,20000,139549,True,2025-04-17T05:10:29Z,2026-04-06T19:01:15Z,,
99720,16179,4717,Fiblib Digital Networks,,20000,135761,True,2025-04-17T08:04:55Z,2025-04-17T08:04:55Z,,
105418,12129,4805,Extreme IX Pune,,30000,135795,True,2025-12-09T18:34:57Z,2026-03-28T13:12:45Z,,
105439,39114,4805,Extreme IX Pune,,10000,136695,True,2025-12-10T12:16:42Z,2026-04-04T17:53:22Z,,
105466,40552,4805,Extreme IX Pune,,10000,135364,True,2025-12-11T07:23:54Z,2025-12-11T13:37:19Z,,
105576,28896,4805,Extreme IX Pune,,6000,134885,True,2025-12-16T09:01:52Z,2025-12-16T09:01:52Z,,
107914,14490,4805,Extreme IX Pune,,100000,63293,True,2026-03-11T12:39:10Z,2026-03-11T12:39:10Z,,
107939,27747,4805,Extreme IX Pune,,10000,141524,True,2026-03-12T06:18:05Z,2026-03-12T06:18:05Z,,
108569,28415,4805,Extreme IX Pune,,3000,141492,True,2026-04-03T12:30:56Z,2026-04-06T05:52:51Z,,
108893,15411,4805,Extreme IX Pune,,10000,137098,True,2026-04-14T10:34:19Z,2026-04-14T10:34:19Z,,
109083,28060,4805,Extreme IX Pune,,6000,146932,True,2026-04-21T07:27:54Z,2026-04-21T07:27:55Z,,
109583,1418,4805,Extreme IX Pune,,100000,16509,True,2026-05-11T07:15:37Z,2026-05-11T07:15:37Z,,
109584,1418,4805,Extreme IX Pune,,100000,16509,True,2026-05-11T07:16:11Z,2026-05-11T07:16:11Z,,
111126,42902,4805,Extreme IX Pune,,0,152496,True,2026-07-08T03:26:05Z,2026-07-20T17:47:31Z,,
64244,27154,4957,MX-IX Mumbai,,100000,50839,True,2021-01-29T13:57:26Z,2026-09-03T04:06:41Z,,
64248,25805,4957,MX-IX Mumbai,,10000,141539,True,2021-01-29T14:53:42Z,2026-05-27T15:12:12Z,,
64249,25805,4957,MX-IX Mumbai,,10000,141539,True,2021-01-29T14:54:05Z,2026-05-27T15:12:12Z,,
65601,35867,4957,MX-IX Mumbai,,100000,152565,True,2021-03-24T04:58:49Z,2026-08-19T11:50:19Z,,
112359,34948,4957,MX-IX Mumbai,,100000,44331,True,2026-08-20T08:40:24Z,2026-08-20T16:03:03Z,,
112360,39980,4957,MX-IX Mumbai,,100000,153522,True,2026-08-20T08:43:27Z,2026-08-20T08:43:27Z,,
112569,26862,4957,MX-IX Mumbai,,10000,211358,True,2026-08-27T10:02:05Z,2026-08-27T10:02:05Z,,
94458,25805,4983,MX-IX Delhi,,10000,141539,True,2024-09-02T08:21:21Z,2026-05-27T15:12:12Z,,
94459,25805,4983,MX-IX Delhi,,10000,141539,True,2024-09-02T08:21:43Z,2026-05-27T15:12:12Z,,
95247,27154,4983,MX-IX Delhi,,100000,50839,True,2024-10-04T02:35:27Z,2026-09-03T04:06:24Z,,
108903,8264,4983,MX-IX Delhi,,100000,132754,True,2026-04-14T16:06:23Z,2026-04-14T16:09:14Z,,
112335,35867,4983,MX-IX Delhi,,100000,152565,True,2026-08-19T11:49:55Z,2026-08-19T11:49:55Z,,
112361,39980,4983,MX-IX Delhi,,100000,153522,True,2026-08-20T08:43:56Z,2026-08-20T08:43:56Z,,
112391,14710,4983,MX-IX Delhi,,10000,19054,True,2026-08-21T21:05:05Z,2026-08-21T21:05:05Z,,
112401,41206,4983,MX-IX Delhi,,10000,154408,True,2026-08-22T06:18:10Z,2026-08-22T06:18:11Z,,
112404,43333,4983,MX-IX Delhi,,10000,150044,True,2026-08-22T11:27:45Z,2026-08-22T11:29:13Z,,
112570,26862,4983,MX-IX Delhi,,10000,211358,True,2026-08-27T10:02:52Z,2026-08-27T10:02:52Z,,
112782,41188,5045,DE-CIX Bengaluru,,10000,9442,True,2026-09-03T10:42:13Z,2026-09-03T11:47:33Z,,
112783,41188,5045,DE-CIX Bengaluru,,10000,9442,True,2026-09-03T10:42:59Z,2026-09-03T11:47:33Z,,
112806,38810,5045,DE-CIX Bengaluru,,10000,153722,True,2026-09-04T04:06:15Z,2026-09-04T04:10:18Z,,
112811,27154,5079,MX-IX Chennai,,100000,50839,True,2026-09-04T09:52:53Z,2026-09-04T09:52:53Z,,
112812,25805,5079,MX-IX Chennai,,10000,141539,True,2026-09-04T09:55:30Z,2026-09-04T09:55:30Z,,
112813,25805,5079,MX-IX Chennai,,10000,141539,True,2026-09-04T09:55:55Z,2026-09-04T09:57:24Z,,
