netfac_id,name,city,country,net_id,fac_id,local_asn,netfac_created,netfac_updated
5434,TATA Communications Chennai,Chennai,IN,433,552,15169,2010-07-29T00:00:00Z,2016-03-14T21:38:15Z
9274,TATA Communications Chennai,Chennai,IN,437,552,6453,2012-01-20T00:00:00Z,2020-01-22T04:21:42Z
11902,TATA Communications Chennai,Chennai,IN,4731,552,38757,2013-06-19T00:00:00Z,2016-03-14T20:35:01Z
12015,TATA Communications Chennai,Chennai,IN,4837,552,18229,2013-07-12T00:00:00Z,2016-03-14T20:57:02Z
12256,TATA Communications Chennai,Chennai,IN,3876,552,55644,2013-08-12T00:00:00Z,2016-03-14T21:10:45Z
12850,TATA Communications Chennai,Chennai,IN,4932,552,58587,2013-10-18T00:00:00Z,2016-03-14T20:42:31Z
13522,TATA Communications Chennai,Chennai,IN,6531,552,58682,2014-03-02T00:00:00Z,2016-03-14T21:49:00Z
15422,TATA Communications Chennai,Chennai,IN,694,552,8075,2014-11-02T00:00:00Z,2016-03-14T21:13:19Z
15701,TATA Communications Chennai,Chennai,IN,6318,552,131222,2014-12-06T00:00:00Z,2016-03-14T21:28:13Z
18223,TATA Communications Chennai,Chennai,IN,14387,552,45820,2015-10-01T00:00:00Z,2020-01-22T04:21:59Z
19249,TATA Communications Chennai,Chennai,IN,9355,552,23860,2016-01-31T00:00:00Z,2016-03-23T08:50:46Z
21738,TATA Communications Chennai,Chennai,IN,10374,552,135247,2016-09-21T09:51:35Z,2016-09-21T09:51:35Z
23412,TATA Communications Chennai,Chennai,IN,7117,552,132215,2017-02-07T04:27:04Z,2024-12-11T05:57:51Z
23426,TATA Communications Chennai,Chennai,IN,10895,552,45775,2017-02-08T12:33:18Z,2017-02-08T12:33:18Z
23673,TATA Communications Chennai,Chennai,IN,2105,552,38310,2017-03-01T12:40:30Z,2017-03-01T12:40:31Z
23729,TATA Communications Chennai,Chennai,IN,9005,552,134326,2017-03-04T05:08:59Z,2017-03-04T05:21:53Z
24349,TATA Communications Chennai,Chennai,IN,5842,552,132774,2017-04-22T14:30:46Z,2017-04-22T14:30:46Z
24644,TATA Communications Chennai,Chennai,IN,10964,552,58717,2017-05-16T08:23:59Z,2017-05-16T08:23:59Z
24707,TATA Communications Chennai,Chennai,IN,2536,552,9583,2017-05-23T06:19:06Z,2017-05-23T06:19:06Z
25724,TATA Communications Chennai,Chennai,IN,6861,552,45648,2017-08-15T00:19:18Z,2017-08-15T00:19:18Z
26520,TATA Communications Chennai,Chennai,IN,8167,552,17747,2017-10-17T08:34:25Z,2020-01-27T14:45:06Z
27407,TATA Communications Chennai,Chennai,IN,10976,552,132115,2017-12-18T12:12:11Z,2017-12-18T12:12:11Z
29105,TATA Communications Chennai,Chennai,IN,11463,552,45284,2018-04-24T07:09:10Z,2022-03-04T06:00:08Z
29626,TATA Communications Chennai,Chennai,IN,10361,552,4755,2018-05-22T13:24:06Z,2018-05-22T13:24:06Z
30273,TATA Communications Chennai,Chennai,IN,17242,552,135139,2018-07-09T20:43:45Z,2018-07-09T20:43:45Z
30702,TATA Communications Chennai,Chennai,IN,13090,552,135772,2018-08-06T12:02:23Z,2018-08-06T12:02:23Z
33231,TATA Communications Chennai,Chennai,IN,1418,552,16509,2019-01-18T04:01:27Z,2019-01-18T04:01:27Z
34105,TATA Communications Chennai,Chennai,IN,15051,552,135780,2019-03-09T04:09:40Z,2019-03-09T04:09:40Z
34156,TATA Communications Chennai,Chennai,IN,1595,552,10075,2019-03-12T07:59:35Z,2019-03-12T07:59:35Z
34206,TATA Communications Chennai,Chennai,IN,6758,552,64049,2019-03-14T09:52:54Z,2019-03-14T09:52:54Z
34588,TATA Communications Chennai,Chennai,IN,11786,552,133685,2019-04-06T09:06:07Z,2019-04-06T09:06:07Z
36507,TATA Communications Chennai,Chennai,IN,17903,552,133971,2019-07-19T07:01:51Z,2019-07-19T07:01:51Z
36876,TATA Communications Chennai,Chennai,IN,10415,552,134877,2019-08-16T07:00:56Z,2019-08-16T07:00:56Z
37035,TATA Communications Chennai,Chennai,IN,7990,552,132931,2019-08-30T11:32:02Z,2019-08-30T11:40:51Z
37386,TATA Communications Chennai,Chennai,IN,9843,552,45582,2019-09-27T06:32:25Z,2019-09-27T06:32:25Z
38168,TATA Communications Chennai,Chennai,IN,2,552,20940,2019-11-19T03:14:41Z,2019-11-19T03:14:41Z
38515,TATA Communications Chennai,Chennai,IN,20994,552,20189,2019-12-06T02:36:55Z,2019-12-06T02:36:55Z
38639,TATA Communications Chennai,Chennai,IN,10141,552,134021,2019-12-11T14:01:19Z,2019-12-11T14:01:19Z
39364,TATA Communications Chennai,Chennai,IN,8366,552,24309,2020-01-31T12:19:14Z,2020-01-31T12:19:14Z
39643,TATA Communications Chennai,Chennai,IN,22346,552,139575,2020-02-17T18:14:03Z,2020-02-17T18:14:03Z
40522,TATA Communications Chennai,Chennai,IN,3684,552,18209,2020-04-05T08:04:36Z,2021-04-21T11:03:23Z
40523,TATA Communications Chennai,Chennai,IN,13897,552,17494,2020-04-05T09:22:41Z,2020-04-05T09:22:41Z
43230,TATA Communications Chennai,Chennai,IN,17022,552,58898,2020-08-13T02:56:03Z,2020-08-13T02:56:03Z
43727,TATA Communications Chennai,Chennai,IN,3514,552,10029,2020-09-10T06:35:01Z,2020-09-10T06:35:01Z
43802,TATA Communications Chennai,Chennai,IN,22100,552,137491,2020-09-14T19:21:56Z,2020-09-14T19:21:56Z
43999,TATA Communications Chennai,Chennai,IN,10623,552,58969,2020-09-27T17:14:33Z,2020-09-27T17:14:33Z
44082,TATA Communications Chennai,Chennai,IN,17975,552,136279,2020-09-28T13:43:17Z,2020-09-28T13:43:17Z
44423,TATA Communications Chennai,Chennai,IN,17645,552,136708,2020-10-12T13:29:29Z,2020-10-12T13:29:29Z
45433,TATA Communications Chennai,Chennai,IN,2328,552,17806,2020-11-26T13:53:53Z,2020-11-26T13:53:53Z
46091,TATA Communications Chennai,Chennai,IN,25562,552,132773,2020-12-29T17:28:13Z,2020-12-29T17:28:13Z
46503,TATA Communications Chennai,Chennai,IN,22373,552,138754,2021-01-16T07:14:14Z,2021-01-16T07:14:14Z
48045,TATA Communications Chennai,Chennai,IN,17885,552,8069,2021-03-25T17:00:03Z,2021-03-25T17:00:03Z
48221,TATA Communications Chennai,Chennai,IN,20756,552,24470,2021-04-01T13:03:48Z,2021-04-01T13:03:48Z
49077,TATA Communications Chennai,Chennai,IN,15844,552,9829,2021-05-19T13:30:38Z,2021-05-19T13:30:38Z
50063,TATA Communications Chennai,Chennai,IN,10335,552,133301,2021-07-07T07:24:59Z,2021-07-07T07:24:59Z
50806,TATA Communications Chennai,Chennai,IN,14445,552,134340,2021-08-21T04:44:23Z,2021-08-21T04:44:23Z
50884,TATA Communications Chennai,Chennai,IN,12419,552,136230,2021-08-26T10:11:16Z,2021-08-26T10:11:16Z
51085,TATA Communications Chennai,Chennai,IN,14103,552,24186,2021-09-07T09:21:00Z,2021-09-07T09:21:00Z
51744,TATA Communications Chennai,Chennai,IN,23821,552,133000,2021-10-21T04:11:37Z,2021-10-21T17:07:05Z
53099,TATA Communications Chennai,Chennai,IN,18197,552,136308,2022-01-07T15:08:29Z,2022-01-07T15:08:29Z
54406,TATA Communications Chennai,Chennai,IN,12647,552,55410,2022-03-22T12:34:10Z,2022-03-22T12:34:10Z
56257,TATA Communications Chennai,Chennai,IN,16248,552,132556,2022-07-09T08:50:46Z,2022-07-09T08:50:46Z
56728,TATA Communications Chennai,Chennai,IN,18277,552,137132,2022-08-03T11:14:21Z,2022-08-03T11:14:22Z
57181,TATA Communications Chennai,Chennai,IN,30784,552,58778,2022-08-23T10:05:19Z,2022-08-23T10:05:19Z
57566,TATA Communications Chennai,Chennai,IN,30613,552,149781,2022-09-15T20:34:24Z,2022-09-15T20:34:24Z
58827,TATA Communications Chennai,Chennai,IN,30614,552,141731,2022-11-21T08:01:54Z,2022-11-21T08:01:54Z
60683,TATA Communications Chennai,Chennai,IN,18255,552,135202,2023-03-02T18:16:01Z,2023-03-02T18:16:01Z
67114,TATA Communications Chennai,Chennai,IN,21894,552,138746,2023-12-28T13:48:23Z,2023-12-28T13:48:23Z
68132,TATA Communications Chennai,Chennai,IN,18480,552,7494,2024-02-12T07:47:18Z,2024-02-12T07:47:18Z
68250,TATA Communications Chennai,Chennai,IN,27512,552,142470,2024-02-15T10:24:15Z,2024-02-15T10:24:16Z
68748,TATA Communications Chennai,Chennai,IN,31557,552,150007,2024-03-01T08:18:50Z,2024-03-01T08:18:50Z
68757,TATA Communications Chennai,Chennai,IN,28957,552,149248,2024-03-01T11:05:24Z,2024-03-01T11:05:24Z
75880,TATA Communications Chennai,Chennai,IN,27092,552,141848,2025-01-06T13:45:37Z,2025-01-06T13:45:37Z
76538,TATA Communications Chennai,Chennai,IN,36919,552,149241,2025-02-04T09:33:32Z,2025-02-04T09:33:32Z
78083,TATA Communications Chennai,Chennai,IN,27136,552,58971,2025-04-10T08:47:00Z,2025-04-10T08:47:00Z
79018,TATA Communications Chennai,Chennai,IN,28588,552,147277,2025-05-23T10:47:44Z,2025-05-23T10:47:44Z
81434,TATA Communications Chennai,Chennai,IN,6330,552,132453,2025-08-27T08:16:13Z,2025-08-27T08:16:15Z
84900,TATA Communications Chennai,Chennai,IN,28520,552,139901,2026-01-11T05:16:25Z,2026-01-11T05:16:25Z
87493,TATA Communications Chennai,Chennai,IN,19838,552,132884,2026-04-23T11:24:22Z,2026-04-23T11:24:22Z
88759,TATA Communications Chennai,Chennai,IN,15930,552,136625,2026-06-25T08:43:46Z,2026-06-25T08:43:46Z
24708,TATA Communications Cochin,Cochin,IN,2536,553,9583,2017-05-23T06:19:27Z,2017-05-23T06:19:27Z
29630,TATA Communications Cochin,Cochin,IN,10361,553,4755,2018-05-22T13:24:51Z,2018-05-22T13:24:51Z
44000,TATA Communications Cochin,Cochin,IN,10623,553,58969,2020-09-27T17:14:44Z,2020-09-27T17:14:44Z
76021,TATA Communications Cochin,Cochin,IN,21749,553,135217,2025-01-13T06:20:18Z,2025-01-13T06:20:19Z
4887,TATA Communications Mumbai,Mumbai,IN,433,554,15169,2010-07-29T00:00:00Z,2016-03-14T21:57:10Z
11521,TATA Communications Mumbai,Mumbai,IN,4837,554,18229,2013-04-06T00:00:00Z,2016-03-14T21:51:31Z
11577,TATA Communications Mumbai,Mumbai,IN,437,554,6453,2013-04-16T00:00:00Z,2020-01-22T04:21:46Z
12107,TATA Communications Mumbai,Mumbai,IN,2658,554,38457,2013-07-20T00:00:00Z,2016-03-14T21:28:42Z
12846,TATA Communications Mumbai,Mumbai,IN,4932,554,58587,2013-10-18T00:00:00Z,2016-03-14T21:43:43Z
13443,TATA Communications Mumbai,Mumbai,IN,3876,554,55644,2014-02-16T00:00:00Z,2016-03-14T21:54:01Z
13524,TATA Communications Mumbai,Mumbai,IN,6531,554,58682,2014-03-02T00:00:00Z,2016-03-14T21:48:59Z
13626,TATA Communications Mumbai,Mumbai,IN,6188,554,33480,2014-03-12T00:00:00Z,2016-03-14T20:31:06Z
14910,TATA Communications Mumbai,Mumbai,IN,7113,554,18196,2014-08-26T00:00:00Z,2016-03-14T21:34:30Z
15421,TATA Communications Mumbai,Mumbai,IN,694,554,8075,2014-11-02T00:00:00Z,2016-03-14T21:40:19Z
15857,TATA Communications Mumbai,Mumbai,IN,7296,554,133702,2014-12-23T00:00:00Z,2016-03-14T20:23:25Z
15864,TATA Communications Mumbai,Mumbai,IN,7682,554,45335,2014-12-23T00:00:00Z,2016-03-14T20:38:26Z
16684,TATA Communications Mumbai,Mumbai,IN,8035,554,58704,2015-03-30T00:00:00Z,2016-03-14T20:44:59Z
17149,TATA Communications Mumbai,Mumbai,IN,8279,554,58678,2015-05-26T00:00:00Z,2016-03-14T21:46:40Z
17798,TATA Communications Mumbai,Mumbai,IN,7961,554,132770,2015-08-20T00:00:00Z,2016-03-14T21:14:51Z
18644,TATA Communications Mumbai,Mumbai,IN,4911,554,31059,2015-11-12T00:00:00Z,2016-03-14T20:57:10Z
19767,TATA Communications Mumbai,Mumbai,IN,4992,554,7598,2016-03-23T08:53:08Z,2016-03-23T08:53:08Z
20085,TATA Communications Mumbai,Mumbai,IN,4317,554,55352,2016-04-16T09:59:59Z,2016-04-16T09:59:59Z
21102,TATA Communications Mumbai,Mumbai,IN,1418,554,16509,2016-07-25T20:04:37Z,2016-07-25T20:04:37Z
22062,TATA Communications Mumbai,Mumbai,IN,27,554,10310,2016-10-16T06:03:43Z,2016-10-16T06:03:43Z
22897,TATA Communications Mumbai,Mumbai,IN,5167,554,17665,2016-12-26T08:06:00Z,2016-12-26T08:06:00Z
23214,TATA Communications Mumbai,Mumbai,IN,9909,554,133720,2017-01-24T11:21:06Z,2017-01-24T11:21:06Z
23330,TATA Communications Mumbai,Mumbai,IN,4581,554,55879,2017-02-02T07:56:52Z,2017-02-02T07:56:52Z
23411,TATA Communications Mumbai,Mumbai,IN,7117,554,132215,2017-02-07T04:26:42Z,2024-12-11T05:58:07Z
23459,TATA Communications Mumbai,Mumbai,IN,5933,554,17625,2017-02-11T21:02:55Z,2017-02-11T21:02:55Z
23972,TATA Communications Mumbai,Mumbai,IN,3514,554,10029,2017-03-22T05:47:14Z,2017-03-22T05:47:14Z
24074,TATA Communications Mumbai,Mumbai,IN,11312,554,45194,2017-03-30T08:48:54Z,2017-03-30T08:48:54Z
24084,TATA Communications Mumbai,Mumbai,IN,8220,554,134006,2017-03-30T17:17:51Z,2017-03-30T17:17:51Z
24200,TATA Communications Mumbai,Mumbai,IN,10813,554,134009,2017-04-11T06:50:45Z,2017-04-11T06:50:45Z
24290,TATA Communications Mumbai,Mumbai,IN,13000,554,133001,2017-04-19T09:06:04Z,2017-04-19T09:06:04Z
24424,TATA Communications Mumbai,Mumbai,IN,13327,554,55341,2017-04-28T09:15:13Z,2017-04-28T09:15:14Z
24495,TATA Communications Mumbai,Mumbai,IN,10964,554,58717,2017-05-04T06:12:46Z,2017-05-04T06:12:46Z
24552,TATA Communications Mumbai,Mumbai,IN,2536,554,9583,2017-05-08T09:42:41Z,2017-05-08T09:42:41Z
24762,TATA Communications Mumbai,Mumbai,IN,9669,554,133315,2017-05-26T13:17:05Z,2017-05-26T13:17:05Z
24795,TATA Communications Mumbai,Mumbai,IN,10264,554,134014,2017-05-30T05:29:39Z,2017-05-30T05:29:39Z
24922,TATA Communications Mumbai,Mumbai,IN,11776,554,135810,2017-06-08T12:35:31Z,2017-06-08T12:35:31Z
25331,TATA Communications Mumbai,Mumbai,IN,4125,554,55832,2017-07-14T03:45:27Z,2017-07-14T03:45:27Z
25807,TATA Communications Mumbai,Mumbai,IN,12235,554,134916,2017-08-20T17:20:27Z,2017-08-20T17:20:28Z
25819,TATA Communications Mumbai,Mumbai,IN,8394,554,56209,2017-08-21T11:33:47Z,2017-08-21T11:33:47Z
26518,TATA Communications Mumbai,Mumbai,IN,8167,554,17747,2017-10-17T08:32:15Z,2020-01-27T14:45:06Z
26998,TATA Communications Mumbai,Mumbai,IN,13613,554,132296,2017-11-20T03:20:40Z,2017-11-20T03:20:40Z
27406,TATA Communications Mumbai,Mumbai,IN,10976,554,132115,2017-12-18T12:10:47Z,2017-12-18T12:10:47Z
29624,TATA Communications Mumbai,Mumbai,IN,10361,554,4755,2018-05-22T13:23:41Z,2018-05-22T13:23:41Z
30701,TATA Communications Mumbai,Mumbai,IN,13090,554,135772,2018-08-06T12:02:02Z,2018-08-06T12:02:02Z
33503,TATA Communications Mumbai,Mumbai,IN,14423,554,133366,2019-02-03T06:32:57Z,2019-02-03T06:32:57Z
34155,TATA Communications Mumbai,Mumbai,IN,1595,554,10075,2019-03-12T07:59:25Z,2019-03-12T07:59:25Z
37025,TATA Communications Mumbai,Mumbai,IN,10496,554,132934,2019-08-29T18:06:53Z,2020-03-11T18:29:16Z
38167,TATA Communications Mumbai,Mumbai,IN,2,554,20940,2019-11-19T03:06:21Z,2019-11-19T03:06:21Z
38514,TATA Communications Mumbai,Mumbai,IN,20994,554,20189,2019-12-06T02:36:44Z,2019-12-06T02:36:44Z
40524,TATA Communications Mumbai,Mumbai,IN,13897,554,17494,2020-04-05T09:22:55Z,2020-04-05T09:22:55Z
40589,TATA Communications Mumbai,Mumbai,IN,22784,554,137149,2020-04-07T18:23:43Z,2020-07-16T11:33:01Z
41796,TATA Communications Mumbai,Mumbai,IN,14606,554,10122,2020-06-11T10:05:17Z,2020-06-11T10:05:17Z
45043,TATA Communications Mumbai,Mumbai,IN,17885,554,8069,2020-11-06T00:36:23Z,2020-11-06T00:36:23Z
45222,TATA Communications Mumbai,Mumbai,IN,10474,554,134939,2020-11-16T04:48:11Z,2020-11-16T04:48:11Z
45294,TATA Communications Mumbai,Mumbai,IN,13098,554,14630,2020-11-19T04:13:25Z,2020-11-19T04:13:25Z
45434,TATA Communications Mumbai,Mumbai,IN,2328,554,17806,2020-11-26T13:54:09Z,2020-11-26T13:54:09Z
45634,TATA Communications Mumbai,Mumbai,IN,11391,554,133309,2020-12-07T05:57:46Z,2020-12-07T05:57:46Z
45709,TATA Communications Mumbai,Mumbai,IN,12647,554,55410,2020-12-10T06:00:37Z,2020-12-10T06:00:37Z
45968,TATA Communications Mumbai,Mumbai,IN,22100,554,137491,2020-12-22T05:06:08Z,2020-12-22T05:06:08Z
46655,TATA Communications Mumbai,Mumbai,IN,25724,554,140883,2021-01-21T06:01:30Z,2021-01-21T06:01:30Z
49079,TATA Communications Mumbai,Mumbai,IN,15844,554,9829,2021-05-19T13:31:15Z,2021-05-19T13:31:15Z
49696,TATA Communications Mumbai,Mumbai,IN,27287,554,137681,2021-06-24T14:47:57Z,2021-06-24T14:47:57Z
50132,TATA Communications Mumbai,Mumbai,IN,5666,554,58715,2021-07-08T15:01:08Z,2021-07-08T15:01:08Z
50851,TATA Communications Mumbai,Mumbai,IN,21421,554,138741,2021-08-24T11:35:02Z,2021-08-24T11:35:02Z
51087,TATA Communications Mumbai,Mumbai,IN,14103,554,24186,2021-09-07T09:21:42Z,2021-09-07T09:21:42Z
51732,TATA Communications Mumbai,Mumbai,IN,14387,554,45820,2021-10-20T12:02:03Z,2026-03-03T17:39:41Z
51735,TATA Communications Mumbai,Mumbai,IN,14477,554,17762,2021-10-20T12:04:13Z,2021-10-20T12:04:13Z
54035,TATA Communications Mumbai,Mumbai,IN,13001,554,136334,2022-03-02T05:04:48Z,2022-03-02T05:04:48Z
56307,TATA Communications Mumbai,Mumbai,IN,10920,554,133286,2022-07-12T11:15:19Z,2022-07-12T11:15:19Z
57185,TATA Communications Mumbai,Mumbai,IN,30784,554,58778,2022-08-23T10:05:47Z,2022-08-23T10:05:47Z
58525,TATA Communications Mumbai,Mumbai,IN,30960,554,150178,2022-11-06T12:55:18Z,2022-11-06T12:55:18Z
58600,TATA Communications Mumbai,Mumbai,IN,31477,554,149587,2022-11-10T14:05:38Z,2022-11-10T14:05:38Z
59113,TATA Communications Mumbai,Mumbai,IN,31712,554,149214,2022-12-08T13:09:06Z,2022-12-08T13:09:06Z
59120,TATA Communications Mumbai,Mumbai,IN,31717,554,136285,2022-12-08T14:52:33Z,2022-12-08T14:52:33Z
61585,TATA Communications Mumbai,Mumbai,IN,29406,554,133591,2023-04-14T19:38:35Z,2023-04-14T19:38:35Z
62612,TATA Communications Mumbai,Mumbai,IN,26313,554,138726,2023-05-31T21:31:10Z,2023-05-31T21:31:10Z
66175,TATA Communications Mumbai,Mumbai,IN,28195,554,146908,2023-11-07T06:09:41Z,2023-11-07T06:09:41Z
68136,TATA Communications Mumbai,Mumbai,IN,18480,554,7494,2024-02-12T07:47:48Z,2024-02-12T07:47:48Z
72289,TATA Communications Mumbai,Mumbai,IN,27771,554,135849,2024-07-30T03:50:17Z,2024-07-30T03:50:18Z
75346,TATA Communications Mumbai,Mumbai,IN,34948,554,44331,2024-12-04T16:13:34Z,2024-12-04T16:13:35Z
76932,TATA Communications Mumbai,Mumbai,IN,11869,554,132559,2025-02-23T02:25:24Z,2025-02-23T02:25:25Z
80279,TATA Communications Mumbai,Mumbai,IN,11494,554,133968,2025-07-11T14:21:24Z,2025-07-11T14:21:24Z
84159,TATA Communications Mumbai,Mumbai,IN,37657,554,135650,2025-12-03T12:51:48Z,2025-12-03T12:51:48Z
84574,TATA Communications Mumbai,Mumbai,IN,24417,554,140287,2025-12-21T17:13:37Z,2025-12-21T17:13:38Z
88286,TATA Communications Mumbai,Mumbai,IN,38933,554,136418,2026-06-03T13:54:25Z,2026-06-03T13:54:25Z
6189,HNS - IDC01,Mumbai,IN,2658,698,38457,2010-07-29T00:00:00Z,2016-03-14T20:40:24Z
55733,HNS - IDC01,Mumbai,IN,17266,698,134249,2022-06-13T10:04:40Z,2022-06-13T10:04:40Z
9284,Reliance IDC-1,Mumbai,IN,1358,1005,18101,2012-01-21T00:00:00Z,2020-01-22T04:21:42Z
20826,Reliance IDC-1,Mumbai,IN,10512,1005,58405,2016-06-27T08:07:37Z,2016-06-27T08:07:37Z
23151,Reliance IDC-1,Mumbai,IN,10264,1005,134014,2017-01-19T06:54:15Z,2017-01-19T06:54:15Z
24703,Reliance IDC-1,Mumbai,IN,2536,1005,9583,2017-05-23T06:15:41Z,2017-05-23T06:15:41Z
24787,Reliance IDC-1,Mumbai,IN,11526,1005,135207,2017-05-28T10:32:20Z,2017-05-28T10:32:20Z
25723,Reliance IDC-1,Mumbai,IN,6861,1005,45648,2017-08-15T00:18:56Z,2017-08-15T00:18:56Z
84167,Reliance IDC-1,Mumbai,IN,37657,1005,135650,2025-12-03T13:38:47Z,2025-12-03T13:38:47Z
88106,Reliance IDC-1,Mumbai,IN,38933,1005,136418,2026-05-26T19:32:49Z,2026-05-26T19:32:49Z
14483,Reliance IDC-2,Navi Mumbai,IN,1358,1006,18101,2014-06-22T00:00:00Z,2020-01-22T04:21:52Z
23672,Reliance IDC-2,Navi Mumbai,IN,2105,1006,38310,2017-03-01T12:40:05Z,2017-03-01T12:40:05Z
24701,Reliance IDC-2,Navi Mumbai,IN,2536,1006,9583,2017-05-23T06:15:13Z,2017-05-23T06:15:13Z
84168,Reliance IDC-2,Navi Mumbai,IN,37657,1006,135650,2025-12-03T13:39:04Z,2025-12-03T13:39:04Z
24704,Reliance IDC-3,Navi Mumbai,IN,2536,1007,9583,2017-05-23T06:15:50Z,2017-05-23T06:15:50Z
24702,Reliance IDC-4,Navi Mumbai,IN,2536,1008,9583,2017-05-23T06:15:30Z,2017-05-23T06:15:30Z
63543,Reliance IDC-4,Navi Mumbai,IN,5846,1008,45117,2023-07-04T13:16:31Z,2023-07-04T13:16:31Z
16689,Reliance Chennai IDC,Chennai,IN,104,1013,15412,2015-03-31T00:00:00Z,2016-03-14T21:24:31Z
22063,Reliance Chennai IDC,Chennai,IN,27,1013,10310,2016-10-16T06:03:58Z,2016-10-16T06:03:58Z
32090,Reliance Chennai IDC,Chennai,IN,16982,1013,137181,2018-10-29T18:21:06Z,2018-10-29T18:21:06Z
34205,Reliance Chennai IDC,Chennai,IN,6758,1013,64049,2019-03-14T09:52:42Z,2019-03-14T09:52:42Z
34252,Reliance Chennai IDC,Chennai,IN,17242,1013,135139,2019-03-16T14:44:11Z,2019-03-16T14:44:11Z
36609,Reliance Chennai IDC,Chennai,IN,10865,1013,132518,2019-07-26T19:46:36Z,2019-07-26T19:46:36Z
37033,Reliance Chennai IDC,Chennai,IN,16881,1013,135266,2019-08-30T08:58:40Z,2019-08-30T08:58:40Z
50927,Reliance Chennai IDC,Chennai,IN,10289,1013,9830,2021-08-29T15:58:44Z,2021-08-29T15:58:44Z
56258,Reliance Chennai IDC,Chennai,IN,16248,1013,132556,2022-07-09T08:51:27Z,2022-07-09T08:51:27Z
79247,Reliance Chennai IDC,Chennai,IN,12573,1013,135814,2025-06-02T11:40:47Z,2025-06-02T11:40:48Z
85014,Reliance Chennai IDC,Chennai,IN,38933,1013,136418,2026-01-15T09:52:04Z,2026-01-15T09:52:04Z
27283,Reliance Hyderabad IDC,Hyderabad,IN,2536,1014,9583,2017-12-08T09:55:09Z,2017-12-08T09:55:09Z
9468,DV-IDC-MUM01,Navi Mumbai,IN,4487,1191,45769,2012-02-19T00:00:00Z,2016-03-15T09:24:14Z
9469,DV-IDC-MAN01,Manipal,IN,4487,1192,45769,2012-02-19T00:00:00Z,2016-03-15T09:24:14Z
9470,DV-IDC-BAN01,Bangalore,IN,4487,1193,45769,2012-02-19T00:00:00Z,2016-03-14T20:59:48Z
9471,DV-IDC-MGL01,Mangalore,IN,4487,1194,45769,2012-02-19T00:00:00Z,2016-03-14T20:59:48Z
9472,DV-IDC-KOL01,Kolkata,IN,4487,1195,45769,2012-02-19T00:00:00Z,2016-03-14T20:59:48Z
9473,DV-IDC-HYD01,Hyderabad,IN,4487,1196,45769,2012-02-19T00:00:00Z,2016-03-14T20:59:49Z
9474,DV-IDC-PUN01,Pune,IN,4487,1197,45769,2012-02-19T00:00:00Z,2016-03-14T20:59:48Z
9992,DV-IDC-DEL01,New Delhi,IN,4487,1248,45769,2012-08-20T00:00:00Z,2016-03-14T21:58:15Z
24700,CtrlS Hyderabad DC1,Hyderabad,IN,2536,1256,9583,2017-05-23T06:13:28Z,2017-05-23T06:13:28Z
24882,CtrlS Hyderabad DC1,Hyderabad,IN,7117,1256,132215,2017-06-06T06:11:41Z,2025-07-30T06:21:26Z
25702,CtrlS Hyderabad DC1,Hyderabad,IN,4837,1256,18229,2017-08-14T22:04:24Z,2017-08-14T22:04:24Z
26414,CtrlS Hyderabad DC1,Hyderabad,IN,14868,1256,133691,2017-10-09T01:54:23Z,2017-10-09T01:54:23Z
26559,CtrlS Hyderabad DC1,Hyderabad,IN,8660,1256,59185,2017-10-18T13:22:38Z,2025-06-19T17:05:19Z
41489,CtrlS Hyderabad DC1,Hyderabad,IN,7373,1256,45884,2020-05-23T07:13:01Z,2020-05-23T07:14:27Z
48538,CtrlS Hyderabad DC1,Hyderabad,IN,22073,1256,137179,2021-04-21T06:43:06Z,2021-04-21T06:43:06Z
52860,CtrlS Hyderabad DC1,Hyderabad,IN,26638,1256,141858,2021-12-17T06:09:57Z,2021-12-17T06:09:57Z
52864,CtrlS Hyderabad DC1,Hyderabad,IN,23417,1256,140242,2021-12-17T08:12:25Z,2021-12-17T08:12:25Z
52886,CtrlS Hyderabad DC1,Hyderabad,IN,27632,1256,141532,2021-12-18T15:11:01Z,2021-12-27T07:01:24Z
53009,CtrlS Hyderabad DC1,Hyderabad,IN,9843,1256,45582,2021-12-30T05:56:30Z,2021-12-30T05:56:30Z
53030,CtrlS Hyderabad DC1,Hyderabad,IN,24938,1256,45469,2021-12-31T05:36:59Z,2021-12-31T05:36:59Z
53049,CtrlS Hyderabad DC1,Hyderabad,IN,22064,1256,139490,2022-01-03T05:36:09Z,2022-09-23T06:53:55Z
53085,CtrlS Hyderabad DC1,Hyderabad,IN,25573,1256,136649,2022-01-06T13:28:16Z,2022-01-06T13:28:16Z
55121,CtrlS Hyderabad DC1,Hyderabad,IN,12020,1256,134334,2022-05-02T06:12:50Z,2022-05-02T06:12:50Z
55732,CtrlS Hyderabad DC1,Hyderabad,IN,17266,1256,134249,2022-06-13T10:03:10Z,2022-06-13T10:03:10Z
55840,CtrlS Hyderabad DC1,Hyderabad,IN,30221,1256,147273,2022-06-20T07:33:45Z,2022-06-20T07:33:45Z
55862,CtrlS Hyderabad DC1,Hyderabad,IN,30241,1256,137666,2022-06-21T12:37:41Z,2022-06-21T12:37:41Z
57217,CtrlS Hyderabad DC1,Hyderabad,IN,30778,1256,137097,2022-08-25T04:26:49Z,2022-08-25T04:26:49Z
57677,CtrlS Hyderabad DC1,Hyderabad,IN,29746,1256,149612,2022-09-23T06:55:18Z,2022-09-23T06:55:18Z
58181,CtrlS Hyderabad DC1,Hyderabad,IN,3684,1256,18209,2022-10-20T14:44:51Z,2022-10-20T14:44:51Z
58203,CtrlS Hyderabad DC1,Hyderabad,IN,8366,1256,24309,2022-10-21T08:40:13Z,2022-10-21T08:40:13Z
58732,CtrlS Hyderabad DC1,Hyderabad,IN,14340,1256,135834,2022-11-16T05:08:28Z,2022-11-16T05:08:28Z
59176,CtrlS Hyderabad DC1,Hyderabad,IN,16123,1256,135808,2022-12-12T12:10:56Z,2022-12-12T12:10:56Z
59224,CtrlS Hyderabad DC1,Hyderabad,IN,25162,1256,137000,2022-12-15T02:45:13Z,2022-12-15T02:45:13Z
59259,CtrlS Hyderabad DC1,Hyderabad,IN,31548,1256,136290,2022-12-17T06:26:51Z,2022-12-17T06:26:51Z
60656,CtrlS Hyderabad DC1,Hyderabad,IN,3967,1256,24029,2023-03-02T06:35:00Z,2023-03-02T06:35:00Z
62199,CtrlS Hyderabad DC1,Hyderabad,IN,30120,1256,135784,2023-05-12T10:06:35Z,2023-05-12T10:06:35Z
63339,CtrlS Hyderabad DC1,Hyderabad,IN,3924,1256,42,2023-06-26T08:53:32Z,2023-06-26T08:53:32Z
63959,CtrlS Hyderabad DC1,Hyderabad,IN,12720,1256,58725,2023-07-24T04:47:23Z,2023-07-24T04:47:23Z
65236,CtrlS Hyderabad DC1,Hyderabad,IN,29760,1256,141868,2023-09-25T16:53:35Z,2023-09-25T16:53:36Z
66190,CtrlS Hyderabad DC1,Hyderabad,IN,979,1256,32934,2023-11-08T08:53:45Z,2023-11-08T08:53:45Z
68452,CtrlS Hyderabad DC1,Hyderabad,IN,5846,1256,45117,2024-02-20T13:46:31Z,2024-02-20T13:46:31Z
68594,CtrlS Hyderabad DC1,Hyderabad,IN,16113,1256,134305,2024-02-26T06:18:52Z,2024-02-26T06:18:52Z
79296,CtrlS Hyderabad DC1,Hyderabad,IN,27944,1256,146919,2025-06-03T12:38:07Z,2025-06-03T12:38:07Z
80308,CtrlS Hyderabad DC1,Hyderabad,IN,1411,1256,38224,2025-07-12T03:51:51Z,2025-07-12T03:51:53Z
80573,CtrlS Hyderabad DC1,Hyderabad,IN,14095,1256,135705,2025-07-24T11:22:55Z,2025-07-24T11:22:55Z
80717,CtrlS Hyderabad DC1,Hyderabad,IN,25024,1256,141383,2025-07-25T11:14:26Z,2025-07-25T11:14:26Z
84070,CtrlS Hyderabad DC1,Hyderabad,IN,40976,1256,138235,2025-11-29T03:03:59Z,2025-11-29T03:03:59Z
84275,CtrlS Hyderabad DC1,Hyderabad,IN,41045,1256,142575,2025-12-09T09:10:51Z,2025-12-09T09:10:51Z
85374,CtrlS Hyderabad DC1,Hyderabad,IN,33950,1256,150008,2026-02-02T05:01:51Z,2026-02-02T05:01:51Z
85751,CtrlS Hyderabad DC1,Hyderabad,IN,14387,1256,45820,2026-02-11T11:27:57Z,2026-02-11T11:27:57Z
86493,CtrlS Hyderabad DC1,Hyderabad,IN,3816,1256,45528,2026-03-11T10:01:25Z,2026-03-11T10:01:25Z
88760,CtrlS Hyderabad DC1,Hyderabad,IN,15930,1256,136625,2026-06-25T08:44:32Z,2026-06-25T08:44:32Z
89024,CtrlS Hyderabad DC1,Hyderabad,IN,42894,1256,138752,2026-07-07T11:46:06Z,2026-07-07T11:46:06Z
89108,CtrlS Hyderabad DC1,Hyderabad,IN,9423,1256,17771,2026-07-10T11:53:35Z,2026-07-10T11:53:35Z
89166,CtrlS Hyderabad DC1,Hyderabad,IN,8433,1256,17483,2026-07-13T12:29:54Z,2026-07-13T12:29:54Z
90030,CtrlS Hyderabad DC1,Hyderabad,IN,27771,1256,135849,2026-08-17T13:25:57Z,2026-08-17T13:25:57Z
90067,CtrlS Hyderabad DC1,Hyderabad,IN,43308,1256,154110,2026-08-19T14:34:18Z,2026-08-19T14:34:18Z
12108,CtrlS Mumbai DC1,Mumbai,IN,2658,1259,38457,2013-07-20T00:00:00Z,2016-03-14T21:28:43Z
18493,CtrlS Mumbai DC1,Mumbai,IN,4317,1259,55352,2015-11-02T00:00:00Z,2016-03-14T20:59:32Z
24217,CtrlS Mumbai DC1,Mumbai,IN,11776,1259,135810,2017-04-12T09:22:31Z,2023-06-24T12:56:42Z
24291,CtrlS Mumbai DC1,Mumbai,IN,13000,1259,133001,2017-04-19T09:06:13Z,2017-04-19T09:06:13Z
24423,CtrlS Mumbai DC1,Mumbai,IN,13327,1259,55341,2017-04-28T09:14:29Z,2017-04-28T09:14:29Z
24551,CtrlS Mumbai DC1,Mumbai,IN,2536,1259,9583,2017-05-08T09:42:04Z,2017-05-08T09:42:04Z
25703,CtrlS Mumbai DC1,Mumbai,IN,4837,1259,18229,2017-08-14T22:05:15Z,2017-08-14T22:05:15Z
39579,CtrlS Mumbai DC1,Mumbai,IN,14606,1259,10122,2020-02-13T14:05:01Z,2020-02-13T14:05:01Z
46654,CtrlS Mumbai DC1,Mumbai,IN,25724,1259,140883,2021-01-21T06:01:15Z,2021-01-21T06:01:15Z
48537,CtrlS Mumbai DC1,Mumbai,IN,22073,1259,137179,2021-04-21T06:42:34Z,2021-04-21T06:42:34Z
49152,CtrlS Mumbai DC1,Mumbai,IN,11494,1259,133968,2021-05-24T10:02:32Z,2021-05-24T10:02:32Z
52863,CtrlS Mumbai DC1,Mumbai,IN,14095,1259,135705,2021-12-17T07:12:56Z,2021-12-17T07:12:56Z
52889,CtrlS Mumbai DC1,Mumbai,IN,27632,1259,141532,2021-12-18T15:11:39Z,2022-01-30T16:59:36Z
53011,CtrlS Mumbai DC1,Mumbai,IN,9843,1259,45582,2021-12-30T05:57:17Z,2021-12-30T05:57:17Z
53028,CtrlS Mumbai DC1,Mumbai,IN,24938,1259,45469,2021-12-31T05:36:16Z,2021-12-31T05:36:16Z
53086,CtrlS Mumbai DC1,Mumbai,IN,25573,1259,136649,2022-01-06T13:28:27Z,2022-01-06T13:28:27Z
54315,CtrlS Mumbai DC1,Mumbai,IN,7117,1259,132215,2022-03-17T05:00:14Z,2025-07-30T06:22:00Z
55837,CtrlS Mumbai DC1,Mumbai,IN,30221,1259,147273,2022-06-20T07:33:03Z,2022-06-20T07:33:03Z
55861,CtrlS Mumbai DC1,Mumbai,IN,30241,1259,137666,2022-06-21T12:37:20Z,2022-06-21T12:37:20Z
56129,CtrlS Mumbai DC1,Mumbai,IN,10550,1259,135212,2022-07-01T12:14:25Z,2026-08-18T07:44:33Z
57336,CtrlS Mumbai DC1,Mumbai,IN,5846,1259,45117,2022-08-31T11:45:20Z,2022-08-31T11:45:20Z
60823,CtrlS Mumbai DC1,Mumbai,IN,31557,1259,150007,2023-03-10T13:44:21Z,2023-03-10T13:44:21Z
62490,CtrlS Mumbai DC1,Mumbai,IN,3816,1259,45528,2023-05-26T06:16:28Z,2023-05-26T06:16:28Z
67963,CtrlS Mumbai DC1,Mumbai,IN,34728,1259,152129,2024-02-05T11:46:10Z,2024-02-05T11:46:10Z
70082,CtrlS Mumbai DC1,Mumbai,IN,26500,1259,137645,2024-04-24T02:10:20Z,2024-05-04T04:41:51Z
70785,CtrlS Mumbai DC1,Mumbai,IN,33457,1259,151128,2024-05-24T09:13:46Z,2024-05-24T09:13:46Z
76620,CtrlS Mumbai DC1,Mumbai,IN,34858,1259,151690,2025-02-07T10:17:30Z,2025-02-07T10:17:30Z
79165,CtrlS Mumbai DC1,Mumbai,IN,38964,1259,153259,2025-05-28T18:25:11Z,2025-05-28T18:25:11Z
79432,CtrlS Mumbai DC1,Mumbai,IN,27944,1259,146919,2025-06-09T06:54:02Z,2025-06-09T06:54:02Z
82126,CtrlS Mumbai DC1,Mumbai,IN,35867,1259,152565,2025-09-29T09:24:10Z,2025-09-29T09:24:10Z
82479,CtrlS Mumbai DC1,Mumbai,IN,11590,1259,134012,2025-10-13T12:57:43Z,2025-10-13T12:57:43Z
83927,CtrlS Mumbai DC1,Mumbai,IN,15411,1259,137098,2025-11-24T12:55:52Z,2025-11-24T12:55:53Z
84146,CtrlS Mumbai DC1,Mumbai,IN,15843,1259,136376,2025-12-02T13:59:44Z,2025-12-02T13:59:44Z
84742,CtrlS Mumbai DC1,Mumbai,IN,41220,1259,142463,2026-01-03T20:53:13Z,2026-01-03T20:53:14Z
84806,CtrlS Mumbai DC1,Mumbai,IN,35726,1259,215228,2026-01-07T15:54:06Z,2026-01-07T15:54:07Z
85670,CtrlS Mumbai DC1,Mumbai,IN,33950,1259,150008,2026-02-09T05:42:32Z,2026-02-09T05:42:32Z
86137,CtrlS Mumbai DC1,Mumbai,IN,15294,1259,136636,2026-02-25T09:44:04Z,2026-02-25T09:44:04Z
86287,CtrlS Mumbai DC1,Mumbai,IN,14477,1259,17762,2026-03-03T17:41:06Z,2026-03-03T17:41:06Z
86661,CtrlS Mumbai DC1,Mumbai,IN,28154,1259,139543,2026-03-21T08:20:07Z,2026-03-21T08:20:07Z
88005,CtrlS Mumbai DC1,Mumbai,IN,34948,1259,44331,2026-05-20T12:26:46Z,2026-05-20T12:26:46Z
88040,CtrlS Mumbai DC1,Mumbai,IN,42357,1259,153734,2026-05-21T11:35:19Z,2026-05-21T11:35:19Z
88083,CtrlS Mumbai DC1,Mumbai,IN,25219,1259,141253,2026-05-25T06:54:26Z,2026-05-25T06:54:26Z
88741,CtrlS Mumbai DC1,Mumbai,IN,28606,1259,141317,2026-06-24T18:03:25Z,2026-06-24T18:03:25Z
88766,CtrlS Mumbai DC1,Mumbai,IN,15930,1259,136625,2026-06-25T08:46:45Z,2026-06-25T08:46:45Z
88896,CtrlS Mumbai DC1,Mumbai,IN,42348,1259,146888,2026-07-01T19:32:32Z,2026-07-01T19:32:32Z
89035,CtrlS Mumbai DC1,Mumbai,IN,42894,1259,138752,2026-07-07T11:48:32Z,2026-07-07T11:48:32Z
89508,CtrlS Mumbai DC1,Mumbai,IN,27330,1259,49915,2026-07-30T07:18:21Z,2026-07-30T07:18:21Z
90027,CtrlS Mumbai DC1,Mumbai,IN,27771,1259,135849,2026-08-17T13:22:17Z,2026-08-17T13:22:17Z
90064,CtrlS Mumbai DC1,Mumbai,IN,19421,1259,134905,2026-08-19T05:42:17Z,2026-08-19T05:42:17Z
90344,CtrlS Mumbai DC1,Mumbai,IN,27287,1259,137681,2026-09-01T11:33:11Z,2026-09-01T11:33:11Z
15703,TATA Communications Delhi,New Delhi,IN,6318,1622,131222,2014-12-06T00:00:00Z,2016-03-14T21:28:13Z
17316,TATA Communications Delhi,New Delhi,IN,433,1622,15169,2015-06-09T00:00:00Z,2016-03-14T20:45:44Z
17738,TATA Communications Delhi,New Delhi,IN,8577,1622,133982,2015-08-12T00:00:00Z,2016-03-14T20:55:20Z
18028,TATA Communications Delhi,New Delhi,IN,7117,1622,132215,2015-09-10T00:00:00Z,2024-12-11T05:58:47Z
18483,TATA Communications Delhi,New Delhi,IN,8264,1622,132754,2015-11-02T00:00:00Z,2016-03-14T21:11:58Z
20848,TATA Communications Delhi,New Delhi,IN,9310,1622,134026,2016-06-30T06:20:53Z,2018-09-05T08:28:20Z
21487,TATA Communications Delhi,New Delhi,IN,10496,1622,132934,2016-09-01T16:03:09Z,2019-06-06T09:11:13Z
22799,TATA Communications Delhi,New Delhi,IN,7682,1622,45335,2016-12-16T13:17:24Z,2016-12-16T13:17:25Z
23526,TATA Communications Delhi,New Delhi,IN,11260,1622,58965,2017-02-17T05:21:24Z,2024-05-02T11:15:17Z
23830,TATA Communications Delhi,New Delhi,IN,12550,1622,38571,2017-03-12T05:45:43Z,2018-08-14T05:13:57Z
23971,TATA Communications Delhi,New Delhi,IN,3514,1622,10029,2017-03-22T05:46:56Z,2017-03-22T05:46:56Z
24360,TATA Communications Delhi,New Delhi,IN,9903,1622,133676,2017-04-24T08:09:01Z,2017-04-24T08:09:01Z
24494,TATA Communications Delhi,New Delhi,IN,10964,1622,58717,2017-05-04T06:12:28Z,2017-05-04T06:12:28Z
24498,TATA Communications Delhi,New Delhi,IN,13307,1622,58906,2017-05-04T09:38:20Z,2017-05-04T09:38:20Z
24553,TATA Communications Delhi,New Delhi,IN,2536,1622,9583,2017-05-08T09:43:11Z,2017-05-08T09:43:11Z
24857,TATA Communications Delhi,New Delhi,IN,5167,1622,17665,2017-06-02T10:23:33Z,2017-06-02T10:23:33Z
25529,TATA Communications Delhi,New Delhi,IN,14093,1622,136322,2017-07-29T09:14:27Z,2017-07-29T09:14:27Z
26715,TATA Communications Delhi,New Delhi,IN,9343,1622,132116,2017-10-30T11:09:30Z,2021-03-01T16:54:51Z
27328,TATA Communications Delhi,New Delhi,IN,12932,1622,23682,2017-12-11T07:27:04Z,2017-12-11T07:27:04Z
28230,TATA Communications Delhi,New Delhi,IN,12377,1622,132535,2018-02-20T10:49:47Z,2018-02-20T10:49:47Z
29090,TATA Communications Delhi,New Delhi,IN,13152,1622,134043,2018-04-23T12:26:42Z,2018-04-23T12:26:42Z
29625,TATA Communications Delhi,New Delhi,IN,10361,1622,4755,2018-05-22T13:23:54Z,2018-05-22T13:23:54Z
30209,TATA Communications Delhi,New Delhi,IN,14914,1622,136724,2018-07-02T09:42:39Z,2018-07-02T09:42:39Z
30370,TATA Communications Delhi,New Delhi,IN,16916,1622,136697,2018-07-17T04:45:35Z,2018-07-17T04:45:35Z
30699,TATA Communications Delhi,New Delhi,IN,13090,1622,135772,2018-08-06T12:01:50Z,2018-08-06T12:01:50Z
30871,TATA Communications Delhi,New Delhi,IN,10151,1622,18002,2018-08-11T04:54:26Z,2018-08-11T04:54:26Z
32010,TATA Communications Delhi,New Delhi,IN,16389,1622,137095,2018-10-24T03:57:01Z,2025-08-18T07:20:59Z
32572,TATA Communications Delhi,New Delhi,IN,18372,1622,136286,2018-11-24T08:24:31Z,2018-11-24T08:24:31Z
33447,TATA Communications Delhi,New Delhi,IN,13294,1622,134316,2019-01-31T11:30:07Z,2019-01-31T11:30:07Z
34107,TATA Communications Delhi,New Delhi,IN,10711,1622,132768,2019-03-09T14:04:43Z,2019-03-09T14:04:43Z
36988,TATA Communications Delhi,New Delhi,IN,16912,1622,136370,2019-08-27T03:14:23Z,2019-08-27T03:14:23Z
37612,TATA Communications Delhi,New Delhi,IN,12665,1622,133989,2019-10-13T04:36:29Z,2019-10-13T04:37:15Z
37776,TATA Communications Delhi,New Delhi,IN,19700,1622,137650,2019-10-24T02:13:31Z,2019-10-24T02:13:31Z
40344,TATA Communications Delhi,New Delhi,IN,14843,1622,135697,2020-03-27T10:34:54Z,2020-03-27T10:34:54Z
43336,TATA Communications Delhi,New Delhi,IN,13897,1622,17494,2020-08-18T11:40:19Z,2020-08-18T11:40:19Z
44928,TATA Communications Delhi,New Delhi,IN,15784,1622,135848,2020-11-03T14:02:47Z,2020-11-03T14:02:47Z
45459,TATA Communications Delhi,New Delhi,IN,11415,1622,135738,2020-11-27T12:52:59Z,2020-11-27T12:52:59Z
45710,TATA Communications Delhi,New Delhi,IN,12647,1622,55410,2020-12-10T06:00:48Z,2020-12-10T06:00:48Z
47956,TATA Communications Delhi,New Delhi,IN,26288,1622,139562,2021-03-22T05:14:34Z,2021-03-22T05:14:34Z
47989,TATA Communications Delhi,New Delhi,IN,26339,1622,140132,2021-03-23T09:43:32Z,2021-04-29T23:10:39Z
48296,TATA Communications Delhi,New Delhi,IN,22100,1622,137491,2021-04-07T14:15:41Z,2021-04-07T14:15:41Z
48349,TATA Communications Delhi,New Delhi,IN,6330,1622,132453,2021-04-10T06:29:58Z,2021-04-10T06:29:58Z
49078,TATA Communications Delhi,New Delhi,IN,15844,1622,9829,2021-05-19T13:30:51Z,2021-05-19T13:30:51Z
49623,TATA Communications Delhi,New Delhi,IN,1595,1622,10075,2021-06-19T18:09:24Z,2021-06-19T18:09:24Z
49867,TATA Communications Delhi,New Delhi,IN,26932,1622,141275,2021-06-28T07:16:15Z,2024-01-05T11:22:26Z
51084,TATA Communications Delhi,New Delhi,IN,14103,1622,24186,2021-09-07T09:20:49Z,2021-09-07T09:20:49Z
51101,TATA Communications Delhi,New Delhi,IN,27923,1622,142497,2021-09-07T16:29:19Z,2021-09-07T16:29:19Z
51931,TATA Communications Delhi,New Delhi,IN,8167,1622,17747,2021-10-29T05:07:55Z,2021-10-29T05:07:55Z
53283,TATA Communications Delhi,New Delhi,IN,10787,1622,58762,2022-01-16T07:36:00Z,2022-01-16T07:36:00Z
53445,TATA Communications Delhi,New Delhi,IN,29091,1622,146904,2022-01-24T12:16:20Z,2026-06-19T10:07:09Z
53811,TATA Communications Delhi,New Delhi,IN,18930,1622,138257,2022-02-14T09:56:51Z,2022-02-14T09:56:51Z
54235,TATA Communications Delhi,New Delhi,IN,14387,1622,45820,2022-03-14T16:31:51Z,2022-03-14T16:31:51Z
54621,TATA Communications Delhi,New Delhi,IN,28173,1622,141865,2022-04-03T14:45:13Z,2022-04-03T14:45:13Z
55843,TATA Communications Delhi,New Delhi,IN,16764,1622,137085,2022-06-20T08:09:06Z,2022-06-20T08:09:06Z
57182,TATA Communications Delhi,New Delhi,IN,30784,1622,58778,2022-08-23T10:05:26Z,2022-08-23T10:05:26Z
58828,TATA Communications Delhi,New Delhi,IN,30614,1622,141731,2022-11-21T08:02:39Z,2022-11-21T08:02:39Z
59794,TATA Communications Delhi,New Delhi,IN,11729,1622,133275,2023-01-17T12:11:39Z,2023-01-17T12:11:39Z
59911,TATA Communications Delhi,New Delhi,IN,28758,1622,141804,2023-01-21T07:38:57Z,2023-01-21T07:38:58Z
63522,TATA Communications Delhi,New Delhi,IN,11961,1622,134259,2023-07-03T14:50:29Z,2023-07-03T14:50:29Z
63924,TATA Communications Delhi,New Delhi,IN,16358,1622,134946,2023-07-21T07:16:18Z,2023-07-21T07:16:19Z
65910,TATA Communications Delhi,New Delhi,IN,18172,1622,133711,2023-10-25T17:10:54Z,2023-10-25T17:10:54Z
68133,TATA Communications Delhi,New Delhi,IN,18480,1622,7494,2024-02-12T07:47:22Z,2024-02-12T07:47:23Z
68224,TATA Communications Delhi,New Delhi,IN,19838,1622,132884,2024-02-14T05:15:04Z,2024-02-14T05:15:05Z
69045,TATA Communications Delhi,New Delhi,IN,14470,1622,136319,2024-03-13T10:48:30Z,2024-03-13T10:48:31Z
69250,TATA Communications Delhi,New Delhi,IN,28306,1622,59191,2024-03-20T13:53:02Z,2024-03-20T13:53:02Z
70829,TATA Communications Delhi,New Delhi,IN,16179,1622,135761,2024-05-27T07:40:02Z,2024-05-27T07:40:02Z
77292,TATA Communications Delhi,New Delhi,IN,14155,1622,133647,2025-03-09T13:27:43Z,2025-03-09T13:27:43Z
78319,TATA Communications Delhi,New Delhi,IN,37192,1622,198771,2025-04-20T10:29:53Z,2025-04-20T10:29:53Z
79201,TATA Communications Delhi,New Delhi,IN,39338,1622,150596,2025-05-29T12:12:38Z,2025-05-29T12:12:38Z
81540,TATA Communications Delhi,New Delhi,IN,40219,1622,154137,2025-08-30T09:25:18Z,2025-08-30T09:25:19Z
81858,TATA Communications Delhi,New Delhi,IN,28259,1622,58945,2025-09-16T09:56:43Z,2025-09-16T09:56:43Z
84465,TATA Communications Delhi,New Delhi,IN,40852,1622,154360,2025-12-16T20:10:38Z,2025-12-16T20:10:39Z
89357,TATA Communications Delhi,New Delhi,IN,42937,1622,138748,2026-07-22T18:23:34Z,2026-07-22T18:23:34Z
13762,Web Werks Mumbai 1,Mumbai,IN,6188,1771,33480,2014-03-28T00:00:00Z,2016-03-14T21:00:23Z
18826,Web Werks Mumbai 1,Mumbai,IN,7113,1771,18196,2015-12-08T00:00:00Z,2016-03-14T20:48:45Z
22066,Web Werks Mumbai 1,Mumbai,IN,11498,1771,134881,2016-10-16T06:49:25Z,2016-10-18T13:03:54Z
22096,Web Werks Mumbai 1,Mumbai,IN,11473,1771,133245,2016-10-18T13:06:22Z,2016-10-18T13:06:22Z
22097,Web Werks Mumbai 1,Mumbai,IN,11501,1771,135724,2016-10-18T13:22:03Z,2016-10-18T13:22:03Z
22105,Web Werks Mumbai 1,Mumbai,IN,11518,1771,135171,2016-10-19T04:51:55Z,2016-10-19T04:51:56Z
22106,Web Werks Mumbai 1,Mumbai,IN,10433,1771,133552,2016-10-19T06:10:33Z,2016-10-19T06:10:34Z
22113,Web Werks Mumbai 1,Mumbai,IN,11528,1771,134035,2016-10-19T07:59:22Z,2016-10-19T07:59:22Z
22117,Web Werks Mumbai 1,Mumbai,IN,8355,1771,133658,2016-10-19T13:07:20Z,2020-10-16T06:57:01Z
22145,Web Werks Mumbai 1,Mumbai,IN,9870,1771,134055,2016-10-20T07:17:57Z,2016-10-20T07:17:57Z
22160,Web Werks Mumbai 1,Mumbai,IN,11532,1771,134254,2016-10-21T14:44:11Z,2016-10-21T14:44:11Z
22179,Web Werks Mumbai 1,Mumbai,IN,11525,1771,134913,2016-10-24T06:17:50Z,2016-10-24T06:17:50Z
22187,Web Werks Mumbai 1,Mumbai,IN,10635,1771,58765,2016-10-24T10:18:40Z,2017-07-14T11:52:50Z
22188,Web Werks Mumbai 1,Mumbai,IN,10920,1771,133286,2016-10-24T10:31:06Z,2016-10-24T10:31:07Z
22296,Web Werks Mumbai 1,Mumbai,IN,9909,1771,133720,2016-11-01T07:17:10Z,2016-11-01T07:17:10Z
22351,Web Werks Mumbai 1,Mumbai,IN,11391,1771,133309,2016-11-07T10:24:57Z,2016-11-07T10:24:57Z
22364,Web Werks Mumbai 1,Mumbai,IN,11678,1771,132958,2016-11-08T08:43:56Z,2016-11-08T08:43:56Z
22550,Web Werks Mumbai 1,Mumbai,IN,9838,1771,133977,2016-11-23T07:25:53Z,2016-11-23T07:25:53Z
22680,Web Werks Mumbai 1,Mumbai,IN,11592,1771,132137,2016-12-05T12:36:04Z,2016-12-05T12:36:04Z
22800,Web Werks Mumbai 1,Mumbai,IN,7682,1771,45335,2016-12-16T13:18:23Z,2016-12-16T13:18:23Z
22926,Web Werks Mumbai 1,Mumbai,IN,12172,1771,133597,2016-12-28T11:42:33Z,2016-12-28T11:42:34Z
23061,Web Werks Mumbai 1,Mumbai,IN,12183,1771,133297,2017-01-12T05:24:13Z,2017-01-12T05:24:13Z
23232,Web Werks Mumbai 1,Mumbai,IN,12373,1771,134879,2017-01-25T07:44:56Z,2018-10-20T06:15:25Z
23323,Web Werks Mumbai 1,Mumbai,IN,12217,1771,135854,2017-02-01T13:51:03Z,2017-02-01T13:51:03Z
23366,Web Werks Mumbai 1,Mumbai,IN,10715,1771,132562,2017-02-03T12:47:12Z,2017-02-03T12:47:12Z
23391,Web Werks Mumbai 1,Mumbai,IN,7961,1771,132770,2017-02-05T04:58:30Z,2017-02-05T04:58:30Z
23399,Web Werks Mumbai 1,Mumbai,IN,2658,1771,38457,2017-02-06T08:20:51Z,2017-02-06T08:20:51Z
23549,Web Werks Mumbai 1,Mumbai,IN,10512,1771,58405,2017-02-20T08:21:23Z,2017-02-20T08:21:23Z
23582,Web Werks Mumbai 1,Mumbai,IN,12646,1771,135180,2017-02-22T09:05:57Z,2017-02-22T09:05:57Z
23643,Web Werks Mumbai 1,Mumbai,IN,12710,1771,59169,2017-02-28T06:11:19Z,2017-02-28T06:11:19Z
23670,Web Werks Mumbai 1,Mumbai,IN,2105,1771,38310,2017-03-01T12:22:06Z,2017-03-01T12:22:06Z
23790,Web Werks Mumbai 1,Mumbai,IN,12748,1771,133232,2017-03-08T10:57:28Z,2017-03-08T10:57:28Z
23989,Web Werks Mumbai 1,Mumbai,IN,12781,1771,135861,2017-03-23T06:46:51Z,2017-03-23T06:46:51Z
24294,Web Werks Mumbai 1,Mumbai,IN,13000,1771,133001,2017-04-19T09:09:18Z,2017-04-19T09:09:18Z
24334,Web Werks Mumbai 1,Mumbai,IN,13157,1771,135850,2017-04-21T11:58:42Z,2017-04-21T11:58:42Z
24367,Web Werks Mumbai 1,Mumbai,IN,11393,1771,134008,2017-04-24T12:33:53Z,2017-04-24T12:33:53Z
24422,Web Werks Mumbai 1,Mumbai,IN,13327,1771,55341,2017-04-28T09:13:50Z,2017-04-28T09:13:50Z
24631,Web Werks Mumbai 1,Mumbai,IN,4317,1771,55352,2017-05-15T05:46:04Z,2017-05-15T05:46:04Z
24675,Web Werks Mumbai 1,Mumbai,IN,13503,1771,135792,2017-05-20T07:26:26Z,2017-05-20T07:26:26Z
24764,Web Werks Mumbai 1,Mumbai,IN,9669,1771,133315,2017-05-26T13:22:05Z,2017-05-26T13:22:05Z
24797,Web Werks Mumbai 1,Mumbai,IN,10264,1771,134014,2017-05-30T05:30:44Z,2017-05-30T05:30:44Z
25166,Web Werks Mumbai 1,Mumbai,IN,11441,1771,134033,2017-07-01T06:55:00Z,2018-05-07T04:45:00Z
25389,Web Werks Mumbai 1,Mumbai,IN,10623,1771,58969,2017-07-20T06:42:26Z,2017-07-20T06:42:26Z
25476,Web Werks Mumbai 1,Mumbai,IN,14095,1771,135705,2017-07-26T10:51:00Z,2017-07-26T10:51:00Z
25513,Web Werks Mumbai 1,Mumbai,IN,3924,1771,42,2017-07-27T16:16:33Z,2019-07-16T02:38:40Z
25556,Web Werks Mumbai 1,Mumbai,IN,3241,1771,42473,2017-08-01T10:19:59Z,2017-08-01T10:19:59Z
25573,Web Werks Mumbai 1,Mumbai,IN,14152,1771,135844,2017-08-02T20:20:30Z,2017-08-02T20:20:30Z
25666,Web Werks Mumbai 1,Mumbai,IN,6597,1771,135754,2017-08-11T04:25:54Z,2017-08-11T04:25:54Z
25845,Web Werks Mumbai 1,Mumbai,IN,14508,1771,133674,2017-08-24T11:43:04Z,2017-08-24T11:43:04Z
25926,Web Werks Mumbai 1,Mumbai,IN,14591,1771,134257,2017-09-04T09:46:24Z,2017-09-04T09:46:24Z
26194,Web Werks Mumbai 1,Mumbai,IN,11786,1771,133685,2017-09-26T06:24:06Z,2017-09-26T06:24:06Z
26925,Web Werks Mumbai 1,Mumbai,IN,4046,1771,55862,2017-11-15T07:05:15Z,2017-11-15T07:05:15Z
27029,Web Werks Mumbai 1,Mumbai,IN,15249,1771,135257,2017-11-21T09:41:09Z,2017-11-21T09:41:09Z
27103,Web Werks Mumbai 1,Mumbai,IN,15314,1771,134853,2017-11-28T11:14:01Z,2017-11-28T11:14:01Z
27163,Web Werks Mumbai 1,Mumbai,IN,15345,1771,135813,2017-12-01T09:03:39Z,2017-12-01T09:03:39Z
27287,Web Werks Mumbai 1,Mumbai,IN,2536,1771,9583,2017-12-08T09:55:57Z,2017-12-08T09:55:57Z
27359,Web Werks Mumbai 1,Mumbai,IN,12318,1771,135743,2017-12-13T14:02:10Z,2017-12-13T14:02:10Z
27445,Web Werks Mumbai 1,Mumbai,IN,15508,1771,134903,2017-12-20T07:51:39Z,2017-12-20T07:51:39Z
27447,Web Werks Mumbai 1,Mumbai,IN,15535,1771,134256,2017-12-20T08:42:29Z,2017-12-20T08:42:29Z
27522,Web Werks Mumbai 1,Mumbai,IN,15589,1771,134258,2017-12-30T12:18:33Z,2017-12-30T12:18:33Z
27552,Web Werks Mumbai 1,Mumbai,IN,15411,1771,137098,2018-01-04T05:18:37Z,2018-01-04T05:18:37Z
27806,Web Werks Mumbai 1,Mumbai,IN,15693,1771,135256,2018-01-22T09:22:28Z,2018-01-22T09:22:28Z
27940,Web Werks Mumbai 1,Mumbai,IN,15743,1771,134280,2018-01-30T07:40:58Z,2018-01-30T07:40:59Z
27999,Web Werks Mumbai 1,Mumbai,IN,11576,1771,134850,2018-02-01T13:30:52Z,2018-02-01T13:30:53Z
28377,Web Werks Mumbai 1,Mumbai,IN,9843,1771,45582,2018-02-28T08:54:22Z,2018-02-28T08:54:22Z
28446,Web Werks Mumbai 1,Mumbai,IN,6747,1771,40676,2018-03-05T23:37:02Z,2018-03-05T23:37:02Z
28545,Web Werks Mumbai 1,Mumbai,IN,16151,1771,45433,2018-03-15T13:54:12Z,2018-03-15T13:54:12Z
28600,Web Werks Mumbai 1,Mumbai,IN,16184,1771,134874,2018-03-20T09:04:12Z,2018-03-20T09:04:12Z
28669,Web Werks Mumbai 1,Mumbai,IN,9423,1771,17771,2018-03-27T10:14:45Z,2018-03-27T10:14:45Z
28670,Web Werks Mumbai 1,Mumbai,IN,8167,1771,17747,2018-03-27T12:47:55Z,2020-01-27T14:45:06Z
28873,Web Werks Mumbai 1,Mumbai,IN,16355,1771,136665,2018-04-06T05:30:32Z,2020-11-24T13:52:11Z
28975,Web Werks Mumbai 1,Mumbai,IN,16454,1771,17465,2018-04-16T11:17:29Z,2018-04-16T11:17:29Z
29357,Web Werks Mumbai 1,Mumbai,IN,16629,1771,136364,2018-05-04T09:00:48Z,2018-05-04T09:00:48Z
29376,Web Werks Mumbai 1,Mumbai,IN,16628,1771,135267,2018-05-05T08:03:52Z,2018-05-05T08:03:52Z
29377,Web Werks Mumbai 1,Mumbai,IN,16608,1771,134247,2018-05-05T08:11:12Z,2018-05-05T08:11:12Z
29517,Web Werks Mumbai 1,Mumbai,IN,13387,1771,136303,2018-05-12T12:32:28Z,2018-05-12T12:32:28Z
29892,Web Werks Mumbai 1,Mumbai,IN,16990,1771,134028,2018-06-11T08:02:24Z,2018-06-11T08:02:24Z
29992,Web Werks Mumbai 1,Mumbai,IN,14465,1771,133277,2018-06-15T09:26:53Z,2018-06-15T09:26:53Z
30035,Web Werks Mumbai 1,Mumbai,IN,10538,1771,45184,2018-06-20T07:18:20Z,2018-06-20T07:18:20Z
30167,Web Werks Mumbai 1,Mumbai,IN,17152,1771,136353,2018-06-28T10:54:57Z,2018-06-28T10:54:57Z
30199,Web Werks Mumbai 1,Mumbai,IN,17154,1771,137140,2018-06-30T05:35:35Z,2018-06-30T05:35:35Z
30250,Web Werks Mumbai 1,Mumbai,IN,17202,1771,134287,2018-07-06T09:22:17Z,2018-07-06T09:22:17Z
30275,Web Werks Mumbai 1,Mumbai,IN,17242,1771,135139,2018-07-09T20:44:33Z,2018-07-09T20:44:33Z
30340,Web Werks Mumbai 1,Mumbai,IN,17205,1771,134246,2018-07-13T11:32:08Z,2018-07-13T11:32:08Z
30498,Web Werks Mumbai 1,Mumbai,IN,17367,1771,133664,2018-07-27T08:10:43Z,2018-07-27T08:10:43Z
30660,Web Werks Mumbai 1,Mumbai,IN,14590,1771,132961,2018-08-03T10:59:56Z,2018-08-03T10:59:56Z
30935,Web Werks Mumbai 1,Mumbai,IN,17499,1771,10225,2018-08-16T04:48:06Z,2018-08-16T04:48:06Z
31582,Web Werks Mumbai 1,Mumbai,IN,6460,1771,2635,2018-09-28T18:56:12Z,2018-09-28T18:56:12Z
31891,Web Werks Mumbai 1,Mumbai,IN,15769,1771,136699,2018-10-15T09:02:00Z,2018-10-15T09:02:00Z
32144,Web Werks Mumbai 1,Mumbai,IN,18199,1771,137601,2018-11-01T06:58:33Z,2018-11-01T06:58:33Z
32171,Web Werks Mumbai 1,Mumbai,IN,18197,1771,136308,2018-11-02T05:58:16Z,2018-11-02T05:58:16Z
32298,Web Werks Mumbai 1,Mumbai,IN,18275,1771,137658,2018-11-09T12:23:20Z,2018-11-09T12:23:20Z
32432,Web Werks Mumbai 1,Mumbai,IN,4487,1771,45769,2018-11-16T04:34:52Z,2018-11-16T04:34:52Z
32783,Web Werks Mumbai 1,Mumbai,IN,18532,1771,136305,2018-12-11T10:33:02Z,2018-12-11T10:33:02Z
32929,Web Werks Mumbai 1,Mumbai,IN,9343,1771,132116,2018-12-20T09:30:20Z,2018-12-20T09:30:20Z
33283,Web Werks Mumbai 1,Mumbai,IN,18850,1771,137171,2019-01-22T10:59:28Z,2019-01-22T10:59:28Z
34491,Web Werks Mumbai 1,Mumbai,IN,9933,1771,134325,2019-04-02T08:43:50Z,2019-04-02T08:43:50Z
35057,Web Werks Mumbai 1,Mumbai,IN,19132,1771,136639,2019-04-27T09:54:23Z,2019-04-27T09:54:23Z
35320,Web Werks Mumbai 1,Mumbai,IN,19711,1771,134274,2019-05-11T08:38:12Z,2019-05-11T08:38:12Z
35446,Web Werks Mumbai 1,Mumbai,IN,19828,1771,135722,2019-05-17T13:59:19Z,2019-05-17T13:59:19Z
35968,Web Werks Mumbai 1,Mumbai,IN,20042,1771,133234,2019-06-11T10:39:23Z,2019-06-11T10:39:23Z
35991,Web Werks Mumbai 1,Mumbai,IN,20065,1771,138252,2019-06-13T05:26:46Z,2019-06-13T05:26:46Z
36168,Web Werks Mumbai 1,Mumbai,IN,17711,1771,132996,2019-06-27T07:40:31Z,2019-06-27T07:40:31Z
36539,Web Werks Mumbai 1,Mumbai,IN,20418,1771,137154,2019-07-22T11:43:56Z,2019-07-22T11:43:56Z
36601,Web Werks Mumbai 1,Mumbai,IN,20451,1771,132972,2019-07-26T14:11:38Z,2019-07-26T14:11:38Z
36604,Web Werks Mumbai 1,Mumbai,IN,10865,1771,132518,2019-07-26T19:33:57Z,2019-07-26T19:33:57Z
36903,Web Werks Mumbai 1,Mumbai,IN,12967,1771,135244,2019-08-19T10:44:35Z,2019-08-19T10:44:35Z
37811,Web Werks Mumbai 1,Mumbai,IN,21264,1771,138737,2019-10-27T10:24:26Z,2019-10-27T10:24:26Z
38234,Web Werks Mumbai 1,Mumbai,IN,20607,1771,138716,2019-11-21T07:30:33Z,2019-11-21T07:30:33Z
38544,Web Werks Mumbai 1,Mumbai,IN,21609,1771,139535,2019-12-09T07:09:09Z,2019-12-09T07:09:09Z
42492,Web Werks Mumbai 1,Mumbai,IN,4982,1771,58601,2020-07-08T15:57:45Z,2020-07-08T15:57:45Z
42936,Web Werks Mumbai 1,Mumbai,IN,24041,1771,140951,2020-07-24T11:32:54Z,2020-07-24T11:32:54Z
42937,Web Werks Mumbai 1,Mumbai,IN,1046,1771,41095,2020-07-24T11:33:23Z,2020-07-24T11:33:23Z
43052,Web Werks Mumbai 1,Mumbai,IN,18765,1771,137135,2020-07-31T11:59:35Z,2020-07-31T11:59:35Z
43074,Web Werks Mumbai 1,Mumbai,IN,24121,1771,140122,2020-08-01T13:34:15Z,2020-08-01T13:34:15Z
43887,Web Werks Mumbai 1,Mumbai,IN,24620,1771,139514,2020-09-18T06:19:15Z,2020-09-18T06:19:15Z
44189,Web Werks Mumbai 1,Mumbai,IN,24762,1771,139559,2020-10-02T03:19:49Z,2020-10-02T03:19:49Z
44418,Web Werks Mumbai 1,Mumbai,IN,24848,1771,140189,2020-10-12T04:11:05Z,2020-10-12T04:11:06Z
44558,Web Werks Mumbai 1,Mumbai,IN,21718,1771,138717,2020-10-17T16:07:33Z,2020-10-17T16:07:33Z
44568,Web Werks Mumbai 1,Mumbai,IN,24927,1771,139521,2020-10-19T18:48:26Z,2022-09-27T14:24:42Z
44595,Web Werks Mumbai 1,Mumbai,IN,24099,1771,208367,2020-10-20T12:13:26Z,2020-10-20T12:13:26Z
44933,Web Werks Mumbai 1,Mumbai,IN,18630,1771,59200,2020-11-03T16:30:28Z,2020-11-03T16:30:28Z
45770,Web Werks Mumbai 1,Mumbai,IN,25424,1771,138243,2020-12-13T15:54:43Z,2020-12-13T15:54:43Z
46174,Web Werks Mumbai 1,Mumbai,IN,25577,1771,135824,2020-12-31T07:30:34Z,2020-12-31T07:30:34Z
46354,Web Werks Mumbai 1,Mumbai,IN,25631,1771,140191,2021-01-09T06:23:35Z,2021-01-16T07:11:42Z
46653,Web Werks Mumbai 1,Mumbai,IN,25724,1771,140883,2021-01-21T06:00:42Z,2021-01-21T06:00:42Z
47863,Web Werks Mumbai 1,Mumbai,IN,26270,1771,141540,2021-03-16T03:03:56Z,2021-03-16T03:03:56Z
48018,Web Werks Mumbai 1,Mumbai,IN,21313,1771,134863,2021-03-24T15:15:36Z,2021-03-24T15:15:36Z
48019,Web Werks Mumbai 1,Mumbai,IN,26365,1771,141536,2021-03-24T15:17:47Z,2021-03-24T15:17:47Z
49294,Web Werks Mumbai 1,Mumbai,IN,26641,1771,137594,2021-05-30T05:43:43Z,2021-05-30T05:43:43Z
49301,Web Werks Mumbai 1,Mumbai,IN,20345,1771,134933,2021-05-30T08:42:59Z,2021-05-30T08:42:59Z
49488,Web Werks Mumbai 1,Mumbai,IN,17903,1771,133971,2021-06-11T18:18:46Z,2021-06-11T18:18:46Z
49631,Web Werks Mumbai 1,Mumbai,IN,26638,1771,141858,2021-06-21T10:39:39Z,2021-06-21T10:39:39Z
49688,Web Werks Mumbai 1,Mumbai,IN,27287,1771,137681,2021-06-24T12:17:52Z,2021-06-24T12:17:52Z
49930,Web Werks Mumbai 1,Mumbai,IN,27165,1771,140134,2021-07-01T08:55:33Z,2021-07-01T08:55:33Z
50180,Web Werks Mumbai 1,Mumbai,IN,27348,1771,137094,2021-07-13T14:25:37Z,2021-07-13T14:25:37Z
50248,Web Werks Mumbai 1,Mumbai,IN,27471,1771,137127,2021-07-17T10:53:44Z,2021-07-17T10:53:44Z
50269,Web Werks Mumbai 1,Mumbai,IN,14181,1771,135214,2021-07-18T08:54:07Z,2022-05-07T03:47:25Z
50885,Web Werks Mumbai 1,Mumbai,IN,12419,1771,136230,2021-08-26T10:12:04Z,2021-08-26T10:12:04Z
51162,Web Werks Mumbai 1,Mumbai,IN,24828,1771,42201,2021-09-13T17:55:57Z,2021-09-13T17:55:57Z
52744,Web Werks Mumbai 1,Mumbai,IN,16017,1771,135817,2021-12-09T04:59:12Z,2021-12-09T04:59:13Z
52787,Web Werks Mumbai 1,Mumbai,IN,28309,1771,147224,2021-12-12T12:55:58Z,2023-03-27T12:54:14Z
52917,Web Werks Mumbai 1,Mumbai,IN,6531,1771,58682,2021-12-21T16:49:27Z,2021-12-21T16:49:27Z
53264,Web Werks Mumbai 1,Mumbai,IN,29032,1771,8882,2022-01-15T03:49:10Z,2022-01-15T03:49:10Z
54320,Web Werks Mumbai 1,Mumbai,IN,29489,1771,141806,2022-03-17T06:24:33Z,2022-03-17T06:24:33Z
55387,Web Werks Mumbai 1,Mumbai,IN,906,1771,30081,2022-05-20T17:58:19Z,2022-05-20T17:58:19Z
55734,Web Werks Mumbai 1,Mumbai,IN,17266,1771,134249,2022-06-13T10:05:36Z,2022-06-13T10:05:36Z
56657,Web Werks Mumbai 1,Mumbai,IN,30622,1771,141816,2022-08-01T11:55:33Z,2022-08-01T11:55:33Z
56687,Web Werks Mumbai 1,Mumbai,IN,29468,1771,141514,2022-08-02T08:52:27Z,2022-08-02T08:52:27Z
58581,Web Werks Mumbai 1,Mumbai,IN,31466,1771,150021,2022-11-09T18:28:22Z,2022-11-09T18:28:22Z
58859,Web Werks Mumbai 1,Mumbai,IN,31564,1771,150027,2022-11-22T10:31:18Z,2022-11-22T10:31:18Z
59964,Web Werks Mumbai 1,Mumbai,IN,5056,1771,45415,2023-01-25T11:31:19Z,2023-01-25T11:31:19Z
60157,Web Werks Mumbai 1,Mumbai,IN,2159,1771,29802,2023-02-03T22:46:09Z,2023-02-03T22:46:09Z
60666,Web Werks Mumbai 1,Mumbai,IN,5846,1771,45117,2023-03-02T09:57:30Z,2023-03-02T09:57:30Z
60847,Web Werks Mumbai 1,Mumbai,IN,19949,1771,138768,2023-03-11T13:13:27Z,2023-03-11T13:13:27Z
60987,Web Werks Mumbai 1,Mumbai,IN,30952,1771,150090,2023-03-20T05:26:56Z,2023-03-20T05:26:56Z
61040,Web Werks Mumbai 1,Mumbai,IN,32583,1771,150639,2023-03-23T05:21:17Z,2023-03-23T05:21:17Z
61356,Web Werks Mumbai 1,Mumbai,IN,25927,1771,138283,2023-04-04T05:53:54Z,2023-04-04T05:53:54Z
61592,Web Werks Mumbai 1,Mumbai,IN,26500,1771,137645,2023-04-14T23:08:35Z,2023-04-14T23:08:35Z
61773,Web Werks Mumbai 1,Mumbai,IN,24126,1771,49121,2023-04-22T09:00:16Z,2023-04-22T09:00:16Z
62282,Web Werks Mumbai 1,Mumbai,IN,32976,1771,141254,2023-05-17T05:47:55Z,2023-05-17T05:47:55Z
62613,Web Werks Mumbai 1,Mumbai,IN,26313,1771,138726,2023-05-31T21:31:17Z,2023-05-31T21:31:17Z
63574,Web Werks Mumbai 1,Mumbai,IN,33540,1771,151175,2023-07-06T06:47:18Z,2023-07-06T06:47:18Z
63921,Web Werks Mumbai 1,Mumbai,IN,21495,1771,132335,2023-07-21T06:46:22Z,2023-07-21T06:46:22Z
64276,Web Werks Mumbai 1,Mumbai,IN,5155,1771,18978,2023-08-09T12:11:21Z,2023-08-09T12:11:21Z
65689,Web Werks Mumbai 1,Mumbai,IN,22112,1771,137150,2023-10-14T07:23:10Z,2023-10-14T07:23:10Z
65909,Web Werks Mumbai 1,Mumbai,IN,34428,1771,151764,2023-10-25T14:49:34Z,2023-10-25T14:49:34Z
66133,Web Werks Mumbai 1,Mumbai,IN,15294,1771,136636,2023-11-04T09:36:40Z,2023-11-04T09:36:40Z
66609,Web Werks Mumbai 1,Mumbai,IN,34720,1771,150636,2023-11-29T06:01:34Z,2023-11-29T06:01:34Z
67191,Web Werks Mumbai 1,Mumbai,IN,34978,1771,150011,2024-01-01T06:42:57Z,2024-01-01T06:42:57Z
67460,Web Werks Mumbai 1,Mumbai,IN,24658,1771,140133,2024-01-14T09:46:36Z,2024-01-14T09:46:36Z
68139,Web Werks Mumbai 1,Mumbai,IN,28154,1771,139543,2024-02-12T12:07:03Z,2024-02-12T12:07:03Z
68249,Web Werks Mumbai 1,Mumbai,IN,32378,1771,150593,2024-02-15T09:42:07Z,2024-02-15T09:42:08Z
68543,Web Werks Mumbai 1,Mumbai,IN,16271,1771,136956,2024-02-23T08:03:42Z,2024-02-23T08:03:42Z
68642,Web Werks Mumbai 1,Mumbai,IN,29949,1771,135774,2024-02-27T17:30:12Z,2024-02-27T17:30:12Z
69058,Web Werks Mumbai 1,Mumbai,IN,27920,1771,47583,2024-03-14T08:44:20Z,2024-03-14T08:44:20Z
69151,Web Werks Mumbai 1,Mumbai,IN,25786,1771,141280,2024-03-17T16:22:29Z,2024-03-17T16:22:29Z
69465,Web Werks Mumbai 1,Mumbai,IN,23126,1771,135206,2024-04-02T07:56:29Z,2024-04-02T07:56:29Z
69764,Web Werks Mumbai 1,Mumbai,IN,35867,1771,152565,2024-04-12T06:10:39Z,2024-04-12T06:10:39Z
69884,Web Werks Mumbai 1,Mumbai,IN,35910,1771,151734,2024-04-16T06:57:50Z,2024-04-16T06:57:50Z
71169,Web Werks Mumbai 1,Mumbai,IN,13001,1771,136334,2024-06-12T14:00:35Z,2024-06-12T14:00:36Z
71521,Web Werks Mumbai 1,Mumbai,IN,29618,1771,141523,2024-06-27T12:20:32Z,2024-08-10T06:22:58Z
72121,Web Werks Mumbai 1,Mumbai,IN,36846,1771,131262,2024-07-23T14:06:09Z,2024-07-23T14:06:09Z
72529,Web Werks Mumbai 1,Mumbai,IN,29627,1771,149551,2024-08-08T09:28:26Z,2024-08-08T09:28:26Z
72838,Web Werks Mumbai 1,Mumbai,IN,9598,1771,203391,2024-08-20T11:04:43Z,2024-08-20T11:04:44Z
75259,Web Werks Mumbai 1,Mumbai,IN,34948,1771,44331,2024-12-01T20:24:47Z,2024-12-01T20:24:47Z
75730,Web Werks Mumbai 1,Mumbai,IN,25864,1771,135775,2024-12-24T06:42:03Z,2024-12-24T06:42:03Z
77300,Web Werks Mumbai 1,Mumbai,IN,14155,1771,133647,2025-03-09T13:35:40Z,2025-03-09T13:35:40Z
79163,Web Werks Mumbai 1,Mumbai,IN,32143,1771,208962,2025-05-28T18:18:22Z,2025-05-28T18:18:23Z
83742,Web Werks Mumbai 1,Mumbai,IN,30660,1771,135726,2025-11-15T07:33:48Z,2025-11-15T07:33:48Z
84811,Web Werks Mumbai 1,Mumbai,IN,35726,1771,215228,2026-01-07T15:54:59Z,2026-01-07T15:54:59Z
85018,Web Werks Mumbai 1,Mumbai,IN,12594,1771,135530,2026-01-15T10:56:39Z,2026-01-15T10:56:39Z
86434,Web Werks Mumbai 1,Mumbai,IN,28195,1771,146908,2026-03-09T14:16:55Z,2026-03-09T14:16:55Z
88771,Web Werks Mumbai 1,Mumbai,IN,15930,1771,136625,2026-06-25T08:47:50Z,2026-06-25T08:47:51Z
13761,Web Werks Pune 1,Pune,IN,6188,1772,33480,2014-03-28T00:00:00Z,2016-03-14T21:00:23Z
23791,Web Werks Pune 1,Pune,IN,12748,1772,133232,2017-03-08T10:57:41Z,2017-03-08T10:57:41Z
27291,Web Werks Pune 1,Pune,IN,2536,1772,9583,2017-12-08T09:56:22Z,2017-12-08T09:56:22Z
58860,Web Werks Pune 1,Pune,IN,31564,1772,150027,2022-11-22T10:31:40Z,2022-11-22T10:31:40Z
63923,Web Werks Pune 1,Pune,IN,21495,1772,132335,2023-07-21T06:46:38Z,2023-07-21T06:46:38Z
69152,Web Werks Pune 1,Pune,IN,25786,1772,141280,2024-03-17T16:22:40Z,2024-03-17T16:22:41Z
70584,Web Werks Pune 1,Pune,IN,32378,1772,150593,2024-05-14T11:32:14Z,2024-05-14T11:32:15Z
77469,Web Werks Pune 1,Pune,IN,34948,1772,44331,2025-03-14T00:33:52Z,2025-03-14T00:33:52Z
14865,7 STAR Dot Com Pvt. Ltd,Mumbai,IN,7113,1886,18196,2014-08-20T00:00:00Z,2016-03-14T21:07:55Z
15169,7 STAR Dot Com Pvt. Ltd,Mumbai,IN,7296,1886,133702,2014-10-06T00:00:00Z,2016-03-14T20:51:07Z
15451,TATA Communications GK1,New Delhi,IN,694,1982,8075,2014-11-04T00:00:00Z,2016-03-14T21:28:31Z
19041,TATA Communications GK1,New Delhi,IN,9343,1982,132116,2016-01-09T00:00:00Z,2017-10-30T11:08:12Z
20490,TATA Communications GK1,New Delhi,IN,8577,1982,133982,2016-05-28T10:42:26Z,2016-05-28T10:42:26Z
21349,TATA Communications GK1,New Delhi,IN,9054,1982,17426,2016-08-20T06:35:11Z,2016-08-20T06:35:11Z
23525,TATA Communications GK1,New Delhi,IN,11260,1982,58965,2017-02-17T05:21:01Z,2017-02-17T05:21:01Z
23816,TATA Communications GK1,New Delhi,IN,10936,1982,55429,2017-03-09T19:53:50Z,2019-06-11T07:01:10Z
24779,TATA Communications GK1,New Delhi,IN,9310,1982,134026,2017-05-27T05:08:15Z,2017-05-27T05:08:15Z
25816,TATA Communications GK1,New Delhi,IN,6758,1982,64049,2017-08-21T11:09:33Z,2017-08-21T11:09:33Z
27272,TATA Communications GK1,New Delhi,IN,12930,1982,45235,2017-12-08T03:43:41Z,2023-04-20T05:24:53Z
27405,TATA Communications GK1,New Delhi,IN,10976,1982,132115,2017-12-18T12:10:32Z,2017-12-18T12:10:32Z
27575,TATA Communications GK1,New Delhi,IN,12698,1982,134858,2018-01-06T13:40:35Z,2020-09-03T19:26:37Z
29627,TATA Communications GK1,New Delhi,IN,10361,1982,4755,2018-05-22T13:24:18Z,2018-05-22T13:24:18Z
30700,TATA Communications GK1,New Delhi,IN,13090,1982,135772,2018-08-06T12:01:56Z,2018-08-06T12:01:56Z
30912,TATA Communications GK1,New Delhi,IN,12550,1982,38571,2018-08-14T05:15:30Z,2018-08-14T05:15:30Z
33926,TATA Communications GK1,New Delhi,IN,3684,1982,18209,2019-03-01T07:46:39Z,2019-03-01T07:46:39Z
35709,TATA Communications GK1,New Delhi,IN,19949,1982,138768,2019-05-31T09:37:15Z,2023-01-26T09:12:53Z
37026,TATA Communications GK1,New Delhi,IN,10496,1982,132934,2019-08-29T18:07:12Z,2020-08-08T14:11:43Z
38170,TATA Communications GK1,New Delhi,IN,2,1982,20940,2019-11-19T03:17:24Z,2019-11-19T03:17:24Z
40932,TATA Communications GK1,New Delhi,IN,16389,1982,137095,2020-04-26T19:10:11Z,2020-11-04T18:05:49Z
41202,TATA Communications GK1,New Delhi,IN,433,1982,15169,2020-05-11T19:26:43Z,2020-05-11T19:26:43Z
41462,TATA Communications GK1,New Delhi,IN,457,1982,2906,2020-05-21T11:34:56Z,2020-05-21T11:34:56Z
43091,TATA Communications GK1,New Delhi,IN,14914,1982,136724,2020-08-03T12:52:41Z,2020-08-03T12:52:41Z
43646,TATA Communications GK1,New Delhi,IN,16764,1982,137085,2020-09-04T17:50:53Z,2020-09-04T17:50:53Z
45711,TATA Communications GK1,New Delhi,IN,12647,1982,55410,2020-12-10T06:01:08Z,2020-12-10T06:01:08Z
46983,TATA Communications GK1,New Delhi,IN,25805,1982,141539,2021-01-30T03:25:50Z,2026-03-17T13:24:12Z
47179,TATA Communications GK1,New Delhi,IN,25106,1982,135258,2021-02-10T09:12:40Z,2021-02-10T09:12:41Z
47528,TATA Communications GK1,New Delhi,IN,16870,1982,135232,2021-02-26T15:38:50Z,2021-02-26T15:38:50Z
47663,TATA Communications GK1,New Delhi,IN,13860,1982,136338,2021-03-06T05:46:23Z,2021-03-06T05:46:23Z
47988,TATA Communications GK1,New Delhi,IN,26339,1982,140132,2021-03-23T09:43:22Z,2021-04-29T23:10:39Z
48586,TATA Communications GK1,New Delhi,IN,12665,1982,133989,2021-04-24T08:03:42Z,2021-04-24T08:03:42Z
48694,TATA Communications GK1,New Delhi,IN,17888,1982,136377,2021-04-30T19:29:28Z,2021-04-30T19:29:28Z
51731,TATA Communications GK1,New Delhi,IN,14387,1982,45820,2021-10-20T12:01:51Z,2021-10-20T12:01:52Z
52517,TATA Communications GK1,New Delhi,IN,15844,1982,9829,2021-11-26T06:50:50Z,2021-11-26T06:50:50Z
52673,TATA Communications GK1,New Delhi,IN,16634,1982,134337,2021-12-03T16:44:05Z,2021-12-03T16:44:05Z
53282,TATA Communications GK1,New Delhi,IN,10787,1982,58762,2022-01-16T07:35:42Z,2022-01-16T07:35:42Z
53810,TATA Communications GK1,New Delhi,IN,18930,1982,138257,2022-02-14T09:56:38Z,2022-02-14T09:56:38Z
56128,TATA Communications GK1,New Delhi,IN,10550,1982,135212,2022-07-01T12:10:36Z,2022-07-01T12:10:36Z
56519,TATA Communications GK1,New Delhi,IN,5167,1982,17665,2022-07-25T05:24:33Z,2022-07-25T05:24:33Z
57183,TATA Communications GK1,New Delhi,IN,30784,1982,58778,2022-08-23T10:05:34Z,2022-08-23T10:05:34Z
57384,TATA Communications GK1,New Delhi,IN,27154,1982,50839,2022-09-02T13:39:26Z,2022-09-02T13:39:26Z
58524,TATA Communications GK1,New Delhi,IN,30960,1982,150178,2022-11-06T12:40:23Z,2022-11-06T12:40:23Z
59766,TATA Communications GK1,New Delhi,IN,27639,1982,135259,2023-01-15T16:57:12Z,2023-01-15T16:57:12Z
59795,TATA Communications GK1,New Delhi,IN,11729,1982,133275,2023-01-17T12:11:48Z,2023-01-17T12:11:49Z
61377,TATA Communications GK1,New Delhi,IN,10151,1982,18002,2023-04-05T03:39:04Z,2023-04-05T03:39:04Z
62996,TATA Communications GK1,New Delhi,IN,15930,1982,136625,2023-06-19T22:10:47Z,2023-06-19T22:10:47Z
63343,TATA Communications GK1,New Delhi,IN,4837,1982,18229,2023-06-26T10:47:28Z,2023-06-26T10:47:28Z
63442,TATA Communications GK1,New Delhi,IN,15743,1982,134280,2023-06-29T13:43:35Z,2023-06-29T13:43:36Z
64516,TATA Communications GK1,New Delhi,IN,11961,1982,134259,2023-08-25T08:58:04Z,2023-08-25T08:58:04Z
66211,TATA Communications GK1,New Delhi,IN,2328,1982,17806,2023-11-09T04:58:50Z,2023-11-09T04:58:50Z
68134,TATA Communications GK1,New Delhi,IN,18480,1982,7494,2024-02-12T07:47:27Z,2024-02-12T07:47:27Z
68223,TATA Communications GK1,New Delhi,IN,19838,1982,132884,2024-02-14T05:14:44Z,2024-02-14T05:14:45Z
69249,TATA Communications GK1,New Delhi,IN,28306,1982,59191,2024-03-20T13:42:04Z,2024-03-20T13:42:05Z
72826,TATA Communications GK1,New Delhi,IN,16179,1982,135761,2024-08-20T05:22:53Z,2024-08-20T05:22:54Z
77616,TATA Communications GK1,New Delhi,IN,29240,1982,136362,2025-03-20T18:41:36Z,2025-03-20T18:41:36Z
79047,TATA Communications GK1,New Delhi,IN,1595,1982,10075,2025-05-25T08:01:50Z,2025-05-25T08:01:52Z
79202,TATA Communications GK1,New Delhi,IN,39338,1982,150596,2025-05-29T12:12:55Z,2025-05-29T12:12:55Z
84464,TATA Communications GK1,New Delhi,IN,40852,1982,154360,2025-12-16T20:10:05Z,2025-12-16T20:10:05Z
87899,TATA Communications GK1,New Delhi,IN,40010,1982,153756,2026-05-12T11:25:01Z,2026-05-12T11:25:01Z
89057,TATA Communications GK1,New Delhi,IN,26978,1982,139009,2026-07-08T12:00:36Z,2026-07-08T12:00:36Z
89278,TATA Communications GK1,New Delhi,IN,24602,1982,136306,2026-07-18T16:26:51Z,2026-07-18T16:26:51Z
89282,TATA Communications GK1,New Delhi,IN,15643,1982,136645,2026-07-18T16:34:20Z,2026-07-18T16:34:20Z
89369,TATA Communications GK1,New Delhi,IN,42352,1982,154466,2026-07-23T09:23:39Z,2026-07-23T09:23:39Z
89578,TATA Communications GK1,New Delhi,IN,42937,1982,138748,2026-07-30T12:56:31Z,2026-07-30T12:56:31Z
23233,Netmagic Vikhroli,Mumbai,IN,3514,2003,10029,2017-01-25T09:25:27Z,2020-09-10T04:47:27Z
23786,Netmagic Vikhroli,Mumbai,IN,12748,2003,133232,2017-03-08T10:55:10Z,2018-02-17T12:16:50Z
24306,Netmagic Vikhroli,Mumbai,IN,9669,2003,133315,2017-04-19T16:14:22Z,2018-06-07T11:59:22Z
24386,Netmagic Vikhroli,Mumbai,IN,11082,2003,134022,2017-04-26T05:46:49Z,2024-07-06T06:40:00Z
24550,Netmagic Vikhroli,Mumbai,IN,2536,2003,9583,2017-05-08T09:41:14Z,2020-09-02T13:09:42Z
24796,Netmagic Vikhroli,Mumbai,IN,10264,2003,134014,2017-05-30T05:30:20Z,2019-07-12T18:23:22Z
25924,Netmagic Vikhroli,Mumbai,IN,7682,2003,45335,2017-09-04T07:52:59Z,2017-09-04T07:52:59Z
26874,Netmagic Vikhroli,Mumbai,IN,6758,2003,64049,2017-11-10T11:30:47Z,2017-11-10T11:30:47Z
28048,Netmagic Vikhroli,Mumbai,IN,14508,2003,133674,2018-02-05T17:06:24Z,2018-02-05T17:06:24Z
29508,Netmagic Vikhroli,Mumbai,IN,12235,2003,134916,2018-05-11T10:57:57Z,2018-05-11T10:57:57Z
29579,Netmagic Vikhroli,Mumbai,IN,7135,2003,132051,2018-05-18T11:54:10Z,2018-05-18T11:54:10Z
29754,Netmagic Vikhroli,Mumbai,IN,12932,2003,23682,2018-05-30T05:53:23Z,2018-05-30T05:53:23Z
29969,Netmagic Vikhroli,Mumbai,IN,16017,2003,135817,2018-06-14T07:15:15Z,2018-06-14T07:15:15Z
30170,Netmagic Vikhroli,Mumbai,IN,16957,2003,137617,2018-06-28T13:25:43Z,2018-06-28T13:25:43Z
31074,Netmagic Vikhroli,Mumbai,IN,17071,2003,137922,2018-08-27T03:24:16Z,2018-08-27T03:24:16Z
34251,Netmagic Vikhroli,Mumbai,IN,17242,2003,135139,2019-03-16T14:43:31Z,2019-03-16T14:43:31Z
41495,Netmagic Vikhroli,Mumbai,IN,14316,2003,134937,2020-05-24T16:30:09Z,2020-05-24T16:30:09Z
47368,Netmagic Vikhroli,Mumbai,IN,15093,2003,43009,2021-02-18T11:56:23Z,2021-02-18T11:56:23Z
56001,Netmagic Vikhroli,Mumbai,IN,6477,2003,11179,2022-06-26T07:31:20Z,2022-06-26T07:31:20Z
58858,Netmagic Vikhroli,Mumbai,IN,31564,2003,150027,2022-11-22T10:30:49Z,2022-11-22T10:30:49Z
61184,Netmagic Vikhroli,Mumbai,IN,4046,2003,55862,2023-03-28T07:44:08Z,2023-03-28T07:44:08Z
15552,Bharti Airtel Santhome,Chennai,IN,433,2006,15169,2014-11-18T00:00:00Z,2016-03-14T21:34:53Z
15702,Bharti Airtel Santhome,Chennai,IN,6318,2006,131222,2014-12-06T00:00:00Z,2016-03-14T21:56:48Z
15729,Bharti Airtel Santhome,Chennai,IN,694,2006,8075,2014-12-10T00:00:00Z,2016-03-14T20:31:46Z
16755,Bharti Airtel Santhome,Chennai,IN,4932,2006,58587,2015-04-06T00:00:00Z,2016-03-14T21:12:47Z
17491,Bharti Airtel Santhome,Chennai,IN,1903,2006,9498,2015-07-03T00:00:00Z,2020-01-22T04:21:58Z
20690,Bharti Airtel Santhome,Chennai,IN,9423,2006,17771,2016-06-09T18:12:14Z,2016-06-09T18:12:14Z
21737,Bharti Airtel Santhome,Chennai,IN,10374,2006,135247,2016-09-21T09:51:08Z,2016-09-21T09:51:08Z
21925,Bharti Airtel Santhome,Chennai,IN,11391,2006,133309,2016-10-02T16:50:14Z,2016-10-02T16:50:14Z
22088,Bharti Airtel Santhome,Chennai,IN,11463,2006,45284,2016-10-18T07:12:43Z,2016-10-18T07:25:02Z
23817,Bharti Airtel Santhome,Chennai,IN,10936,2006,55429,2017-03-09T19:54:11Z,2017-03-09T19:54:11Z
24073,Bharti Airtel Santhome,Chennai,IN,10964,2006,58717,2017-03-30T06:53:15Z,2017-03-30T06:53:15Z
24686,Bharti Airtel Santhome,Chennai,IN,10060,2006,58668,2017-05-22T05:34:58Z,2017-05-22T05:34:58Z
24699,Bharti Airtel Santhome,Chennai,IN,2536,2006,9583,2017-05-23T06:06:38Z,2017-05-23T06:06:38Z
25165,Bharti Airtel Santhome,Chennai,IN,11441,2006,134033,2017-07-01T06:52:53Z,2018-05-07T04:44:42Z
25329,Bharti Airtel Santhome,Chennai,IN,6861,2006,45648,2017-07-13T19:09:26Z,2017-07-13T19:09:26Z
25886,Bharti Airtel Santhome,Chennai,IN,14103,2006,24186,2017-08-30T06:24:28Z,2017-08-30T06:24:28Z
26243,Bharti Airtel Santhome,Chennai,IN,6531,2006,58682,2017-09-28T11:36:41Z,2017-09-28T11:36:41Z
29752,Bharti Airtel Santhome,Chennai,IN,979,2006,32934,2018-05-30T03:49:00Z,2018-05-30T03:49:00Z
30274,Bharti Airtel Santhome,Chennai,IN,17242,2006,135139,2018-07-09T20:43:57Z,2018-07-09T20:43:57Z
30284,Bharti Airtel Santhome,Chennai,IN,10415,2006,134877,2018-07-11T07:34:58Z,2018-07-11T07:34:58Z
32951,Bharti Airtel Santhome,Chennai,IN,14909,2006,136716,2018-12-21T08:53:40Z,2021-05-17T18:07:57Z
33927,Bharti Airtel Santhome,Chennai,IN,3684,2006,18209,2019-03-01T07:48:24Z,2019-03-01T07:48:24Z
33928,Bharti Airtel Santhome,Chennai,IN,8366,2006,24309,2019-03-01T07:49:46Z,2019-03-01T07:49:46Z
34154,Bharti Airtel Santhome,Chennai,IN,1595,2006,10075,2019-03-12T07:58:49Z,2019-03-12T07:58:49Z
37909,Bharti Airtel Santhome,Chennai,IN,4982,2006,58601,2019-11-03T06:22:36Z,2019-11-03T06:22:36Z
38169,Bharti Airtel Santhome,Chennai,IN,2,2006,20940,2019-11-19T03:16:17Z,2019-11-19T03:16:17Z
38513,Bharti Airtel Santhome,Chennai,IN,20994,2006,20189,2019-12-06T02:35:48Z,2019-12-06T02:35:48Z
38884,Bharti Airtel Santhome,Chennai,IN,21900,2006,136706,2019-12-28T09:11:40Z,2019-12-28T09:13:06Z
38887,Bharti Airtel Santhome,Chennai,IN,21894,2006,138746,2019-12-28T20:07:43Z,2019-12-28T20:07:43Z
39130,Bharti Airtel Santhome,Chennai,IN,7990,2006,132931,2020-01-17T12:25:33Z,2020-01-17T12:25:33Z
40033,Bharti Airtel Santhome,Chennai,IN,15470,2006,131269,2020-03-09T17:19:17Z,2020-03-09T17:19:17Z
40070,Bharti Airtel Santhome,Chennai,IN,1418,2006,16509,2020-03-12T09:41:50Z,2020-03-12T09:41:50Z
40525,Bharti Airtel Santhome,Chennai,IN,5666,2006,58715,2020-04-05T16:53:18Z,2020-04-05T16:53:18Z
40657,Bharti Airtel Santhome,Chennai,IN,9005,2006,134326,2020-04-10T06:23:21Z,2020-04-10T06:23:21Z
42093,Bharti Airtel Santhome,Chennai,IN,22373,2006,138754,2020-06-19T11:23:53Z,2020-11-09T07:05:53Z
42414,Bharti Airtel Santhome,Chennai,IN,15367,2006,135845,2020-07-03T19:00:38Z,2020-07-03T19:00:38Z
42425,Bharti Airtel Santhome,Chennai,IN,23821,2006,133000,2020-07-04T14:45:26Z,2020-07-04T17:09:14Z
43229,Bharti Airtel Santhome,Chennai,IN,17022,2006,58898,2020-08-13T02:55:48Z,2020-08-13T02:55:48Z
43998,Bharti Airtel Santhome,Chennai,IN,10623,2006,58969,2020-09-27T17:13:00Z,2020-09-27T17:13:00Z
44198,Bharti Airtel Santhome,Chennai,IN,7639,2006,17754,2020-10-03T20:16:43Z,2020-10-03T20:16:43Z
44926,Bharti Airtel Santhome,Chennai,IN,3241,2006,42473,2020-11-03T12:05:52Z,2020-11-03T12:05:52Z
44930,Bharti Airtel Santhome,Chennai,IN,20756,2006,24470,2020-11-03T15:49:59Z,2020-11-03T15:49:59Z
45712,Bharti Airtel Santhome,Chennai,IN,12647,2006,55410,2020-12-10T06:01:19Z,2020-12-10T06:01:19Z
49040,Bharti Airtel Santhome,Chennai,IN,17645,2006,136708,2021-05-17T08:39:18Z,2021-05-17T08:39:18Z
49145,Bharti Airtel Santhome,Chennai,IN,10525,2006,132960,2021-05-24T03:40:27Z,2021-05-24T03:40:27Z
50101,Bharti Airtel Santhome,Chennai,IN,13903,2006,42388,2021-07-07T15:42:20Z,2021-07-07T15:42:20Z
51825,Bharti Airtel Santhome,Chennai,IN,28306,2006,59191,2021-10-24T14:48:27Z,2021-10-24T14:48:27Z
52516,Bharti Airtel Santhome,Chennai,IN,15844,2006,9829,2021-11-26T06:50:18Z,2021-11-26T06:50:18Z
52894,Bharti Airtel Santhome,Chennai,IN,26655,2006,141266,2021-12-19T13:25:10Z,2021-12-19T13:25:10Z
54410,Bharti Airtel Santhome,Chennai,IN,3876,2006,55644,2022-03-22T12:40:24Z,2022-03-22T12:40:24Z
56256,Bharti Airtel Santhome,Chennai,IN,16248,2006,132556,2022-07-09T08:50:21Z,2022-07-09T08:50:21Z
56315,Bharti Airtel Santhome,Chennai,IN,30437,2006,147214,2022-07-12T13:02:00Z,2022-07-12T13:02:00Z
56630,Bharti Airtel Santhome,Chennai,IN,30613,2006,149781,2022-07-30T17:00:56Z,2022-07-30T17:00:56Z
56927,Bharti Airtel Santhome,Chennai,IN,12419,2006,136230,2022-08-10T12:26:44Z,2022-08-10T12:26:44Z
57180,Bharti Airtel Santhome,Chennai,IN,30784,2006,58778,2022-08-23T10:04:12Z,2022-08-23T10:04:12Z
59223,Bharti Airtel Santhome,Chennai,IN,25162,2006,137000,2022-12-15T02:16:22Z,2022-12-15T02:16:22Z
59326,Bharti Airtel Santhome,Chennai,IN,31822,2006,134260,2022-12-20T19:30:57Z,2022-12-20T19:30:57Z
59609,Bharti Airtel Santhome,Chennai,IN,22064,2006,139490,2023-01-07T07:11:33Z,2023-01-07T07:11:33Z
59990,Bharti Airtel Santhome,Chennai,IN,13897,2006,17494,2023-01-26T07:04:49Z,2023-01-26T07:04:49Z
60242,Bharti Airtel Santhome,Chennai,IN,29071,2006,142439,2023-02-09T05:26:03Z,2023-02-09T05:26:03Z
60668,Bharti Airtel Santhome,Chennai,IN,5846,2006,45117,2023-03-02T10:04:30Z,2023-03-02T10:04:30Z
61159,Bharti Airtel Santhome,Chennai,IN,12407,2006,134032,2023-03-27T07:34:56Z,2023-03-27T07:34:56Z
63341,Bharti Airtel Santhome,Chennai,IN,4837,2006,18229,2023-06-26T10:46:42Z,2023-06-26T10:46:42Z
66208,Bharti Airtel Santhome,Chennai,IN,2328,2006,17806,2023-11-09T04:58:11Z,2023-11-09T04:58:11Z
66745,Bharti Airtel Santhome,Chennai,IN,12666,2006,132757,2023-12-05T20:05:47Z,2023-12-05T20:05:47Z
67387,Bharti Airtel Santhome,Chennai,IN,28520,2006,139901,2024-01-10T12:09:48Z,2024-01-10T12:09:48Z
68030,Bharti Airtel Santhome,Chennai,IN,4549,2006,36236,2024-02-07T21:54:32Z,2024-02-07T21:54:32Z
68118,Bharti Airtel Santhome,Chennai,IN,35196,2006,151719,2024-02-11T16:18:46Z,2024-02-11T16:18:46Z
68225,Bharti Airtel Santhome,Chennai,IN,19838,2006,132884,2024-02-14T05:15:13Z,2024-02-14T05:15:13Z
68751,Bharti Airtel Santhome,Chennai,IN,31557,2006,150007,2024-03-01T08:21:45Z,2024-03-01T08:21:46Z
70135,Bharti Airtel Santhome,Chennai,IN,17703,2006,135843,2024-04-25T10:20:16Z,2024-04-25T10:20:16Z
72391,Bharti Airtel Santhome,Chennai,IN,29746,2006,149612,2024-08-02T12:06:32Z,2024-08-02T12:06:32Z
73435,Bharti Airtel Santhome,Chennai,IN,3967,2006,24029,2024-09-10T10:25:40Z,2024-09-10T10:25:41Z
73580,Bharti Airtel Santhome,Chennai,IN,25999,2006,134911,2024-09-18T14:31:35Z,2024-09-18T14:31:35Z
74856,Bharti Airtel Santhome,Chennai,IN,28299,2006,139484,2024-11-14T07:54:44Z,2024-11-14T07:54:44Z
79019,Bharti Airtel Santhome,Chennai,IN,28588,2006,147277,2025-05-23T10:48:10Z,2025-05-23T10:48:10Z
79318,Bharti Airtel Santhome,Chennai,IN,16764,2006,137085,2025-06-04T07:00:26Z,2025-06-04T07:00:26Z
80876,Bharti Airtel Santhome,Chennai,IN,16271,2006,136956,2025-07-31T18:28:52Z,2025-07-31T18:28:53Z
82253,Bharti Airtel Santhome,Chennai,IN,34464,2006,151099,2025-10-04T16:37:23Z,2025-10-04T16:37:23Z
82744,Bharti Airtel Santhome,Chennai,IN,24640,2006,135188,2025-10-22T09:51:52Z,2025-10-22T09:51:52Z
84278,Bharti Airtel Santhome,Chennai,IN,37657,2006,135650,2025-12-09T11:50:18Z,2025-12-09T11:50:19Z
86772,Bharti Airtel Santhome,Chennai,IN,26978,2006,139009,2026-03-25T14:14:48Z,2026-03-25T14:14:49Z
88032,Bharti Airtel Santhome,Chennai,IN,25219,2006,141253,2026-05-21T06:06:52Z,2026-05-21T06:06:52Z
88288,Bharti Airtel Santhome,Chennai,IN,38933,2006,136418,2026-06-03T13:55:56Z,2026-06-03T13:55:56Z
88624,Bharti Airtel Santhome,Chennai,IN,32220,2006,150748,2026-06-20T13:56:04Z,2026-06-20T13:56:04Z
88661,Bharti Airtel Santhome,Chennai,IN,18747,2006,14593,2026-06-22T18:18:13Z,2026-06-22T18:18:13Z
88730,Bharti Airtel Santhome,Chennai,IN,22100,2006,137491,2026-06-24T11:05:03Z,2026-06-24T11:05:03Z
88754,Bharti Airtel Santhome,Chennai,IN,15930,2006,136625,2026-06-25T08:42:46Z,2026-06-25T08:42:46Z
90212,Bharti Airtel Santhome,Chennai,IN,27330,2006,49915,2026-08-26T01:08:10Z,2026-08-26T01:08:10Z
16034,Bharti Airtel Mumbai,Mumbai,IN,7704,2046,37133,2015-01-14T00:00:00Z,2016-03-14T21:07:37Z
16752,Bharti Airtel Mumbai,Mumbai,IN,4932,2046,58587,2015-04-06T00:00:00Z,2018-07-30T10:24:48Z
17403,Bharti Airtel Mumbai,Mumbai,IN,1903,2046,9498,2015-06-19T00:00:00Z,2020-01-22T04:21:58Z
19094,Bharti Airtel Mumbai,Mumbai,IN,9379,2046,17445,2016-01-13T00:00:00Z,2016-03-14T20:40:30Z
20825,Bharti Airtel Mumbai,Mumbai,IN,10512,2046,58405,2016-06-27T08:06:38Z,2016-06-27T08:06:38Z
22285,Bharti Airtel Mumbai,Mumbai,IN,11643,2046,132563,2016-10-31T05:12:10Z,2016-10-31T05:12:10Z
23150,Bharti Airtel Mumbai,Mumbai,IN,10264,2046,134014,2017-01-19T06:48:07Z,2017-01-19T06:48:07Z
24076,Bharti Airtel Mumbai,Mumbai,IN,11312,2046,45194,2017-03-30T08:50:04Z,2017-03-30T08:50:04Z
24705,Bharti Airtel Mumbai,Mumbai,IN,2536,2046,9583,2017-05-23T06:17:04Z,2017-05-23T06:17:05Z
24763,Bharti Airtel Mumbai,Mumbai,IN,9669,2046,133315,2017-05-26T13:17:26Z,2017-05-26T13:17:26Z
26496,Bharti Airtel Mumbai,Mumbai,IN,11526,2046,135207,2017-10-14T05:45:22Z,2017-10-14T05:45:23Z
26999,Bharti Airtel Mumbai,Mumbai,IN,13613,2046,132296,2017-11-20T03:20:51Z,2017-11-20T03:20:51Z
28216,Bharti Airtel Mumbai,Mumbai,IN,10711,2046,132768,2018-02-19T11:32:13Z,2018-02-19T11:32:13Z
30872,Bharti Airtel Mumbai,Mumbai,IN,10151,2046,18002,2018-08-11T04:57:44Z,2018-08-11T04:57:44Z
31726,Bharti Airtel Mumbai,Mumbai,IN,4338,2046,58453,2018-10-09T07:50:46Z,2018-10-09T07:50:46Z
34153,Bharti Airtel Mumbai,Mumbai,IN,1595,2046,10075,2019-03-12T07:58:28Z,2019-03-12T07:58:28Z
35279,Bharti Airtel Mumbai,Mumbai,IN,10118,2046,133590,2019-05-10T08:11:25Z,2019-05-10T08:11:25Z
40588,Bharti Airtel Mumbai,Mumbai,IN,22784,2046,137149,2020-04-07T18:19:52Z,2020-04-07T18:23:15Z
41187,Bharti Airtel Mumbai,Mumbai,IN,23202,2046,138790,2020-05-11T04:51:16Z,2020-05-11T04:51:16Z
43552,Bharti Airtel Mumbai,Mumbai,IN,3720,2046,55915,2020-09-01T04:55:41Z,2020-09-01T04:55:41Z
45969,Bharti Airtel Mumbai,Mumbai,IN,22100,2046,137491,2020-12-22T05:07:05Z,2020-12-22T05:07:05Z
46698,Bharti Airtel Mumbai,Mumbai,IN,25725,2046,139805,2021-01-21T06:29:27Z,2021-01-21T06:29:27Z
50131,Bharti Airtel Mumbai,Mumbai,IN,5666,2046,58715,2021-07-08T15:00:51Z,2021-07-08T15:00:51Z
50327,Bharti Airtel Mumbai,Mumbai,IN,12192,2046,132566,2021-07-23T07:33:18Z,2021-07-23T07:33:18Z
51644,Bharti Airtel Mumbai,Mumbai,IN,28248,2046,135422,2021-10-14T16:36:04Z,2021-10-14T16:36:04Z
52263,Bharti Airtel Mumbai,Mumbai,IN,28497,2046,136288,2021-11-15T07:17:22Z,2021-11-15T07:28:00Z
53773,Bharti Airtel Mumbai,Mumbai,IN,28154,2046,139543,2022-02-11T09:17:58Z,2022-02-11T09:17:58Z
57179,Bharti Airtel Mumbai,Mumbai,IN,30784,2046,58778,2022-08-23T10:03:25Z,2022-08-23T10:03:25Z
58526,Bharti Airtel Mumbai,Mumbai,IN,30960,2046,150178,2022-11-06T12:59:42Z,2022-11-06T12:59:42Z
59525,Bharti Airtel Mumbai,Mumbai,IN,30348,2046,149617,2023-01-03T11:12:24Z,2023-10-16T07:44:37Z
59912,Bharti Airtel Mumbai,Mumbai,IN,28758,2046,141804,2023-01-21T08:32:21Z,2023-01-21T08:32:21Z
59985,Bharti Airtel Mumbai,Mumbai,IN,13897,2046,17494,2023-01-26T04:57:51Z,2023-01-26T04:57:51Z
61105,Bharti Airtel Mumbai,Mumbai,IN,32636,2046,149222,2023-03-25T06:13:04Z,2023-03-25T06:13:04Z
61380,Bharti Airtel Mumbai,Mumbai,IN,23071,2046,134917,2023-04-05T10:12:46Z,2023-04-05T10:12:46Z
66209,Bharti Airtel Mumbai,Mumbai,IN,2328,2046,17806,2023-11-09T04:58:18Z,2023-11-09T04:58:18Z
66251,Bharti Airtel Mumbai,Mumbai,IN,31712,2046,149214,2023-11-11T03:53:30Z,2023-11-11T03:53:30Z
70737,Bharti Airtel Mumbai,Mumbai,IN,32219,2046,149478,2024-05-22T00:06:04Z,2024-05-22T00:06:04Z
71207,Bharti Airtel Mumbai,Mumbai,IN,6531,2046,58682,2024-06-13T05:36:36Z,2024-06-13T05:36:37Z
72705,Bharti Airtel Mumbai,Mumbai,IN,37035,2046,150079,2024-08-14T04:26:25Z,2024-08-14T04:39:30Z
76911,Bharti Airtel Mumbai,Mumbai,IN,38593,2046,38588,2025-02-21T16:47:47Z,2025-02-21T16:47:48Z
77945,Bharti Airtel Mumbai,Mumbai,IN,38933,2046,136418,2025-04-04T07:00:26Z,2025-04-04T07:00:26Z
78733,Bharti Airtel Mumbai,Mumbai,IN,13307,2046,58906,2025-05-08T08:03:31Z,2025-05-08T08:03:31Z
84054,Bharti Airtel Mumbai,Mumbai,IN,40963,2046,135410,2025-11-28T14:13:49Z,2025-11-28T14:13:50Z
84158,Bharti Airtel Mumbai,Mumbai,IN,37657,2046,135650,2025-12-03T12:51:39Z,2025-12-03T12:51:40Z
85709,Bharti Airtel Mumbai,Mumbai,IN,41344,2046,142210,2026-02-10T13:29:39Z,2026-02-10T13:29:39Z
18245,OODOO Communications,Chennai,IN,8024,2186,133592,2015-10-01T00:00:00Z,2016-03-14T21:54:57Z
17866,Equinix MB1 - Mumbai (GPX Mumbai 1),Mumbai,IN,433,2310,15169,2015-08-21T00:00:00Z,2016-03-14T21:09:43Z
18026,Equinix MB1 - Mumbai (GPX Mumbai 1),Mumbai,IN,7117,2310,132215,2015-09-10T00:00:00Z,2025-07-23T09:41:40Z
18029,Equinix MB1 - Mumbai (GPX Mumbai 1),Mumbai,IN,7113,2310,18196,2015-09-10T00:00:00Z,2016-03-14T20:28:59Z
18425,Equinix MB1 - Mumbai (GPX Mumbai 1),Mumbai,IN,6851,2310,132933,2015-10-22T00:00:00Z,2016-04-08T02:07:37Z
18426,Equinix MB1 - Mumbai (GPX Mumbai 1),Mumbai,IN,8220,2310,134006,2015-10-22T00:00:00Z,2016-03-11T07:22:53Z
18434,Equinix MB1 - Mumbai (GPX Mumbai 1),Mumbai,IN,3514,2310,10029,2015-10-22T00:00:00Z,2016-03-14T20:44:55Z
18436,Equinix MB1 - Mumbai (GPX Mumbai 1),Mumbai,IN,4046,2310,55862,2015-10-22T00:00:00Z,2016-03-14T20:44:54Z
18471,Equinix MB1 - Mumbai (GPX Mumbai 1),Mumbai,IN,5846,2310,45117,2015-10-23T00:00:00Z,2016-03-14T20:41:57Z
18492,Equinix MB1 - Mumbai (GPX Mumbai 1),Mumbai,IN,4317,2310,55352,2015-11-02T00:00:00Z,2016-03-14T21:18:26Z
18556,Equinix MB1 - Mumbai (GPX Mumbai 1),Mumbai,IN,7296,2310,133702,2015-11-02T00:00:00Z,2016-03-14T21:10:11Z
18626,Equinix MB1 - Mumbai (GPX Mumbai 1),Mumbai,IN,9054,2310,17426,2015-11-11T00:00:00Z,2016-03-14T21:25:10Z
18670,Equinix MB1 - Mumbai (GPX Mumbai 1),Mumbai,IN,8279,2310,58678,2015-11-16T00:00:00Z,2016-03-14T21:17:15Z
19396,Equinix MB1 - Mumbai (GPX Mumbai 1),Mumbai,IN,8893,2310,134053,2016-02-15T00:00:00Z,2016-03-14T21:03:51Z
19499,Equinix MB1 - Mumbai (GPX Mumbai 1),Mumbai,IN,9669,2310,133315,2016-02-26T00:00:00Z,2016-03-14T20:55:57Z
20001,Equinix MB1 - Mumbai (GPX Mumbai 1),Mumbai,IN,9971,2310,132220,2016-04-09T10:08:59Z,2016-04-09T10:08:59Z
20488,Equinix MB1 - Mumbai (GPX Mumbai 1),Mumbai,IN,10400,2310,58659,2016-05-28T09:22:14Z,2016-05-28T09:22:14Z
20729,Equinix MB1 - Mumbai (GPX Mumbai 1),Mumbai,IN,9933,2310,134325,2016-06-15T10:49:28Z,2016-06-15T10:49:28Z
21101,Equinix MB1 - Mumbai (GPX Mumbai 1),Mumbai,IN,1418,2310,16509,2016-07-25T20:04:31Z,2016-07-25T20:04:31Z
22119,Equinix MB1 - Mumbai (GPX Mumbai 1),Mumbai,IN,9493,2310,133255,2016-10-19T17:15:35Z,2016-10-19T17:15:35Z
22201,Equinix MB1 - Mumbai (GPX Mumbai 1),Mumbai,IN,10474,2310,134939,2016-10-25T08:07:45Z,2016-10-25T08:07:45Z
22374,Equinix MB1 - Mumbai (GPX Mumbai 1),Mumbai,IN,11494,2310,133968,2016-11-09T06:15:10Z,2016-11-09T06:15:11Z
22610,Equinix MB1 - Mumbai (GPX Mumbai 1),Mumbai,IN,4031,2310,24554,2016-11-30T12:43:13Z,2024-12-18T05:41:30Z
22896,Equinix MB1 - Mumbai (GPX Mumbai 1),Mumbai,IN,5167,2310,17665,2016-12-26T08:04:44Z,2016-12-26T08:04:44Z
23149,Equinix MB1 - Mumbai (GPX Mumbai 1),Mumbai,IN,10264,2310,134014,2017-01-19T06:47:51Z,2017-01-19T06:47:51Z
23262,Equinix MB1 - Mumbai (GPX Mumbai 1),Mumbai,IN,11945,2310,134000,2017-01-28T15:25:42Z,2017-01-28T15:25:42Z
23328,Equinix MB1 - Mumbai (GPX Mumbai 1),Mumbai,IN,4581,2310,55879,2017-02-02T07:55:37Z,2017-02-02T07:55:37Z
23390,Equinix MB1 - Mumbai (GPX Mumbai 1),Mumbai,IN,7961,2310,132770,2017-02-05T04:57:28Z,2017-02-05T04:57:28Z
23458,Equinix MB1 - Mumbai (GPX Mumbai 1),Mumbai,IN,5933,2310,17625,2017-02-11T21:01:52Z,2017-02-11T21:01:52Z
23788,Equinix MB1 - Mumbai (GPX Mumbai 1),Mumbai,IN,12748,2310,133232,2017-03-08T10:55:58Z,2017-03-08T10:55:58Z
23815,Equinix MB1 - Mumbai (GPX Mumbai 1),Mumbai,IN,10936,2310,55429,2017-03-09T19:53:11Z,2017-03-09T19:53:11Z
24070,Equinix MB1 - Mumbai (GPX Mumbai 1),Mumbai,IN,10958,2310,133701,2017-03-30T05:34:09Z,2017-03-30T05:34:09Z
24075,Equinix MB1 - Mumbai (GPX Mumbai 1),Mumbai,IN,11312,2310,45194,2017-03-30T08:49:24Z,2017-03-30T08:49:24Z
24199,Equinix MB1 - Mumbai (GPX Mumbai 1),Mumbai,IN,10813,2310,134009,2017-04-11T06:50:27Z,2017-04-11T06:50:27Z
24293,Equinix MB1 - Mumbai (GPX Mumbai 1),Mumbai,IN,13000,2310,133001,2017-04-19T09:07:37Z,2017-04-19T09:07:37Z
24347,Equinix MB1 - Mumbai (GPX Mumbai 1),Mumbai,IN,4125,2310,55832,2017-04-21T20:04:02Z,2017-04-21T20:04:02Z
24361,Equinix MB1 - Mumbai (GPX Mumbai 1),Mumbai,IN,11393,2310,134008,2017-04-24T12:29:24Z,2017-04-24T12:29:24Z
24385,Equinix MB1 - Mumbai (GPX Mumbai 1),Mumbai,IN,11082,2310,134022,2017-04-26T05:46:18Z,2017-04-26T05:46:18Z
24421,Equinix MB1 - Mumbai (GPX Mumbai 1),Mumbai,IN,13327,2310,55341,2017-04-28T09:12:57Z,2017-04-28T09:12:57Z
24549,Equinix MB1 - Mumbai (GPX Mumbai 1),Mumbai,IN,2536,2310,9583,2017-05-08T09:41:01Z,2017-05-08T09:41:01Z
24673,Equinix MB1 - Mumbai (GPX Mumbai 1),Mumbai,IN,979,2310,32934,2017-05-19T16:45:29Z,2017-05-19T16:45:29Z
24786,Equinix MB1 - Mumbai (GPX Mumbai 1),Mumbai,IN,11526,2310,135207,2017-05-28T10:30:31Z,2017-05-28T10:30:31Z
24852,Equinix MB1 - Mumbai (GPX Mumbai 1),Mumbai,IN,457,2310,2906,2017-06-01T03:29:39Z,2017-06-01T03:29:39Z
24892,Equinix MB1 - Mumbai (GPX Mumbai 1),Mumbai,IN,10142,2310,133724,2017-06-07T07:54:25Z,2017-06-07T07:54:25Z
24921,Equinix MB1 - Mumbai (GPX Mumbai 1),Mumbai,IN,11776,2310,135810,2017-06-08T12:35:08Z,2025-07-11T13:05:34Z
25025,Equinix MB1 - Mumbai (GPX Mumbai 1),Mumbai,IN,9909,2310,133720,2017-06-21T08:40:15Z,2017-06-21T08:40:15Z
25167,Equinix MB1 - Mumbai (GPX Mumbai 1),Mumbai,IN,12998,2310,135739,2017-07-01T12:59:00Z,2017-07-01T12:59:00Z
25576,Equinix MB1 - Mumbai (GPX Mumbai 1),Mumbai,IN,13652,2310,135735,2017-08-03T07:35:24Z,2017-08-03T07:35:24Z
25592,Equinix MB1 - Mumbai (GPX Mumbai 1),Mumbai,IN,12510,2310,131442,2017-08-04T19:38:48Z,2017-08-04T19:38:48Z
25594,Equinix MB1 - Mumbai (GPX Mumbai 1),Mumbai,IN,12511,2310,132497,2017-08-04T19:41:47Z,2023-01-30T11:56:38Z
25667,Equinix MB1 - Mumbai (GPX Mumbai 1),Mumbai,IN,6597,2310,135754,2017-08-11T04:31:34Z,2017-08-11T04:31:34Z
25823,Equinix MB1 - Mumbai (GPX Mumbai 1),Mumbai,IN,12235,2310,134916,2017-08-21T19:03:38Z,2017-08-21T19:03:38Z
25852,Equinix MB1 - Mumbai (GPX Mumbai 1),Mumbai,IN,14340,2310,135834,2017-08-25T14:12:21Z,2017-08-25T14:12:21Z
25887,Equinix MB1 - Mumbai (GPX Mumbai 1),Mumbai,IN,14103,2310,24186,2017-08-30T06:42:05Z,2017-08-30T06:42:05Z
26006,Equinix MB1 - Mumbai (GPX Mumbai 1),Mumbai,IN,10175,2310,133713,2017-09-11T14:50:12Z,2017-09-11T14:50:12Z
26306,Equinix MB1 - Mumbai (GPX Mumbai 1),Mumbai,IN,10964,2310,58717,2017-10-02T15:18:19Z,2017-10-02T15:18:19Z
26519,Equinix MB1 - Mumbai (GPX Mumbai 1),Mumbai,IN,8167,2310,17747,2017-10-17T08:32:58Z,2020-01-27T14:45:06Z
26572,Equinix MB1 - Mumbai (GPX Mumbai 1),Mumbai,IN,8394,2310,56209,2017-10-19T08:20:15Z,2017-10-19T08:20:16Z
27183,Equinix MB1 - Mumbai (GPX Mumbai 1),Mumbai,IN,12932,2310,23682,2017-12-01T18:23:25Z,2017-12-01T18:23:25Z
27403,Equinix MB1 - Mumbai (GPX Mumbai 1),Mumbai,IN,10976,2310,132115,2017-12-18T12:09:42Z,2017-12-18T12:09:42Z
27964,Equinix MB1 - Mumbai (GPX Mumbai 1),Mumbai,IN,5056,2310,45415,2018-01-31T12:42:38Z,2018-01-31T12:42:38Z
28133,Equinix MB1 - Mumbai (GPX Mumbai 1),Mumbai,IN,9355,2310,23860,2018-02-10T07:00:19Z,2018-02-10T07:00:19Z
28134,Equinix MB1 - Mumbai (GPX Mumbai 1),Mumbai,IN,15880,2310,137144,2018-02-10T12:03:06Z,2018-02-10T12:03:06Z
28217,Equinix MB1 - Mumbai (GPX Mumbai 1),Mumbai,IN,10711,2310,132768,2018-02-19T11:32:46Z,2018-02-19T11:32:46Z
28229,Equinix MB1 - Mumbai (GPX Mumbai 1),Mumbai,IN,15906,2310,136302,2018-02-20T09:03:57Z,2018-02-20T09:03:57Z
28391,Equinix MB1 - Mumbai (GPX Mumbai 1),Mumbai,IN,5489,2310,55947,2018-03-01T09:01:48Z,2018-03-01T09:01:48Z
28431,Equinix MB1 - Mumbai (GPX Mumbai 1),Mumbai,IN,10335,2310,133301,2018-03-05T08:55:55Z,2018-03-05T08:55:55Z
28582,Equinix MB1 - Mumbai (GPX Mumbai 1),Mumbai,IN,16163,2310,137166,2018-03-19T10:10:36Z,2018-03-19T10:10:36Z
28664,Equinix MB1 - Mumbai (GPX Mumbai 1),Mumbai,IN,16233,2310,136373,2018-03-27T07:46:44Z,2018-03-27T07:46:44Z
28721,Equinix MB1 - Mumbai (GPX Mumbai 1),Mumbai,IN,5871,2310,45916,2018-03-30T07:06:01Z,2018-03-30T07:06:01Z
28909,Equinix MB1 - Mumbai (GPX Mumbai 1),Mumbai,IN,6861,2310,45648,2018-04-09T11:51:58Z,2018-04-09T11:51:58Z
29214,Equinix MB1 - Mumbai (GPX Mumbai 1),Mumbai,IN,12160,2310,133695,2018-04-27T09:38:33Z,2018-04-27T09:38:33Z
30276,Equinix MB1 - Mumbai (GPX Mumbai 1),Mumbai,IN,17242,2310,135139,2018-07-09T20:44:41Z,2018-07-09T20:44:41Z
30420,Equinix MB1 - Mumbai (GPX Mumbai 1),Mumbai,IN,12907,2310,132976,2018-07-19T16:49:49Z,2018-07-19T16:49:50Z
30558,Equinix MB1 - Mumbai (GPX Mumbai 1),Mumbai,IN,11441,2310,134033,2018-07-31T08:06:27Z,2018-07-31T08:06:27Z
30564,Equinix MB1 - Mumbai (GPX Mumbai 1),Mumbai,IN,9075,2310,134056,2018-07-31T10:13:36Z,2018-07-31T10:13:36Z
31032,Equinix MB1 - Mumbai (GPX Mumbai 1),Mumbai,IN,17569,2310,135190,2018-08-23T11:19:02Z,2018-08-23T11:19:02Z
31034,Equinix MB1 - Mumbai (GPX Mumbai 1),Mumbai,IN,11501,2310,135724,2018-08-23T16:23:10Z,2018-08-23T16:23:10Z
31081,Equinix MB1 - Mumbai (GPX Mumbai 1),Mumbai,IN,8433,2310,17483,2018-08-28T07:07:53Z,2018-08-28T07:07:53Z
31217,Equinix MB1 - Mumbai (GPX Mumbai 1),Mumbai,IN,11592,2310,132137,2018-09-07T15:06:26Z,2018-09-07T15:06:26Z
31248,Equinix MB1 - Mumbai (GPX Mumbai 1),Mumbai,IN,14152,2310,135844,2018-09-10T18:09:29Z,2018-09-10T18:09:29Z
31609,Equinix MB1 - Mumbai (GPX Mumbai 1),Mumbai,IN,13182,2310,134942,2018-10-02T13:44:59Z,2018-10-02T13:44:59Z
31652,Equinix MB1 - Mumbai (GPX Mumbai 1),Mumbai,IN,9878,2310,135036,2018-10-04T10:02:39Z,2018-10-04T10:02:39Z
31784,Equinix MB1 - Mumbai (GPX Mumbai 1),Mumbai,IN,14876,2310,136902,2018-10-09T12:25:39Z,2018-10-09T12:25:39Z
31975,Equinix MB1 - Mumbai (GPX Mumbai 1),Mumbai,IN,10361,2310,4755,2018-10-22T15:09:35Z,2018-10-22T15:09:35Z
32928,Equinix MB1 - Mumbai (GPX Mumbai 1),Mumbai,IN,9343,2310,132116,2018-12-20T09:29:19Z,2018-12-20T09:29:19Z
32973,Equinix MB1 - Mumbai (GPX Mumbai 1),Mumbai,IN,10623,2310,58969,2018-12-27T14:05:40Z,2020-10-08T08:06:56Z
33168,Equinix MB1 - Mumbai (GPX Mumbai 1),Mumbai,IN,18676,2310,136670,2019-01-14T07:29:24Z,2019-01-14T07:29:25Z
33598,Equinix MB1 - Mumbai (GPX Mumbai 1),Mumbai,IN,17266,2310,134249,2019-02-11T10:09:09Z,2019-02-11T10:09:09Z
34092,Equinix MB1 - Mumbai (GPX Mumbai 1),Mumbai,IN,15696,2310,132971,2019-03-08T13:12:01Z,2019-03-08T13:12:01Z
34488,Equinix MB1 - Mumbai (GPX Mumbai 1),Mumbai,IN,4487,2310,45769,2019-04-02T05:08:47Z,2019-04-02T05:08:47Z
34589,Equinix MB1 - Mumbai (GPX Mumbai 1),Mumbai,IN,4224,2310,13335,2019-04-06T13:58:26Z,2019-04-06T13:58:27Z
34706,Equinix MB1 - Mumbai (GPX Mumbai 1),Mumbai,IN,18197,2310,136308,2019-04-09T17:41:02Z,2019-04-09T17:41:02Z
35243,Equinix MB1 - Mumbai (GPX Mumbai 1),Mumbai,IN,5450,2310,55944,2019-05-08T16:10:39Z,2019-05-08T16:10:40Z
36165,Equinix MB1 - Mumbai (GPX Mumbai 1),Mumbai,IN,16598,2310,32261,2019-06-27T02:43:43Z,2021-11-05T19:08:06Z
36192,Equinix MB1 - Mumbai (GPX Mumbai 1),Mumbai,IN,10339,2310,135260,2019-06-28T09:23:26Z,2019-06-28T09:23:26Z
36197,Equinix MB1 - Mumbai (GPX Mumbai 1),Mumbai,IN,20209,2310,132956,2019-06-28T17:47:21Z,2019-06-28T17:47:21Z
36917,Equinix MB1 - Mumbai (GPX Mumbai 1),Mumbai,IN,14899,2310,24193,2019-08-20T08:27:40Z,2019-08-20T08:27:40Z
37785,Equinix MB1 - Mumbai (GPX Mumbai 1),Mumbai,IN,15004,2310,133311,2019-10-24T14:08:07Z,2019-10-24T14:08:07Z
38166,Equinix MB1 - Mumbai (GPX Mumbai 1),Mumbai,IN,2,2310,20940,2019-11-19T03:06:00Z,2019-11-19T03:06:00Z
38235,Equinix MB1 - Mumbai (GPX Mumbai 1),Mumbai,IN,20607,2310,138716,2019-11-21T07:32:05Z,2019-11-21T07:32:05Z
38512,Equinix MB1 - Mumbai (GPX Mumbai 1),Mumbai,IN,20994,2310,20189,2019-12-06T02:33:22Z,2019-12-06T02:33:22Z
38854,Equinix MB1 - Mumbai (GPX Mumbai 1),Mumbai,IN,21859,2310,134307,2019-12-22T15:14:30Z,2019-12-22T15:14:30Z
39111,Equinix MB1 - Mumbai (GPX Mumbai 1),Mumbai,IN,22042,2310,138745,2020-01-16T08:55:25Z,2020-01-16T08:55:25Z
39427,Equinix MB1 - Mumbai (GPX Mumbai 1),Mumbai,IN,22041,2310,134331,2020-02-05T10:13:30Z,2020-02-05T10:13:30Z
39572,Equinix MB1 - Mumbai (GPX Mumbai 1),Mumbai,IN,11544,2310,135184,2020-02-13T06:45:47Z,2020-02-13T06:45:47Z
39665,Equinix MB1 - Mumbai (GPX Mumbai 1),Mumbai,IN,1905,2310,31898,2020-02-18T17:27:44Z,2020-02-18T17:27:44Z
40020,Equinix MB1 - Mumbai (GPX Mumbai 1),Mumbai,IN,19930,2310,138300,2020-03-08T18:32:44Z,2020-03-08T18:32:44Z
40480,Equinix MB1 - Mumbai (GPX Mumbai 1),Mumbai,IN,22804,2310,135239,2020-04-02T07:11:45Z,2020-04-02T07:11:45Z
41044,Equinix MB1 - Mumbai (GPX Mumbai 1),Mumbai,IN,14316,2310,134937,2020-05-02T14:11:08Z,2020-05-02T14:11:08Z
41501,Equinix MB1 - Mumbai (GPX Mumbai 1),Mumbai,IN,19091,2310,138269,2020-05-25T15:07:07Z,2020-05-25T15:07:07Z
41517,Equinix MB1 - Mumbai (GPX Mumbai 1),Mumbai,IN,14445,2310,134340,2020-05-26T17:19:17Z,2020-05-26T17:19:17Z
41802,Equinix MB1 - Mumbai (GPX Mumbai 1),Mumbai,IN,23466,2310,138263,2020-06-11T18:27:10Z,2020-06-11T18:27:10Z
42732,Equinix MB1 - Mumbai (GPX Mumbai 1),Mumbai,IN,23961,2310,138317,2020-07-17T08:22:47Z,2020-07-17T08:22:47Z
42738,Equinix MB1 - Mumbai (GPX Mumbai 1),Mumbai,IN,16906,2310,135269,2020-07-17T15:52:45Z,2020-07-17T15:52:45Z
43053,Equinix MB1 - Mumbai (GPX Mumbai 1),Mumbai,IN,15529,2310,136284,2020-07-31T12:23:32Z,2020-07-31T12:23:32Z
43235,Equinix MB1 - Mumbai (GPX Mumbai 1),Mumbai,IN,11260,2310,58965,2020-08-13T04:30:58Z,2026-06-22T05:29:53Z
43781,Equinix MB1 - Mumbai (GPX Mumbai 1),Mumbai,IN,14909,2310,136716,2020-09-12T18:42:08Z,2021-05-17T18:07:57Z
44471,Equinix MB1 - Mumbai (GPX Mumbai 1),Mumbai,IN,17711,2310,132996,2020-10-14T11:30:18Z,2020-10-14T11:30:18Z
44934,Equinix MB1 - Mumbai (GPX Mumbai 1),Mumbai,IN,18630,2310,59200,2020-11-03T16:30:39Z,2020-11-03T16:30:39Z
45171,Equinix MB1 - Mumbai (GPX Mumbai 1),Mumbai,IN,19132,2310,136639,2020-11-13T13:51:00Z,2020-11-13T13:51:00Z
45363,Equinix MB1 - Mumbai (GPX Mumbai 1),Mumbai,IN,9470,2310,54994,2020-11-23T01:50:24Z,2020-11-23T01:50:24Z
45411,Equinix MB1 - Mumbai (GPX Mumbai 1),Mumbai,IN,12647,2310,55410,2020-11-25T14:31:15Z,2022-03-22T12:36:32Z
45628,Equinix MB1 - Mumbai (GPX Mumbai 1),Mumbai,IN,11391,2310,133309,2020-12-06T07:53:42Z,2020-12-06T07:53:43Z
45744,Equinix MB1 - Mumbai (GPX Mumbai 1),Mumbai,IN,16123,2310,135808,2020-12-11T05:10:07Z,2020-12-11T05:10:07Z
46358,Equinix MB1 - Mumbai (GPX Mumbai 1),Mumbai,IN,19710,2310,17117,2021-01-09T16:58:30Z,2021-01-09T16:58:30Z
47015,Equinix MB1 - Mumbai (GPX Mumbai 1),Mumbai,IN,6020,2310,16552,2021-02-01T16:04:15Z,2021-02-01T16:04:15Z
47248,Equinix MB1 - Mumbai (GPX Mumbai 1),Mumbai,IN,15410,2310,135872,2021-02-13T05:46:38Z,2024-12-28T06:52:26Z
47700,Equinix MB1 - Mumbai (GPX Mumbai 1),Mumbai,IN,15968,2310,137083,2021-03-09T00:28:58Z,2021-03-09T00:28:58Z
48161,Equinix MB1 - Mumbai (GPX Mumbai 1),Mumbai,IN,24285,2310,141014,2021-03-30T18:21:09Z,2024-12-10T06:34:04Z
49942,Equinix MB1 - Mumbai (GPX Mumbai 1),Mumbai,IN,17888,2310,136377,2021-07-01T18:23:41Z,2021-07-01T18:23:41Z
50328,Equinix MB1 - Mumbai (GPX Mumbai 1),Mumbai,IN,12192,2310,132566,2021-07-23T07:33:49Z,2021-07-23T07:33:49Z
50754,Equinix MB1 - Mumbai (GPX Mumbai 1),Mumbai,IN,21421,2310,138741,2021-08-18T09:59:44Z,2021-08-18T09:59:44Z
50886,Equinix MB1 - Mumbai (GPX Mumbai 1),Mumbai,IN,12419,2310,136230,2021-08-26T10:12:19Z,2021-08-26T10:12:19Z
50926,Equinix MB1 - Mumbai (GPX Mumbai 1),Mumbai,IN,10289,2310,9830,2021-08-29T15:58:33Z,2021-08-29T15:58:33Z
51317,Equinix MB1 - Mumbai (GPX Mumbai 1),Mumbai,IN,13752,2310,135826,2021-09-23T09:40:49Z,2021-09-23T09:40:49Z
51337,Equinix MB1 - Mumbai (GPX Mumbai 1),Mumbai,IN,28060,2310,146932,2021-09-24T10:16:21Z,2021-09-24T10:16:21Z
51345,Equinix MB1 - Mumbai (GPX Mumbai 1),Mumbai,IN,24494,2310,133243,2021-09-25T09:15:50Z,2021-09-25T09:15:50Z
51375,Equinix MB1 - Mumbai (GPX Mumbai 1),Mumbai,IN,25736,2310,137657,2021-09-28T06:31:19Z,2021-09-28T06:31:19Z
51499,Equinix MB1 - Mumbai (GPX Mumbai 1),Mumbai,IN,28154,2310,139543,2021-10-05T09:24:20Z,2021-10-05T09:24:20Z
52000,Equinix MB1 - Mumbai (GPX Mumbai 1),Mumbai,IN,28401,2310,146872,2021-11-02T08:03:57Z,2021-11-02T08:03:57Z
52515,Equinix MB1 - Mumbai (GPX Mumbai 1),Mumbai,IN,15844,2310,9829,2021-11-26T06:50:02Z,2021-11-26T06:50:02Z
52550,Equinix MB1 - Mumbai (GPX Mumbai 1),Mumbai,IN,28672,2310,135782,2021-11-29T06:43:36Z,2021-11-29T06:43:36Z
52839,Equinix MB1 - Mumbai (GPX Mumbai 1),Mumbai,IN,1613,2310,36351,2021-12-16T00:48:02Z,2021-12-16T00:48:02Z
52851,Equinix MB1 - Mumbai (GPX Mumbai 1),Mumbai,IN,23167,2310,139504,2021-12-16T15:05:31Z,2022-01-25T14:32:54Z
53255,Equinix MB1 - Mumbai (GPX Mumbai 1),Mumbai,IN,29032,2310,8882,2022-01-15T01:42:20Z,2022-01-15T01:42:20Z
53354,Equinix MB1 - Mumbai (GPX Mumbai 1),Mumbai,IN,11527,2310,135686,2022-01-20T07:25:59Z,2022-01-20T07:25:59Z
53548,Equinix MB1 - Mumbai (GPX Mumbai 1),Mumbai,IN,11495,2310,132957,2022-01-28T15:05:07Z,2022-01-28T15:05:07Z
53648,Equinix MB1 - Mumbai (GPX Mumbai 1),Mumbai,IN,29175,2310,149268,2022-02-04T06:45:24Z,2022-02-04T06:45:25Z
53901,Equinix MB1 - Mumbai (GPX Mumbai 1),Mumbai,IN,28306,2310,59191,2022-02-19T13:13:51Z,2022-02-19T13:13:51Z
53948,Equinix MB1 - Mumbai (GPX Mumbai 1),Mumbai,IN,29192,2310,137157,2022-02-23T05:20:43Z,2022-02-23T05:20:43Z
54002,Equinix MB1 - Mumbai (GPX Mumbai 1),Mumbai,IN,29354,2310,149186,2022-02-27T11:21:16Z,2022-02-27T11:21:17Z
54011,Equinix MB1 - Mumbai (GPX Mumbai 1),Mumbai,IN,26422,2310,139531,2022-02-28T12:16:19Z,2022-02-28T12:16:19Z
54033,Equinix MB1 - Mumbai (GPX Mumbai 1),Mumbai,IN,13001,2310,136334,2022-03-02T05:03:07Z,2022-03-02T05:03:07Z
54232,Equinix MB1 - Mumbai (GPX Mumbai 1),Mumbai,IN,14477,2310,17762,2022-03-14T16:23:13Z,2022-03-14T16:23:13Z
54268,Equinix MB1 - Mumbai (GPX Mumbai 1),Mumbai,IN,11683,2310,38207,2022-03-15T14:36:23Z,2022-03-15T14:36:23Z
54412,Equinix MB1 - Mumbai (GPX Mumbai 1),Mumbai,IN,3876,2310,55644,2022-03-22T12:43:53Z,2022-03-22T12:43:53Z
54728,Equinix MB1 - Mumbai (GPX Mumbai 1),Mumbai,IN,1234,2310,21859,2022-04-08T18:32:34Z,2025-05-08T05:53:09Z
55111,Equinix MB1 - Mumbai (GPX Mumbai 1),Mumbai,IN,12951,2310,45804,2022-04-30T10:15:07Z,2022-04-30T10:15:08Z
55206,Equinix MB1 - Mumbai (GPX Mumbai 1),Mumbai,IN,13726,2310,136360,2022-05-09T11:33:38Z,2022-05-09T11:33:38Z
55751,Equinix MB1 - Mumbai (GPX Mumbai 1),Mumbai,IN,30189,2310,149596,2022-06-15T02:32:42Z,2022-06-15T02:32:42Z
55824,Equinix MB1 - Mumbai (GPX Mumbai 1),Mumbai,IN,28957,2310,149248,2022-06-18T07:31:59Z,2022-06-18T12:34:55Z
55842,Equinix MB1 - Mumbai (GPX Mumbai 1),Mumbai,IN,16764,2310,137085,2022-06-20T08:08:48Z,2022-06-20T08:08:48Z
56036,Equinix MB1 - Mumbai (GPX Mumbai 1),Mumbai,IN,29161,2310,135781,2022-06-27T09:05:50Z,2022-06-27T09:05:51Z
56304,Equinix MB1 - Mumbai (GPX Mumbai 1),Mumbai,IN,10920,2310,133286,2022-07-12T11:14:49Z,2022-07-12T11:14:49Z
56632,Equinix MB1 - Mumbai (GPX Mumbai 1),Mumbai,IN,30613,2310,149781,2022-07-30T17:01:36Z,2022-07-30T17:01:36Z
56686,Equinix MB1 - Mumbai (GPX Mumbai 1),Mumbai,IN,29468,2310,141514,2022-08-02T08:51:29Z,2022-08-02T08:51:29Z
57343,Equinix MB1 - Mumbai (GPX Mumbai 1),Mumbai,IN,27154,2310,50839,2022-08-31T14:20:26Z,2023-07-25T02:17:39Z
57371,Equinix MB1 - Mumbai (GPX Mumbai 1),Mumbai,IN,29618,2310,141523,2022-09-01T14:04:50Z,2025-05-26T12:17:30Z
57377,Equinix MB1 - Mumbai (GPX Mumbai 1),Mumbai,IN,25364,2310,140171,2022-09-02T05:36:34Z,2022-09-02T05:36:34Z
57587,Equinix MB1 - Mumbai (GPX Mumbai 1),Mumbai,IN,29353,2310,138228,2022-09-18T16:44:49Z,2022-09-18T16:44:49Z
57686,Equinix MB1 - Mumbai (GPX Mumbai 1),Mumbai,IN,30671,2310,150010,2022-09-23T13:01:12Z,2022-09-23T13:01:12Z
57715,Equinix MB1 - Mumbai (GPX Mumbai 1),Mumbai,IN,22064,2310,139490,2022-09-27T03:58:24Z,2022-09-27T03:58:25Z
57717,Equinix MB1 - Mumbai (GPX Mumbai 1),Mumbai,IN,29746,2310,149612,2022-09-27T04:09:16Z,2022-09-27T04:09:16Z
58754,Equinix MB1 - Mumbai (GPX Mumbai 1),Mumbai,IN,28195,2310,146908,2022-11-17T08:00:28Z,2022-11-17T08:00:28Z
58857,Equinix MB1 - Mumbai (GPX Mumbai 1),Mumbai,IN,31564,2310,150027,2022-11-22T10:30:28Z,2022-11-22T10:30:28Z
59608,Equinix MB1 - Mumbai (GPX Mumbai 1),Mumbai,IN,30778,2310,137097,2023-01-07T06:34:07Z,2023-01-07T06:34:07Z
59793,Equinix MB1 - Mumbai (GPX Mumbai 1),Mumbai,IN,11729,2310,133275,2023-01-17T12:11:06Z,2023-01-17T12:11:06Z
60095,Equinix MB1 - Mumbai (GPX Mumbai 1),Mumbai,IN,27908,2310,141834,2023-02-01T08:21:03Z,2023-02-01T08:21:03Z
60620,Equinix MB1 - Mumbai (GPX Mumbai 1),Mumbai,IN,20451,2310,132972,2023-03-01T18:06:59Z,2023-03-01T18:06:59Z
60648,Equinix MB1 - Mumbai (GPX Mumbai 1),Mumbai,IN,3967,2310,24029,2023-03-02T06:31:20Z,2023-03-02T06:31:20Z
60940,Equinix MB1 - Mumbai (GPX Mumbai 1),Mumbai,IN,16271,2310,136956,2023-03-17T17:02:15Z,2023-03-17T17:02:15Z
61357,Equinix MB1 - Mumbai (GPX Mumbai 1),Mumbai,IN,31717,2310,136285,2023-04-04T08:49:35Z,2023-11-03T12:43:43Z
61362,Equinix MB1 - Mumbai (GPX Mumbai 1),Mumbai,IN,22373,2310,138754,2023-04-04T14:49:01Z,2023-04-04T14:49:01Z
61584,Equinix MB1 - Mumbai (GPX Mumbai 1),Mumbai,IN,29406,2310,133591,2023-04-14T19:37:12Z,2023-04-14T19:37:12Z
61859,Equinix MB1 - Mumbai (GPX Mumbai 1),Mumbai,IN,12781,2310,135861,2023-04-28T03:39:06Z,2023-04-28T03:39:06Z
62139,Equinix MB1 - Mumbai (GPX Mumbai 1),Mumbai,IN,31712,2310,149214,2023-05-10T08:10:54Z,2023-05-10T08:10:54Z
62312,Equinix MB1 - Mumbai (GPX Mumbai 1),Mumbai,IN,23374,2310,140593,2023-05-18T10:12:21Z,2023-05-18T10:12:21Z
62611,Equinix MB1 - Mumbai (GPX Mumbai 1),Mumbai,IN,26313,2310,138726,2023-05-31T21:30:29Z,2023-05-31T21:30:29Z
62952,Equinix MB1 - Mumbai (GPX Mumbai 1),Mumbai,IN,32543,2310,147226,2023-06-17T05:54:35Z,2023-06-17T05:54:35Z
64023,Equinix MB1 - Mumbai (GPX Mumbai 1),Mumbai,IN,28901,2310,149240,2023-07-27T10:26:12Z,2023-07-27T10:26:13Z
64047,Equinix MB1 - Mumbai (GPX Mumbai 1),Mumbai,IN,24552,2310,140148,2023-07-28T06:46:36Z,2023-07-28T06:46:36Z
64072,Equinix MB1 - Mumbai (GPX Mumbai 1),Mumbai,IN,33744,2310,150570,2023-07-29T06:15:29Z,2023-07-29T06:15:29Z
64275,Equinix MB1 - Mumbai (GPX Mumbai 1),Mumbai,IN,5155,2310,18978,2023-08-09T12:10:20Z,2023-08-09T12:10:20Z
65035,Equinix MB1 - Mumbai (GPX Mumbai 1),Mumbai,IN,30952,2310,150090,2023-09-15T07:20:32Z,2023-09-15T07:20:32Z
65064,Equinix MB1 - Mumbai (GPX Mumbai 1),Mumbai,IN,15964,2310,42962,2023-09-17T11:42:47Z,2023-09-17T11:42:47Z
65389,Equinix MB1 - Mumbai (GPX Mumbai 1),Mumbai,IN,19949,2310,138768,2023-09-30T07:21:17Z,2023-09-30T07:21:17Z
65900,Equinix MB1 - Mumbai (GPX Mumbai 1),Mumbai,IN,31085,2310,147255,2023-10-25T09:10:38Z,2023-10-25T09:10:38Z
66276,Equinix MB1 - Mumbai (GPX Mumbai 1),Mumbai,IN,31183,2310,141490,2023-11-13T05:42:55Z,2024-06-20T14:31:54Z
66746,Equinix MB1 - Mumbai (GPX Mumbai 1),Mumbai,IN,12666,2310,132757,2023-12-05T20:06:05Z,2023-12-05T20:06:05Z
67459,Equinix MB1 - Mumbai (GPX Mumbai 1),Mumbai,IN,24658,2310,140133,2024-01-14T09:46:22Z,2024-01-14T09:46:22Z
68226,Equinix MB1 - Mumbai (GPX Mumbai 1),Mumbai,IN,19838,2310,132884,2024-02-14T05:15:28Z,2024-02-14T05:15:28Z
69082,Equinix MB1 - Mumbai (GPX Mumbai 1),Mumbai,IN,30541,2310,135186,2024-03-15T08:26:05Z,2024-03-15T08:26:05Z
69200,Equinix MB1 - Mumbai (GPX Mumbai 1),Mumbai,IN,28896,2310,134885,2024-03-19T09:08:26Z,2024-03-19T09:08:26Z
70081,Equinix MB1 - Mumbai (GPX Mumbai 1),Mumbai,IN,26500,2310,137645,2024-04-24T02:09:09Z,2024-04-24T02:09:09Z
70297,Equinix MB1 - Mumbai (GPX Mumbai 1),Mumbai,IN,31733,2310,142485,2024-05-05T02:58:43Z,2024-05-05T02:58:43Z
71281,Equinix MB1 - Mumbai (GPX Mumbai 1),Mumbai,IN,32378,2310,150593,2024-06-18T10:58:16Z,2024-06-18T10:58:16Z
72428,Equinix MB1 - Mumbai (GPX Mumbai 1),Mumbai,IN,34858,2310,151690,2024-08-05T06:10:50Z,2024-08-05T06:10:51Z
73497,Equinix MB1 - Mumbai (GPX Mumbai 1),Mumbai,IN,37299,2310,153210,2024-09-13T07:06:24Z,2024-09-13T07:06:24Z
73535,Equinix MB1 - Mumbai (GPX Mumbai 1),Mumbai,IN,37179,2310,153216,2024-09-16T17:22:16Z,2026-03-22T04:33:54Z
75218,Equinix MB1 - Mumbai (GPX Mumbai 1),Mumbai,IN,34243,2310,135709,2024-11-29T05:39:33Z,2024-11-29T05:39:33Z
75264,Equinix MB1 - Mumbai (GPX Mumbai 1),Mumbai,IN,34948,2310,44331,2024-12-01T20:28:35Z,2024-12-01T20:28:35Z
75685,Equinix MB1 - Mumbai (GPX Mumbai 1),Mumbai,IN,8577,2310,133982,2024-12-20T13:09:45Z,2024-12-20T13:09:45Z
75879,Equinix MB1 - Mumbai (GPX Mumbai 1),Mumbai,IN,27092,2310,141848,2025-01-06T13:45:03Z,2025-01-06T13:45:03Z
76190,Equinix MB1 - Mumbai (GPX Mumbai 1),Mumbai,IN,31440,2310,7492,2025-01-20T17:04:53Z,2025-01-20T17:57:59Z
76410,Equinix MB1 - Mumbai (GPX Mumbai 1),Mumbai,IN,29091,2310,146904,2025-01-30T10:51:01Z,2026-08-18T02:35:52Z
76974,Equinix MB1 - Mumbai (GPX Mumbai 1),Mumbai,IN,25219,2310,141253,2025-02-25T12:25:52Z,2025-02-25T12:25:52Z
77355,Equinix MB1 - Mumbai (GPX Mumbai 1),Mumbai,IN,25453,2310,134345,2025-03-11T12:54:11Z,2025-03-11T12:54:11Z
78676,Equinix MB1 - Mumbai (GPX Mumbai 1),Mumbai,IN,29881,2310,139560,2025-05-06T08:20:10Z,2025-05-06T08:20:10Z
78695,Equinix MB1 - Mumbai (GPX Mumbai 1),Mumbai,IN,26374,2310,137109,2025-05-07T08:19:36Z,2025-05-07T08:19:36Z
78699,Equinix MB1 - Mumbai (GPX Mumbai 1),Mumbai,IN,3816,2310,45528,2025-05-07T12:27:49Z,2025-05-07T12:27:49Z
78704,Equinix MB1 - Mumbai (GPX Mumbai 1),Mumbai,IN,24640,2310,135188,2025-05-07T13:00:50Z,2025-05-07T13:00:50Z
78772,Equinix MB1 - Mumbai (GPX Mumbai 1),Mumbai,IN,28884,2310,149187,2025-05-11T07:47:26Z,2025-05-11T07:47:26Z
78773,Equinix MB1 - Mumbai (GPX Mumbai 1),Mumbai,IN,17937,2310,138296,2025-05-11T07:50:34Z,2025-05-11T07:50:34Z
79008,Equinix MB1 - Mumbai (GPX Mumbai 1),Mumbai,IN,28069,2310,141840,2025-05-22T09:01:10Z,2025-05-22T09:01:11Z
79157,Equinix MB1 - Mumbai (GPX Mumbai 1),Mumbai,IN,9005,2310,134326,2025-05-28T16:23:16Z,2025-05-28T16:23:17Z
79245,Equinix MB1 - Mumbai (GPX Mumbai 1),Mumbai,IN,12573,2310,135814,2025-06-02T11:40:03Z,2025-06-02T11:40:04Z
79474,Equinix MB1 - Mumbai (GPX Mumbai 1),Mumbai,IN,36181,2310,151685,2025-06-11T05:08:48Z,2025-06-11T05:08:50Z
79475,Equinix MB1 - Mumbai (GPX Mumbai 1),Mumbai,IN,12227,2310,59165,2025-06-11T05:36:59Z,2025-06-11T05:36:59Z
79896,Equinix MB1 - Mumbai (GPX Mumbai 1),Mumbai,IN,29572,2310,141329,2025-06-30T11:35:18Z,2025-06-30T11:35:19Z
81121,Equinix MB1 - Mumbai (GPX Mumbai 1),Mumbai,IN,25162,2310,137000,2025-08-14T12:19:37Z,2025-08-14T12:19:37Z
81276,Equinix MB1 - Mumbai (GPX Mumbai 1),Mumbai,IN,12715,2310,134674,2025-08-22T06:35:09Z,2025-08-22T06:35:09Z
81503,Equinix MB1 - Mumbai (GPX Mumbai 1),Mumbai,IN,11672,2310,134001,2025-08-29T10:51:48Z,2025-08-29T10:51:49Z
81509,Equinix MB1 - Mumbai (GPX Mumbai 1),Mumbai,IN,40010,2310,153756,2025-08-29T16:10:28Z,2025-09-04T15:41:48Z
81960,Equinix MB1 - Mumbai (GPX Mumbai 1),Mumbai,IN,31561,2310,147279,2025-09-20T17:43:34Z,2025-09-20T17:43:35Z
81961,Equinix MB1 - Mumbai (GPX Mumbai 1),Mumbai,IN,36625,2310,151732,2025-09-21T02:50:03Z,2025-09-21T02:50:04Z
84165,Equinix MB1 - Mumbai (GPX Mumbai 1),Mumbai,IN,37657,2310,135650,2025-12-03T13:36:32Z,2025-12-03T13:36:32Z
84425,Equinix MB1 - Mumbai (GPX Mumbai 1),Mumbai,IN,12698,2310,134858,2025-12-15T04:59:34Z,2025-12-15T04:59:35Z
84635,Equinix MB1 - Mumbai (GPX Mumbai 1),Mumbai,IN,26071,2310,141339,2025-12-24T07:31:38Z,2025-12-24T07:31:39Z
84741,Equinix MB1 - Mumbai (GPX Mumbai 1),Mumbai,IN,41220,2310,142463,2026-01-03T20:42:14Z,2026-06-20T06:56:52Z
85362,Equinix MB1 - Mumbai (GPX Mumbai 1),Mumbai,IN,12175,2310,135799,2026-02-01T15:13:17Z,2026-02-01T15:13:17Z
85704,Equinix MB1 - Mumbai (GPX Mumbai 1),Mumbai,IN,10895,2310,45775,2026-02-10T12:38:05Z,2026-02-10T12:38:05Z
86226,Equinix MB1 - Mumbai (GPX Mumbai 1),Mumbai,IN,705,2310,12008,2026-02-27T18:21:55Z,2026-02-27T18:21:55Z
86596,Equinix MB1 - Mumbai (GPX Mumbai 1),Mumbai,IN,25805,2310,141539,2026-03-17T13:26:57Z,2026-03-17T13:26:57Z
86771,Equinix MB1 - Mumbai (GPX Mumbai 1),Mumbai,IN,26978,2310,139009,2026-03-25T14:14:35Z,2026-03-25T14:14:36Z
87687,Equinix MB1 - Mumbai (GPX Mumbai 1),Mumbai,IN,42229,2310,151347,2026-05-03T05:59:36Z,2026-05-03T05:59:36Z
88057,Equinix MB1 - Mumbai (GPX Mumbai 1),Mumbai,IN,1171,2310,17660,2026-05-23T09:39:09Z,2026-05-23T09:39:09Z
88103,Equinix MB1 - Mumbai (GPX Mumbai 1),Mumbai,IN,13932,2310,38740,2026-05-26T16:14:45Z,2026-05-26T16:14:46Z
88765,Equinix MB1 - Mumbai (GPX Mumbai 1),Mumbai,IN,15930,2310,136625,2026-06-25T08:46:26Z,2026-06-25T08:46:26Z
89174,Equinix MB1 - Mumbai (GPX Mumbai 1),Mumbai,IN,42164,2310,154606,2026-07-13T17:56:02Z,2026-07-13T17:56:02Z
89453,Equinix MB1 - Mumbai (GPX Mumbai 1),Mumbai,IN,13300,2310,131210,2026-07-28T05:42:03Z,2026-07-28T05:42:03Z
89525,Equinix MB1 - Mumbai (GPX Mumbai 1),Mumbai,IN,27330,2310,49915,2026-07-30T07:18:42Z,2026-07-30T07:18:42Z
89857,Equinix MB1 - Mumbai (GPX Mumbai 1),Mumbai,IN,14676,2310,136946,2026-08-06T12:35:31Z,2026-08-06T12:35:31Z
89922,Equinix MB1 - Mumbai (GPX Mumbai 1),Mumbai,IN,42352,2310,154466,2026-08-08T05:48:16Z,2026-08-08T05:48:16Z
90046,Equinix MB1 - Mumbai (GPX Mumbai 1),Mumbai,IN,15706,2310,136311,2026-08-18T09:42:26Z,2026-08-18T09:42:26Z
90094,Equinix MB1 - Mumbai (GPX Mumbai 1),Mumbai,IN,32703,2310,132746,2026-08-20T12:17:55Z,2026-08-20T12:17:55Z
27276,Nxtra Data Noida DC 2,Noida,IN,2536,2319,9583,2017-12-08T09:52:39Z,2017-12-08T09:52:39Z
56512,Nxtra Data Noida DC 2,Noida,IN,10496,2319,132934,2022-07-23T19:25:03Z,2022-07-23T19:25:03Z
57488,Nxtra Data Noida DC 2,Noida,IN,813,2319,20473,2022-09-09T15:44:34Z,2022-09-09T15:44:34Z
59993,Nxtra Data Noida DC 2,Noida,IN,13897,2319,17494,2023-01-26T07:28:58Z,2023-01-26T07:28:58Z
72839,Nxtra Data Noida DC 2,Noida,IN,9598,2319,203391,2024-08-20T11:06:07Z,2024-08-20T11:06:07Z
80866,Nxtra Data Noida DC 2,Noida,IN,25024,2319,141383,2025-07-31T09:31:45Z,2025-07-31T09:31:45Z
18794,Sify Greenfort - Noida,Noida,IN,433,2411,15169,2015-12-06T00:00:00Z,2016-03-14T20:39:46Z
19857,Sify Greenfort - Noida,Noida,IN,9900,2411,132323,2016-03-30T18:18:29Z,2016-03-30T18:18:29Z
21103,Sify Greenfort - Noida,Noida,IN,1418,2411,16509,2016-07-25T20:05:49Z,2016-07-25T20:05:50Z
22502,Sify Greenfort - Noida,Noida,IN,8577,2411,133982,2016-11-20T18:22:04Z,2016-11-20T18:22:04Z
22994,Sify Greenfort - Noida,Noida,IN,12175,2411,135799,2017-01-05T17:49:28Z,2024-07-14T03:08:18Z
23527,Sify Greenfort - Noida,Noida,IN,11260,2411,58965,2017-02-17T05:21:50Z,2017-02-17T05:21:50Z
23535,Sify Greenfort - Noida,Noida,IN,9310,2411,134026,2017-02-17T15:35:32Z,2017-02-17T15:35:33Z
24359,Sify Greenfort - Noida,Noida,IN,9903,2411,133676,2017-04-24T08:08:12Z,2017-04-24T08:08:12Z
25817,Sify Greenfort - Noida,Noida,IN,6758,2411,64049,2017-08-21T11:10:21Z,2017-08-21T11:10:21Z
26517,Sify Greenfort - Noida,Noida,IN,8167,2411,17747,2017-10-17T08:20:13Z,2020-01-27T14:45:06Z
26713,Sify Greenfort - Noida,Noida,IN,9343,2411,132116,2017-10-30T11:07:59Z,2017-10-30T11:07:59Z
27404,Sify Greenfort - Noida,Noida,IN,10976,2411,132115,2017-12-18T12:09:50Z,2017-12-18T12:09:51Z
27556,Sify Greenfort - Noida,Noida,IN,14914,2411,136724,2018-01-04T11:01:53Z,2018-01-04T11:01:54Z
27574,Sify Greenfort - Noida,Noida,IN,12698,2411,134858,2018-01-06T13:40:22Z,2019-12-25T04:20:06Z
29760,Sify Greenfort - Noida,Noida,IN,13315,2411,133680,2018-05-31T07:58:45Z,2018-08-10T16:21:26Z
30911,Sify Greenfort - Noida,Noida,IN,12550,2411,38571,2018-08-14T05:13:48Z,2018-08-14T05:13:49Z
32952,Sify Greenfort - Noida,Noida,IN,15844,2411,9829,2018-12-21T10:15:16Z,2018-12-21T10:15:16Z
35559,Sify Greenfort - Noida,Noida,IN,5520,2411,54113,2019-05-23T17:08:31Z,2019-05-23T17:08:31Z
35707,Sify Greenfort - Noida,Noida,IN,19949,2411,138768,2019-05-31T09:23:36Z,2019-05-31T09:23:36Z
36200,Sify Greenfort - Noida,Noida,IN,14130,2411,136643,2019-06-30T11:31:12Z,2019-06-30T11:31:12Z
36220,Sify Greenfort - Noida,Noida,IN,10670,2411,55256,2019-07-01T17:22:29Z,2019-07-01T17:22:29Z
36367,Sify Greenfort - Noida,Noida,IN,979,2411,32934,2019-07-10T05:06:50Z,2019-07-10T05:06:50Z
37027,Sify Greenfort - Noida,Noida,IN,10496,2411,132934,2019-08-29T18:07:32Z,2020-07-08T10:16:15Z
37236,Sify Greenfort - Noida,Noida,IN,20896,2411,133272,2019-09-17T06:58:34Z,2019-09-17T06:58:34Z
37588,Sify Greenfort - Noida,Noida,IN,16389,2411,137095,2019-10-10T19:10:19Z,2026-08-11T19:05:22Z
39520,Sify Greenfort - Noida,Noida,IN,17183,2411,136354,2020-02-10T14:03:58Z,2020-02-10T14:03:58Z
42569,Sify Greenfort - Noida,Noida,IN,10964,2411,58717,2020-07-11T09:26:58Z,2020-07-11T09:26:58Z
43584,Sify Greenfort - Noida,Noida,IN,2536,2411,9583,2020-09-02T13:03:15Z,2020-09-02T13:03:15Z
43635,Sify Greenfort - Noida,Noida,IN,3115,2411,45845,2020-09-04T09:59:42Z,2020-09-04T09:59:42Z
43647,Sify Greenfort - Noida,Noida,IN,16764,2411,137085,2020-09-04T17:51:06Z,2020-09-04T17:51:06Z
43679,Sify Greenfort - Noida,Noida,IN,14496,2411,133278,2020-09-07T09:54:46Z,2020-09-07T09:54:46Z
43680,Sify Greenfort - Noida,Noida,IN,11676,2411,55507,2020-09-07T10:31:23Z,2020-09-07T10:31:23Z
43709,Sify Greenfort - Noida,Noida,IN,22027,2411,135208,2020-09-09T06:33:53Z,2020-09-09T06:33:54Z
43716,Sify Greenfort - Noida,Noida,IN,12918,2411,134375,2020-09-09T11:42:54Z,2020-09-09T11:42:54Z
43724,Sify Greenfort - Noida,Noida,IN,3514,2411,10029,2020-09-10T04:46:08Z,2020-09-10T04:46:08Z
43867,Sify Greenfort - Noida,Noida,IN,3816,2411,45528,2020-09-17T12:32:33Z,2020-09-17T12:32:33Z
43960,Sify Greenfort - Noida,Noida,IN,24602,2411,136306,2020-09-24T06:00:07Z,2020-09-24T06:00:07Z
43995,Sify Greenfort - Noida,Noida,IN,9843,2411,45582,2020-09-27T02:04:45Z,2020-09-27T02:04:45Z
44319,Sify Greenfort - Noida,Noida,IN,2,2411,20940,2020-10-08T06:13:24Z,2021-04-19T21:36:50Z
44322,Sify Greenfort - Noida,Noida,IN,17903,2411,133971,2020-10-08T06:23:10Z,2020-10-08T06:23:10Z
44484,Sify Greenfort - Noida,Noida,IN,10274,2411,135183,2020-10-14T15:43:29Z,2021-08-20T18:03:32Z
44509,Sify Greenfort - Noida,Noida,IN,10538,2411,45184,2020-10-15T12:05:03Z,2020-10-15T12:05:03Z
44661,Sify Greenfort - Noida,Noida,IN,17486,2411,133965,2020-10-24T10:30:19Z,2020-10-24T10:30:19Z
45106,Sify Greenfort - Noida,Noida,IN,17226,2411,136684,2020-11-11T06:38:43Z,2020-11-11T06:38:43Z
45898,Sify Greenfort - Noida,Noida,IN,25122,2411,133980,2020-12-18T05:29:10Z,2020-12-18T05:29:10Z
46482,Sify Greenfort - Noida,Noida,IN,20607,2411,138716,2021-01-15T11:08:09Z,2021-01-15T11:08:09Z
46984,Sify Greenfort - Noida,Noida,IN,25805,2411,141539,2021-01-30T03:25:58Z,2026-03-17T13:24:47Z
47395,Sify Greenfort - Noida,Noida,IN,4224,2411,13335,2021-02-19T04:30:42Z,2021-02-19T04:30:42Z
47991,Sify Greenfort - Noida,Noida,IN,26339,2411,140132,2021-03-23T09:44:06Z,2021-04-29T23:10:39Z
48067,Sify Greenfort - Noida,Noida,IN,8847,2411,59162,2021-03-26T12:44:20Z,2021-03-26T12:47:39Z
48116,Sify Greenfort - Noida,Noida,IN,26270,2411,141540,2021-03-29T09:37:07Z,2021-03-29T09:37:07Z
48233,Sify Greenfort - Noida,Noida,IN,25817,2411,141331,2021-04-02T12:23:12Z,2021-04-02T12:23:12Z
48616,Sify Greenfort - Noida,Noida,IN,25219,2411,141253,2021-04-27T04:00:07Z,2021-04-27T04:00:07Z
48941,Sify Greenfort - Noida,Noida,IN,20325,2411,135760,2021-05-11T14:27:54Z,2021-05-11T14:27:54Z
49511,Sify Greenfort - Noida,Noida,IN,27165,2411,140134,2021-06-14T17:39:21Z,2021-06-14T17:39:21Z
49657,Sify Greenfort - Noida,Noida,IN,14340,2411,135834,2021-06-22T13:07:59Z,2021-06-22T13:07:59Z
50239,Sify Greenfort - Noida,Noida,IN,2827,2411,24457,2021-07-16T11:22:16Z,2021-07-16T11:22:16Z
50888,Sify Greenfort - Noida,Noida,IN,10711,2411,132768,2021-08-26T12:12:26Z,2021-08-26T12:12:26Z
50925,Sify Greenfort - Noida,Noida,IN,10289,2411,9830,2021-08-29T15:58:22Z,2021-08-29T15:58:22Z
51088,Sify Greenfort - Noida,Noida,IN,27155,2411,142419,2021-09-07T09:45:19Z,2021-09-07T09:45:19Z
51399,Sify Greenfort - Noida,Noida,IN,9355,2411,23860,2021-09-29T06:18:26Z,2021-09-29T06:18:26Z
52484,Sify Greenfort - Noida,Noida,IN,17331,2411,134041,2021-11-24T18:45:09Z,2023-06-11T16:23:11Z
52593,Sify Greenfort - Noida,Noida,IN,26873,2411,140151,2021-12-01T09:46:48Z,2021-12-01T09:46:48Z
52742,Sify Greenfort - Noida,Noida,IN,16017,2411,135817,2021-12-09T04:58:37Z,2021-12-09T04:58:37Z
52979,Sify Greenfort - Noida,Noida,IN,28901,2411,149240,2021-12-28T10:27:08Z,2021-12-28T10:27:08Z
53284,Sify Greenfort - Noida,Noida,IN,10787,2411,58762,2022-01-16T07:36:39Z,2022-01-16T07:36:39Z
53305,Sify Greenfort - Noida,Noida,IN,24658,2411,140133,2022-01-17T11:15:14Z,2022-01-17T11:15:14Z
53397,Sify Greenfort - Noida,Noida,IN,16870,2411,135232,2022-01-20T19:46:06Z,2022-01-20T19:46:06Z
53419,Sify Greenfort - Noida,Noida,IN,16634,2411,134337,2022-01-21T17:20:51Z,2023-05-28T15:33:16Z
53603,Sify Greenfort - Noida,Noida,IN,16598,2411,32261,2022-02-01T13:17:22Z,2022-02-01T13:17:22Z
53812,Sify Greenfort - Noida,Noida,IN,18930,2411,138257,2022-02-14T09:57:10Z,2022-02-14T09:57:10Z
53867,Sify Greenfort - Noida,Noida,IN,5918,2411,6507,2022-02-17T12:38:55Z,2022-02-17T12:38:55Z
55183,Sify Greenfort - Noida,Noida,IN,15211,2411,134922,2022-05-06T06:01:55Z,2022-05-06T06:01:55Z
57331,Sify Greenfort - Noida,Noida,IN,5846,2411,45117,2022-08-31T11:37:05Z,2022-08-31T11:42:25Z
58183,Sify Greenfort - Noida,Noida,IN,3684,2411,18209,2022-10-20T14:45:28Z,2022-10-20T14:45:28Z
58650,Sify Greenfort - Noida,Noida,IN,25364,2411,140171,2022-11-14T07:12:38Z,2022-11-14T07:12:38Z
58830,Sify Greenfort - Noida,Noida,IN,30614,2411,141731,2022-11-21T08:58:43Z,2023-02-20T12:50:13Z
59216,Sify Greenfort - Noida,Noida,IN,5871,2411,45916,2022-12-14T14:32:58Z,2022-12-14T14:32:58Z
59675,Sify Greenfort - Noida,Noida,IN,29091,2411,146904,2023-01-10T01:51:59Z,2023-01-10T01:51:59Z
59796,Sify Greenfort - Noida,Noida,IN,11729,2411,133275,2023-01-17T12:12:04Z,2023-01-17T12:12:04Z
60304,Sify Greenfort - Noida,Noida,IN,19824,2411,137678,2023-02-14T04:46:53Z,2023-02-14T04:46:54Z
60444,Sify Greenfort - Noida,Noida,IN,24637,2411,17350,2023-02-22T16:29:10Z,2023-02-22T16:29:10Z
60517,Sify Greenfort - Noida,Noida,IN,15784,2411,135848,2023-02-25T19:32:47Z,2023-02-25T19:32:47Z
61104,Sify Greenfort - Noida,Noida,IN,32636,2411,149222,2023-03-25T06:12:42Z,2023-03-25T06:12:42Z
61443,Sify Greenfort - Noida,Noida,IN,21019,2411,135766,2023-04-10T10:01:14Z,2023-04-10T10:01:14Z
61635,Sify Greenfort - Noida,Noida,IN,32512,2411,132979,2023-04-17T12:12:04Z,2023-04-17T12:12:04Z
62644,Sify Greenfort - Noida,Noida,IN,18468,2411,134928,2023-06-02T11:17:39Z,2023-06-02T11:17:39Z
62993,Sify Greenfort - Noida,Noida,IN,15930,2411,136625,2023-06-19T22:05:17Z,2023-06-19T22:11:40Z
63344,Sify Greenfort - Noida,Noida,IN,4837,2411,18229,2023-06-26T10:47:43Z,2023-06-26T10:47:44Z
63805,Sify Greenfort - Noida,Noida,IN,26057,2411,141529,2023-07-15T08:12:50Z,2023-07-15T08:12:50Z
64108,Sify Greenfort - Noida,Noida,IN,27306,2411,134294,2023-08-01T04:48:52Z,2023-08-01T04:48:52Z
64594,Sify Greenfort - Noida,Noida,IN,33980,2411,151770,2023-08-29T18:54:50Z,2023-08-29T18:54:50Z
64672,Sify Greenfort - Noida,Noida,IN,13418,2411,133372,2023-09-01T04:49:25Z,2023-09-01T04:49:25Z
66014,Sify Greenfort - Noida,Noida,IN,26071,2411,141339,2023-10-30T09:37:08Z,2023-10-30T09:37:08Z
66204,Sify Greenfort - Noida,Noida,IN,2328,2411,17806,2023-11-09T04:56:45Z,2023-11-09T04:56:45Z
66277,Sify Greenfort - Noida,Noida,IN,34540,2411,149584,2023-11-13T05:45:06Z,2023-11-13T05:45:06Z
68538,Sify Greenfort - Noida,Noida,IN,35421,2411,151729,2024-02-23T06:23:21Z,2024-02-23T06:23:21Z
69958,Sify Greenfort - Noida,Noida,IN,27941,2411,138713,2024-04-18T05:04:20Z,2024-04-18T05:04:20Z
70130,Sify Greenfort - Noida,Noida,IN,29175,2411,149268,2024-04-25T07:50:51Z,2024-04-25T07:50:51Z
70186,Sify Greenfort - Noida,Noida,IN,30960,2411,150178,2024-04-28T09:29:46Z,2024-04-28T09:29:47Z
70298,Sify Greenfort - Noida,Noida,IN,31733,2411,142485,2024-05-05T02:59:05Z,2024-05-05T02:59:05Z
70504,Sify Greenfort - Noida,Noida,IN,5167,2411,17665,2024-05-13T14:53:36Z,2024-05-13T14:53:36Z
70828,Sify Greenfort - Noida,Noida,IN,16179,2411,135761,2024-05-27T07:39:48Z,2024-05-27T07:39:49Z
71108,Sify Greenfort - Noida,Noida,IN,13294,2411,134316,2024-06-10T13:26:17Z,2024-06-10T13:26:17Z
71559,Sify Greenfort - Noida,Noida,IN,36625,2411,151732,2024-06-28T15:30:00Z,2024-06-28T15:30:00Z
73437,Sify Greenfort - Noida,Noida,IN,3967,2411,24029,2024-09-10T10:27:56Z,2024-09-10T10:27:57Z
73692,Sify Greenfort - Noida,Noida,IN,35867,2411,152565,2024-09-25T03:28:23Z,2024-09-25T03:28:23Z
75219,Sify Greenfort - Noida,Noida,IN,34243,2411,135709,2024-11-29T05:40:22Z,2024-11-29T05:40:22Z
76624,Sify Greenfort - Noida,Noida,IN,34858,2411,151690,2025-02-07T10:18:46Z,2025-02-07T10:18:46Z
77294,Sify Greenfort - Noida,Noida,IN,14155,2411,133647,2025-03-09T13:29:40Z,2025-03-09T13:29:40Z
77352,Sify Greenfort - Noida,Noida,IN,38750,2411,148992,2025-03-11T12:24:03Z,2025-03-11T12:24:03Z
77939,Sify Greenfort - Noida,Noida,IN,15549,2411,135777,2025-04-04T06:37:30Z,2025-04-04T06:37:30Z
78037,Sify Greenfort - Noida,Noida,IN,28520,2411,139901,2025-04-08T11:15:52Z,2025-04-08T11:15:52Z
78338,Sify Greenfort - Noida,Noida,IN,34977,2411,151720,2025-04-21T10:05:44Z,2025-04-21T10:05:44Z
79046,Sify Greenfort - Noida,Noida,IN,1595,2411,10075,2025-05-25T08:01:39Z,2025-05-25T08:01:39Z
79171,Sify Greenfort - Noida,Noida,IN,38964,2411,153259,2025-05-28T18:27:42Z,2025-05-28T18:27:42Z
79200,Sify Greenfort - Noida,Noida,IN,39338,2411,150596,2025-05-29T12:12:15Z,2025-05-29T12:12:15Z
79231,Sify Greenfort - Noida,Noida,IN,13932,2411,38740,2025-05-31T05:58:00Z,2026-05-26T16:14:15Z
79573,Sify Greenfort - Noida,Noida,IN,38924,2411,152547,2025-06-16T09:22:03Z,2025-06-16T09:22:04Z
81343,Sify Greenfort - Noida,Noida,IN,26356,2411,134860,2025-08-26T05:31:25Z,2025-08-26T05:31:25Z
81510,Sify Greenfort - Noida,Noida,IN,40010,2411,153756,2025-08-29T16:10:56Z,2025-09-04T15:42:03Z
81753,Sify Greenfort - Noida,Noida,IN,28945,2411,134940,2025-09-10T07:39:13Z,2025-09-10T07:39:13Z
81755,Sify Greenfort - Noida,Noida,IN,16912,2411,136370,2025-09-10T16:19:56Z,2025-09-10T16:19:57Z
82061,Sify Greenfort - Noida,Noida,IN,33105,2411,149594,2025-09-25T07:03:18Z,2025-09-25T07:03:18Z
82090,Sify Greenfort - Noida,Noida,IN,39127,2411,147233,2025-09-26T12:06:20Z,2025-09-26T12:06:20Z
82530,Sify Greenfort - Noida,Noida,IN,8683,2411,53813,2025-10-14T19:16:34Z,2025-10-14T19:16:35Z
83268,Sify Greenfort - Noida,Noida,IN,40430,2411,154187,2025-10-30T03:14:53Z,2025-10-30T03:14:53Z
84172,Sify Greenfort - Noida,Noida,IN,37657,2411,135650,2025-12-03T13:43:21Z,2025-12-03T13:43:22Z
84463,Sify Greenfort - Noida,Noida,IN,40852,2411,154360,2025-12-16T20:09:55Z,2025-12-16T20:09:55Z
84808,Sify Greenfort - Noida,Noida,IN,35726,2411,215228,2026-01-07T15:54:31Z,2026-01-07T15:54:32Z
84852,Sify Greenfort - Noida,Noida,IN,26482,2411,141799,2026-01-08T19:02:42Z,2026-01-08T19:02:42Z
86414,Sify Greenfort - Noida,Noida,IN,41755,2411,151691,2026-03-09T06:45:10Z,2026-03-09T06:45:10Z
87064,Sify Greenfort - Noida,Noida,IN,39939,2411,133976,2026-04-04T16:41:23Z,2026-04-04T16:41:23Z
87116,Sify Greenfort - Noida,Noida,IN,14387,2411,45820,2026-04-06T12:16:56Z,2026-04-06T12:16:56Z
87492,Sify Greenfort - Noida,Noida,IN,19838,2411,132884,2026-04-23T11:23:49Z,2026-04-23T11:23:49Z
88092,Sify Greenfort - Noida,Noida,IN,16896,2411,132771,2026-05-25T14:39:58Z,2026-05-25T14:39:58Z
88277,Sify Greenfort - Noida,Noida,IN,16233,2411,136373,2026-06-03T11:39:15Z,2026-06-03T11:39:15Z
88623,Sify Greenfort - Noida,Noida,IN,32220,2411,150748,2026-06-20T13:55:32Z,2026-06-20T13:55:32Z
88662,Sify Greenfort - Noida,Noida,IN,18747,2411,14593,2026-06-22T18:18:43Z,2026-06-22T18:18:44Z
88729,Sify Greenfort - Noida,Noida,IN,22100,2411,137491,2026-06-24T11:04:31Z,2026-06-24T11:04:31Z
88807,Sify Greenfort - Noida,Noida,IN,5933,2411,17625,2026-06-26T10:21:28Z,2026-06-26T10:21:28Z
89281,Sify Greenfort - Noida,Noida,IN,15643,2411,136645,2026-07-18T16:34:05Z,2026-07-18T16:34:05Z
89356,Sify Greenfort - Noida,Noida,IN,42937,2411,138748,2026-07-22T18:23:16Z,2026-07-22T18:23:17Z
89530,Sify Greenfort - Noida,Noida,IN,27330,2411,49915,2026-07-30T07:18:48Z,2026-07-30T07:18:48Z
89858,Sify Greenfort - Noida,Noida,IN,14676,2411,136946,2026-08-06T12:35:42Z,2026-08-06T12:35:42Z
90093,Sify Greenfort - Noida,Noida,IN,32703,2411,132746,2026-08-20T12:17:39Z,2026-08-20T12:17:39Z
18771,Niss Broadband-Tirunelveli,Tirunelveli,IN,5842,2424,132774,2015-12-01T00:00:00Z,2016-03-14T21:55:17Z
46093,Niss Broadband-Tirunelveli,Tirunelveli,IN,25562,2424,132773,2020-12-29T17:28:34Z,2020-12-29T17:28:34Z
18772,Niss Broadband-Chennai,Chennai,IN,5842,2426,132774,2015-12-01T00:00:00Z,2016-03-14T21:19:01Z
46092,Niss Broadband-Chennai,Chennai,IN,25562,2426,132773,2020-12-29T17:28:28Z,2020-12-29T17:28:28Z
23414,Sify Airoli-DC- Mumbai,Mumbai,IN,7117,2464,132215,2017-02-07T04:27:57Z,2024-12-11T05:57:01Z
43582,Sify Airoli-DC- Mumbai,Mumbai,IN,2536,2464,9583,2020-09-02T13:02:58Z,2020-09-02T13:02:58Z
43869,Sify Airoli-DC- Mumbai,Mumbai,IN,3816,2464,45528,2020-09-17T12:33:18Z,2020-09-17T12:33:18Z
44302,Sify Airoli-DC- Mumbai,Mumbai,IN,11391,2464,133309,2020-10-07T11:25:21Z,2020-10-07T11:25:21Z
44320,Sify Airoli-DC- Mumbai,Mumbai,IN,17903,2464,133971,2020-10-08T06:22:39Z,2020-10-08T06:22:39Z
44375,Sify Airoli-DC- Mumbai,Mumbai,IN,24602,2464,136306,2020-10-09T05:16:42Z,2020-10-09T05:16:42Z
44511,Sify Airoli-DC- Mumbai,Mumbai,IN,10538,2464,45184,2020-10-15T12:05:35Z,2020-10-15T12:05:35Z
44803,Sify Airoli-DC- Mumbai,Mumbai,IN,9843,2464,45582,2020-10-29T07:15:58Z,2020-10-29T07:15:58Z
45899,Sify Airoli-DC- Mumbai,Mumbai,IN,25122,2464,133980,2020-12-18T05:29:20Z,2020-12-18T05:29:20Z
46486,Sify Airoli-DC- Mumbai,Mumbai,IN,20607,2464,138716,2021-01-15T11:09:12Z,2021-01-15T11:09:12Z
54731,Sify Airoli-DC- Mumbai,Mumbai,IN,1234,2464,21859,2022-04-08T18:33:27Z,2025-05-08T05:53:00Z
60653,Sify Airoli-DC- Mumbai,Mumbai,IN,3967,2464,24029,2023-03-02T06:33:33Z,2023-03-02T06:33:33Z
65674,Sify Airoli-DC- Mumbai,Mumbai,IN,29071,2464,142439,2023-10-13T04:13:39Z,2023-10-13T04:13:39Z
74600,Sify Airoli-DC- Mumbai,Mumbai,IN,35709,2464,200449,2024-11-05T20:58:48Z,2024-11-05T20:58:48Z
77948,Sify Airoli-DC- Mumbai,Mumbai,IN,38933,2464,136418,2025-04-04T07:01:40Z,2025-04-04T07:01:41Z
79164,Sify Airoli-DC- Mumbai,Mumbai,IN,38964,2464,153259,2025-05-28T18:24:54Z,2025-05-28T18:24:55Z
79969,Sify Airoli-DC- Mumbai,Mumbai,IN,8700,2464,133298,2025-07-02T15:11:26Z,2025-07-02T15:11:26Z
80220,Sify Airoli-DC- Mumbai,Mumbai,IN,1517,2464,13445,2025-07-09T10:38:59Z,2025-07-09T10:39:00Z
81288,Sify Airoli-DC- Mumbai,Mumbai,IN,12978,2464,133271,2025-08-23T06:40:53Z,2025-08-23T06:40:53Z
82522,Sify Airoli-DC- Mumbai,Mumbai,IN,8683,2464,53813,2025-10-14T19:14:48Z,2025-10-14T19:14:48Z
84057,Sify Airoli-DC- Mumbai,Mumbai,IN,40963,2464,135410,2025-11-28T14:14:38Z,2025-11-28T14:14:38Z
84262,Sify Airoli-DC- Mumbai,Mumbai,IN,8731,2464,30103,2025-12-08T16:37:01Z,2025-12-08T16:37:02Z
84273,Sify Airoli-DC- Mumbai,Mumbai,IN,37657,2464,135650,2025-12-09T06:44:01Z,2025-12-09T06:44:02Z
85442,Sify Airoli-DC- Mumbai,Mumbai,IN,34243,2464,135709,2026-02-04T06:07:03Z,2026-02-04T06:07:03Z
85718,Sify Airoli-DC- Mumbai,Mumbai,IN,41344,2464,142210,2026-02-10T13:32:54Z,2026-02-10T13:32:54Z
86107,Sify Airoli-DC- Mumbai,Mumbai,IN,8279,2464,58678,2026-02-24T10:37:28Z,2026-02-24T10:37:28Z
89532,Sify Airoli-DC- Mumbai,Mumbai,IN,27330,2464,49915,2026-07-30T07:18:51Z,2026-07-30T07:18:51Z
24365,Sify Rabale - Mumbai,Navi Mumbai,IN,11393,2465,134008,2017-04-24T12:31:51Z,2017-04-24T12:31:51Z
25027,Sify Rabale - Mumbai,Navi Mumbai,IN,9669,2465,133315,2017-06-21T10:14:13Z,2017-06-21T10:14:13Z
35935,Sify Rabale - Mumbai,Navi Mumbai,IN,20015,2465,138262,2019-06-08T09:23:02Z,2019-06-08T09:23:02Z
36219,Sify Rabale - Mumbai,Navi Mumbai,IN,10670,2465,55256,2019-07-01T17:22:09Z,2019-07-01T17:22:09Z
36916,Sify Rabale - Mumbai,Navi Mumbai,IN,14899,2465,24193,2019-08-20T08:27:22Z,2019-08-20T08:27:22Z
38704,Sify Rabale - Mumbai,Navi Mumbai,IN,17242,2465,135139,2019-12-12T09:56:55Z,2019-12-12T09:56:55Z
39155,Sify Rabale - Mumbai,Navi Mumbai,IN,22073,2465,137179,2020-01-20T08:12:56Z,2020-01-20T08:12:56Z
39855,Sify Rabale - Mumbai,Navi Mumbai,IN,8355,2465,133658,2020-02-28T07:06:40Z,2020-02-28T07:06:40Z
43551,Sify Rabale - Mumbai,Navi Mumbai,IN,3720,2465,55915,2020-09-01T04:54:58Z,2020-09-01T04:54:58Z
43560,Sify Rabale - Mumbai,Navi Mumbai,IN,3115,2465,45845,2020-09-01T11:07:02Z,2020-09-01T11:07:02Z
43586,Sify Rabale - Mumbai,Navi Mumbai,IN,2536,2465,9583,2020-09-02T13:03:26Z,2020-09-02T13:03:26Z
43681,Sify Rabale - Mumbai,Navi Mumbai,IN,11676,2465,55507,2020-09-07T10:32:19Z,2020-09-07T10:32:19Z
43713,Sify Rabale - Mumbai,Navi Mumbai,IN,4317,2465,55352,2020-09-09T10:47:41Z,2020-09-09T10:47:41Z
43866,Sify Rabale - Mumbai,Navi Mumbai,IN,3816,2465,45528,2020-09-17T12:32:15Z,2020-09-17T12:32:15Z
43994,Sify Rabale - Mumbai,Navi Mumbai,IN,9843,2465,45582,2020-09-27T02:04:07Z,2020-09-27T02:04:07Z
44054,Sify Rabale - Mumbai,Navi Mumbai,IN,9054,2465,17426,2020-09-28T12:14:13Z,2020-09-28T12:14:13Z
44321,Sify Rabale - Mumbai,Navi Mumbai,IN,17903,2465,133971,2020-10-08T06:22:51Z,2020-10-08T06:22:51Z
44377,Sify Rabale - Mumbai,Navi Mumbai,IN,24602,2465,136306,2020-10-09T05:16:59Z,2020-10-09T05:16:59Z
44512,Sify Rabale - Mumbai,Navi Mumbai,IN,10538,2465,45184,2020-10-15T12:05:45Z,2020-10-15T12:05:45Z
44584,Sify Rabale - Mumbai,Navi Mumbai,IN,14496,2465,133278,2020-10-20T09:21:49Z,2020-10-20T09:21:49Z
44937,Sify Rabale - Mumbai,Navi Mumbai,IN,18630,2465,59200,2020-11-03T16:31:04Z,2020-11-03T16:31:04Z
45104,Sify Rabale - Mumbai,Navi Mumbai,IN,17226,2465,136684,2020-11-11T06:37:55Z,2020-11-11T06:37:55Z
45713,Sify Rabale - Mumbai,Navi Mumbai,IN,21435,2465,139547,2020-12-10T06:09:21Z,2020-12-10T06:09:21Z
45900,Sify Rabale - Mumbai,Navi Mumbai,IN,25122,2465,133980,2020-12-18T05:29:35Z,2020-12-18T05:29:35Z
46483,Sify Rabale - Mumbai,Navi Mumbai,IN,20607,2465,138716,2021-01-15T11:08:22Z,2021-01-15T11:08:22Z
50447,Sify Rabale - Mumbai,Navi Mumbai,IN,26500,2465,137645,2021-07-30T16:56:52Z,2024-02-09T11:11:42Z
52334,Sify Rabale - Mumbai,Navi Mumbai,IN,979,2465,32934,2021-11-18T02:01:01Z,2021-11-18T02:01:01Z
54394,Sify Rabale - Mumbai,Navi Mumbai,IN,12647,2465,55410,2022-03-21T16:52:50Z,2022-03-21T16:52:50Z
54417,Sify Rabale - Mumbai,Navi Mumbai,IN,3876,2465,55644,2022-03-22T12:45:11Z,2022-03-22T12:45:11Z
54730,Sify Rabale - Mumbai,Navi Mumbai,IN,1234,2465,21859,2022-04-08T18:33:18Z,2025-05-08T05:52:51Z
60663,Sify Rabale - Mumbai,Navi Mumbai,IN,5846,2465,45117,2023-03-02T09:53:11Z,2023-03-02T09:53:11Z
66210,Sify Rabale - Mumbai,Navi Mumbai,IN,2328,2465,17806,2023-11-09T04:58:38Z,2023-11-09T04:58:38Z
67539,Sify Rabale - Mumbai,Navi Mumbai,IN,11592,2465,132137,2024-01-18T05:53:44Z,2024-01-18T05:53:44Z
68907,Sify Rabale - Mumbai,Navi Mumbai,IN,34728,2465,152129,2024-03-07T05:24:51Z,2024-03-07T05:24:51Z
72115,Sify Rabale - Mumbai,Navi Mumbai,IN,15870,2465,133692,2024-07-23T06:37:39Z,2024-07-23T06:37:39Z
73693,Sify Rabale - Mumbai,Navi Mumbai,IN,35867,2465,152565,2024-09-25T03:28:57Z,2024-09-25T03:28:57Z
74619,Sify Rabale - Mumbai,Navi Mumbai,IN,4837,2465,18229,2024-11-06T17:49:02Z,2024-11-06T17:49:02Z
75216,Sify Rabale - Mumbai,Navi Mumbai,IN,34243,2465,135709,2024-11-29T05:37:36Z,2024-11-29T05:37:36Z
76622,Sify Rabale - Mumbai,Navi Mumbai,IN,34858,2465,151690,2025-02-07T10:18:06Z,2025-02-07T10:18:06Z
77539,Sify Rabale - Mumbai,Navi Mumbai,IN,37476,2465,214122,2025-03-17T14:42:49Z,2025-03-17T14:42:49Z
77875,Sify Rabale - Mumbai,Navi Mumbai,IN,28195,2465,146908,2025-03-31T08:11:04Z,2025-03-31T08:11:04Z
79574,Sify Rabale - Mumbai,Navi Mumbai,IN,38924,2465,152547,2025-06-16T09:22:18Z,2025-06-16T09:22:18Z
83269,Sify Rabale - Mumbai,Navi Mumbai,IN,40430,2465,154187,2025-10-30T03:32:25Z,2025-10-30T03:32:25Z
84276,Sify Rabale - Mumbai,Navi Mumbai,IN,37657,2465,135650,2025-12-09T11:48:13Z,2025-12-09T11:48:13Z
84779,Sify Rabale - Mumbai,Navi Mumbai,IN,41229,2465,153897,2026-01-05T09:12:27Z,2026-01-05T09:12:27Z
84809,Sify Rabale - Mumbai,Navi Mumbai,IN,35726,2465,215228,2026-01-07T15:54:40Z,2026-01-07T15:54:40Z
86108,Sify Rabale - Mumbai,Navi Mumbai,IN,8279,2465,58678,2026-02-24T10:37:35Z,2026-02-24T10:37:35Z
86597,Sify Rabale - Mumbai,Navi Mumbai,IN,25805,2465,141539,2026-03-17T13:27:11Z,2026-03-17T13:27:11Z
88651,Sify Rabale - Mumbai,Navi Mumbai,IN,15844,2465,9829,2026-06-22T06:33:15Z,2026-06-22T06:33:15Z
88769,Sify Rabale - Mumbai,Navi Mumbai,IN,15930,2465,136625,2026-06-25T08:47:30Z,2026-06-25T08:47:30Z
43587,Sify Vashi - Mumbai,Navi Mumbai,IN,2536,2466,9583,2020-09-02T13:03:31Z,2020-09-02T13:03:31Z
43864,Sify Vashi - Mumbai,Navi Mumbai,IN,4317,2466,55352,2020-09-17T11:56:42Z,2020-09-17T11:56:42Z
43865,Sify Vashi - Mumbai,Navi Mumbai,IN,3816,2466,45528,2020-09-17T12:30:57Z,2020-09-17T12:30:57Z
43884,Sify Vashi - Mumbai,Navi Mumbai,IN,3514,2466,10029,2020-09-18T04:42:46Z,2020-09-18T04:42:46Z
44055,Sify Vashi - Mumbai,Navi Mumbai,IN,9054,2466,17426,2020-09-28T12:14:21Z,2020-09-28T12:14:21Z
44325,Sify Vashi - Mumbai,Navi Mumbai,IN,17903,2466,133971,2020-10-08T06:23:52Z,2020-10-08T06:23:52Z
44379,Sify Vashi - Mumbai,Navi Mumbai,IN,24602,2466,136306,2020-10-09T05:17:15Z,2020-10-09T05:17:15Z
44513,Sify Vashi - Mumbai,Navi Mumbai,IN,10538,2466,45184,2020-10-15T12:05:54Z,2020-10-15T12:05:54Z
44802,Sify Vashi - Mumbai,Navi Mumbai,IN,9843,2466,45582,2020-10-29T07:15:38Z,2020-10-29T07:15:38Z
45105,Sify Vashi - Mumbai,Navi Mumbai,IN,17226,2466,136684,2020-11-11T06:38:34Z,2020-11-11T06:38:34Z
45458,Sify Vashi - Mumbai,Navi Mumbai,IN,11676,2466,55507,2020-11-27T11:19:43Z,2020-11-27T11:19:43Z
46485,Sify Vashi - Mumbai,Navi Mumbai,IN,20607,2466,138716,2021-01-15T11:08:50Z,2021-01-15T11:08:50Z
60655,Sify Vashi - Mumbai,Navi Mumbai,IN,3967,2466,24029,2023-03-02T06:34:09Z,2023-03-02T06:34:09Z
60665,Sify Vashi - Mumbai,Navi Mumbai,IN,5846,2466,45117,2023-03-02T09:54:59Z,2023-03-02T09:54:59Z
89533,Sify Vashi - Mumbai,Navi Mumbai,IN,27330,2466,49915,2026-07-30T07:18:52Z,2026-07-30T07:18:52Z
27282,Sify ITPL - Bangalore,Bangalore,IN,2536,2467,9583,2017-12-08T09:54:57Z,2017-12-08T09:54:57Z
38208,Sify ITPL - Bangalore,Bangalore,IN,8366,2467,24309,2019-11-20T09:56:26Z,2019-11-20T09:56:26Z
44326,Sify ITPL - Bangalore,Bangalore,IN,17903,2467,133971,2020-10-08T06:24:01Z,2020-10-08T06:24:01Z
44376,Sify ITPL - Bangalore,Bangalore,IN,24602,2467,136306,2020-10-09T05:16:51Z,2020-10-09T05:16:51Z
44510,Sify ITPL - Bangalore,Bangalore,IN,10538,2467,45184,2020-10-15T12:05:26Z,2020-10-15T12:05:26Z
44804,Sify ITPL - Bangalore,Bangalore,IN,9843,2467,45582,2020-10-29T07:16:32Z,2020-10-29T07:16:32Z
45457,Sify ITPL - Bangalore,Bangalore,IN,11676,2467,55507,2020-11-27T11:18:01Z,2020-11-27T11:18:01Z
45902,Sify ITPL - Bangalore,Bangalore,IN,25122,2467,133980,2020-12-18T05:30:12Z,2020-12-18T05:30:12Z
57334,Sify ITPL - Bangalore,Bangalore,IN,5846,2467,45117,2022-08-31T11:42:56Z,2022-08-31T11:42:56Z
57445,Sify ITPL - Bangalore,Bangalore,IN,19252,2467,134944,2022-09-07T05:39:30Z,2022-09-07T05:39:30Z
73439,Sify ITPL - Bangalore,Bangalore,IN,3967,2467,24029,2024-09-10T10:29:26Z,2024-09-10T10:29:26Z
85441,Sify ITPL - Bangalore,Bangalore,IN,34243,2467,135709,2026-02-04T06:02:16Z,2026-02-04T06:02:16Z
88752,Sify ITPL - Bangalore,Bangalore,IN,15930,2467,136625,2026-06-25T08:42:07Z,2026-06-25T08:42:07Z
23415,Sify Tidel-DC- Chennai,Chennai,IN,7117,2468,132215,2017-02-07T04:28:16Z,2024-12-11T05:57:26Z
27281,Sify Tidel-DC- Chennai,Chennai,IN,2536,2468,9583,2017-12-08T09:54:49Z,2017-12-08T09:54:49Z
28625,Sify Tidel-DC- Chennai,Chennai,IN,5520,2468,54113,2018-03-21T21:45:38Z,2018-03-21T21:45:38Z
34204,Sify Tidel-DC- Chennai,Chennai,IN,6758,2468,64049,2019-03-14T09:52:29Z,2019-03-14T09:52:29Z
34250,Sify Tidel-DC- Chennai,Chennai,IN,17242,2468,135139,2019-03-16T14:42:14Z,2019-03-16T14:42:14Z
36218,Sify Tidel-DC- Chennai,Chennai,IN,10670,2468,55256,2019-07-01T17:21:51Z,2019-07-01T17:21:51Z
36506,Sify Tidel-DC- Chennai,Chennai,IN,17903,2468,133971,2019-07-19T07:01:01Z,2019-07-19T07:01:01Z
37240,Sify Tidel-DC- Chennai,Chennai,IN,10141,2468,134021,2019-09-17T13:26:45Z,2019-09-24T16:09:49Z
37908,Sify Tidel-DC- Chennai,Chennai,IN,21313,2468,134863,2019-11-02T16:53:59Z,2019-11-02T16:54:00Z
39131,Sify Tidel-DC- Chennai,Chennai,IN,7990,2468,132931,2020-01-17T12:25:51Z,2020-01-17T12:25:51Z
41496,Sify Tidel-DC- Chennai,Chennai,IN,23126,2468,135206,2020-05-25T04:37:21Z,2020-05-25T04:37:21Z
42335,Sify Tidel-DC- Chennai,Chennai,IN,13315,2468,133680,2020-06-30T06:33:10Z,2020-06-30T06:33:10Z
43868,Sify Tidel-DC- Chennai,Chennai,IN,3816,2468,45528,2020-09-17T12:32:57Z,2020-09-17T12:32:57Z
43885,Sify Tidel-DC- Chennai,Chennai,IN,3514,2468,10029,2020-09-18T04:42:56Z,2020-09-18T04:42:56Z
43996,Sify Tidel-DC- Chennai,Chennai,IN,9843,2468,45582,2020-09-27T02:05:14Z,2020-09-27T02:05:14Z
44131,Sify Tidel-DC- Chennai,Chennai,IN,17405,2468,55806,2020-09-29T17:38:55Z,2020-09-29T17:38:55Z
44378,Sify Tidel-DC- Chennai,Chennai,IN,24602,2468,136306,2020-10-09T05:17:07Z,2020-10-09T05:17:07Z
44863,Sify Tidel-DC- Chennai,Chennai,IN,17226,2468,136684,2020-10-30T19:19:32Z,2020-10-30T19:19:32Z
45456,Sify Tidel-DC- Chennai,Chennai,IN,11676,2468,55507,2020-11-27T11:17:50Z,2020-11-27T11:17:50Z
45901,Sify Tidel-DC- Chennai,Chennai,IN,25122,2468,133980,2020-12-18T05:29:50Z,2020-12-18T05:29:50Z
46484,Sify Tidel-DC- Chennai,Chennai,IN,20607,2468,138716,2021-01-15T11:08:37Z,2021-01-15T11:08:37Z
46876,Sify Tidel-DC- Chennai,Chennai,IN,22346,2468,139575,2021-01-24T18:42:48Z,2021-01-24T18:42:48Z
47942,Sify Tidel-DC- Chennai,Chennai,IN,18301,2468,135758,2021-03-19T13:14:44Z,2021-03-19T13:14:44Z
48114,Sify Tidel-DC- Chennai,Chennai,IN,26270,2468,141540,2021-03-29T09:36:28Z,2021-03-29T09:36:28Z
48798,Sify Tidel-DC- Chennai,Chennai,IN,19710,2468,17117,2021-05-06T00:41:06Z,2021-05-06T00:41:06Z
50887,Sify Tidel-DC- Chennai,Chennai,IN,12419,2468,136230,2021-08-26T10:13:13Z,2021-08-26T10:13:13Z
51224,Sify Tidel-DC- Chennai,Chennai,IN,17975,2468,136279,2021-09-17T14:02:46Z,2021-09-17T14:02:46Z
53295,Sify Tidel-DC- Chennai,Chennai,IN,29032,2468,8882,2022-01-16T21:55:36Z,2022-01-16T21:55:36Z
53511,Sify Tidel-DC- Chennai,Chennai,IN,10569,2468,35280,2022-01-25T10:47:50Z,2022-01-25T10:47:50Z
59000,Sify Tidel-DC- Chennai,Chennai,IN,16017,2468,135817,2022-12-02T12:18:04Z,2022-12-02T12:18:04Z
60407,Sify Tidel-DC- Chennai,Chennai,IN,30614,2468,141731,2023-02-20T12:47:53Z,2023-02-20T12:47:53Z
60684,Sify Tidel-DC- Chennai,Chennai,IN,18255,2468,135202,2023-03-02T18:16:31Z,2023-03-02T18:16:31Z
61572,Sify Tidel-DC- Chennai,Chennai,IN,12160,2468,133695,2023-04-14T13:29:38Z,2026-04-16T01:40:51Z
62198,Sify Tidel-DC- Chennai,Chennai,IN,30120,2468,135784,2023-05-12T10:05:18Z,2023-05-12T10:05:18Z
63545,Sify Tidel-DC- Chennai,Chennai,IN,5846,2468,45117,2023-07-04T14:15:01Z,2023-07-04T14:15:01Z
63644,Sify Tidel-DC- Chennai,Chennai,IN,30222,2468,400318,2023-07-11T00:03:27Z,2023-07-11T00:03:27Z
65677,Sify Tidel-DC- Chennai,Chennai,IN,29071,2468,142439,2023-10-13T04:17:08Z,2023-10-13T04:17:08Z
66234,Sify Tidel-DC- Chennai,Chennai,IN,979,2468,32934,2023-11-10T01:02:23Z,2023-11-10T01:02:23Z
67408,Sify Tidel-DC- Chennai,Chennai,IN,9933,2468,134325,2024-01-11T08:33:32Z,2026-04-16T01:40:51Z
67890,Sify Tidel-DC- Chennai,Chennai,IN,33351,2468,151089,2024-02-01T18:29:09Z,2024-02-01T18:29:09Z
68137,Sify Tidel-DC- Chennai,Chennai,IN,18480,2468,7494,2024-02-12T07:48:03Z,2024-02-12T07:48:03Z
68749,Sify Tidel-DC- Chennai,Chennai,IN,31557,2468,150007,2024-03-01T08:19:38Z,2024-03-01T08:19:38Z
70057,Sify Tidel-DC- Chennai,Chennai,IN,25364,2468,140171,2024-04-23T10:29:29Z,2024-04-23T10:29:29Z
70445,Sify Tidel-DC- Chennai,Chennai,IN,16781,2468,135815,2024-05-11T07:33:02Z,2024-05-11T07:33:02Z
71276,Sify Tidel-DC- Chennai,Chennai,IN,36526,2468,132781,2024-06-18T09:26:05Z,2024-06-18T09:26:05Z
71282,Sify Tidel-DC- Chennai,Chennai,IN,32378,2468,150593,2024-06-18T10:58:54Z,2024-06-18T10:58:54Z
72684,Sify Tidel-DC- Chennai,Chennai,IN,34858,2468,151690,2024-08-13T08:31:02Z,2024-08-13T08:31:02Z
73436,Sify Tidel-DC- Chennai,Chennai,IN,3967,2468,24029,2024-09-10T10:27:24Z,2024-09-10T10:27:24Z
74135,Sify Tidel-DC- Chennai,Chennai,IN,21749,2468,135217,2024-10-16T04:01:30Z,2024-10-16T04:01:30Z
75225,Sify Tidel-DC- Chennai,Chennai,IN,34243,2468,135709,2024-11-29T05:46:01Z,2024-11-29T05:46:01Z
79575,Sify Tidel-DC- Chennai,Chennai,IN,38924,2468,152547,2025-06-16T09:22:32Z,2025-06-16T09:22:33Z
80680,Sify Tidel-DC- Chennai,Chennai,IN,118,2468,5400,2025-07-25T08:26:40Z,2025-07-25T08:26:40Z
82546,Sify Tidel-DC- Chennai,Chennai,IN,8683,2468,53813,2025-10-14T19:21:46Z,2025-10-14T19:21:46Z
84263,Sify Tidel-DC- Chennai,Chennai,IN,8731,2468,30103,2025-12-08T16:37:12Z,2025-12-08T16:37:13Z
85010,Sify Tidel-DC- Chennai,Chennai,IN,38933,2468,136418,2026-01-15T09:46:11Z,2026-04-16T01:40:51Z
87533,Sify Tidel-DC- Chennai,Chennai,IN,35867,2468,152565,2026-04-24T11:51:40Z,2026-04-24T11:51:40Z
88757,Sify Tidel-DC- Chennai,Chennai,IN,15930,2468,136625,2026-06-25T08:43:24Z,2026-06-25T08:43:24Z
89399,Sify Tidel-DC- Chennai,Chennai,IN,15051,2468,135780,2026-07-24T05:45:11Z,2026-07-24T05:45:11Z
89859,Sify Tidel-DC- Chennai,Chennai,IN,14676,2468,136946,2026-08-06T12:35:51Z,2026-08-06T12:35:51Z
90213,Sify Tidel-DC- Chennai,Chennai,IN,27330,2468,49915,2026-08-26T01:08:11Z,2026-08-26T01:08:11Z
19061,Nxtra Data Chennai DC 1,Chennai,IN,4224,2497,13335,2016-01-11T00:00:00Z,2016-03-14T20:48:39Z
22777,Nxtra Data Chennai DC 1,Chennai,IN,3554,2497,714,2016-12-14T19:58:30Z,2016-12-14T19:58:30Z
27275,Nxtra Data Chennai DC 1,Chennai,IN,2536,2497,9583,2017-12-08T09:52:27Z,2017-12-08T09:52:27Z
34202,Nxtra Data Chennai DC 1,Chennai,IN,6758,2497,64049,2019-03-14T09:51:48Z,2019-03-14T09:51:48Z
35920,Nxtra Data Chennai DC 1,Chennai,IN,20012,2497,9540,2019-06-07T06:21:23Z,2019-10-01T05:09:21Z
36606,Nxtra Data Chennai DC 1,Chennai,IN,10865,2497,132518,2019-07-26T19:40:54Z,2019-07-26T19:40:54Z
38701,Nxtra Data Chennai DC 1,Chennai,IN,17242,2497,135139,2019-12-12T09:55:55Z,2019-12-12T09:55:55Z
39363,Nxtra Data Chennai DC 1,Chennai,IN,8366,2497,24309,2020-01-31T12:18:41Z,2020-01-31T12:18:41Z
41785,Nxtra Data Chennai DC 1,Chennai,IN,3684,2497,18209,2020-06-10T19:23:42Z,2020-06-10T19:23:42Z
53604,Nxtra Data Chennai DC 1,Chennai,IN,16598,2497,32261,2022-02-01T13:22:26Z,2022-02-01T13:22:26Z
54736,Nxtra Data Chennai DC 1,Chennai,IN,1234,2497,21859,2022-04-08T18:37:48Z,2025-05-08T05:53:45Z
62003,Nxtra Data Chennai DC 1,Chennai,IN,1903,2497,9498,2023-05-05T18:36:21Z,2023-05-08T04:38:24Z
63349,Nxtra Data Chennai DC 1,Chennai,IN,17619,2497,800,2023-06-26T16:04:34Z,2023-06-26T16:04:34Z
68750,Nxtra Data Chennai DC 1,Chennai,IN,31557,2497,150007,2024-03-01T08:20:55Z,2024-03-01T08:20:55Z
88031,Nxtra Data Chennai DC 1,Chennai,IN,25219,2497,141253,2026-05-21T06:04:34Z,2026-05-21T06:04:34Z
88374,Nxtra Data Chennai DC 1,Chennai,IN,13870,2497,54103,2026-06-09T07:15:15Z,2026-06-09T07:15:16Z
88427,Nxtra Data Chennai DC 1,Chennai,IN,19086,2497,39855,2026-06-09T07:40:21Z,2026-06-09T07:40:21Z
88756,Nxtra Data Chennai DC 1,Chennai,IN,15930,2497,136625,2026-06-25T08:43:11Z,2026-06-25T08:43:11Z
90214,Nxtra Data Chennai DC 1,Chennai,IN,27330,2497,49915,2026-08-26T01:08:13Z,2026-08-26T01:08:13Z
19063,Nxtra Data Mumbai DC 2,Mumbai,IN,4224,2498,13335,2016-01-11T00:00:00Z,2016-03-14T20:48:39Z
27277,Nxtra Data Mumbai DC 2,Mumbai,IN,2536,2498,9583,2017-12-08T09:52:47Z,2017-12-08T09:52:47Z
30705,Nxtra Data Mumbai DC 2,Mumbai,IN,13090,2498,135772,2018-08-06T12:02:40Z,2018-08-06T12:02:40Z
62004,Nxtra Data Mumbai DC 2,Mumbai,IN,1903,2498,9498,2023-05-05T18:37:30Z,2023-05-08T04:39:09Z
65740,Nxtra Data Mumbai DC 2,Mumbai,IN,17619,2498,800,2023-10-17T13:12:41Z,2023-10-17T13:12:41Z
68131,Nxtra Data Mumbai DC 2,Mumbai,IN,18480,2498,7494,2024-02-12T07:47:13Z,2024-02-12T07:47:13Z
70865,Nxtra Data Mumbai DC 2,Mumbai,IN,694,2498,8075,2024-05-28T12:36:02Z,2024-05-28T12:36:02Z
82523,Nxtra Data Mumbai DC 2,Mumbai,IN,8683,2498,53813,2025-10-14T19:14:58Z,2025-10-14T19:14:58Z
88251,Nxtra Data Mumbai DC 2,Mumbai,IN,18630,2498,59200,2026-06-02T13:03:04Z,2026-06-02T13:03:04Z
19062,Nxtra Data Manesar DC 1,Gurgaon,IN,4224,2499,13335,2016-01-11T00:00:00Z,2016-03-14T20:48:39Z
26714,Nxtra Data Manesar DC 1,Gurgaon,IN,9343,2499,132116,2017-10-30T11:09:14Z,2017-10-30T11:09:14Z
27279,Nxtra Data Manesar DC 1,Gurgaon,IN,2536,2499,9583,2017-12-08T09:53:06Z,2017-12-08T09:53:06Z
29252,Nxtra Data Manesar DC 1,Gurgaon,IN,7063,2499,19551,2018-04-30T11:36:42Z,2018-04-30T11:36:42Z
30704,Nxtra Data Manesar DC 1,Gurgaon,IN,13090,2499,135772,2018-08-06T12:02:35Z,2018-08-06T12:02:35Z
53415,Nxtra Data Manesar DC 1,Gurgaon,IN,16634,2499,134337,2022-01-21T15:13:40Z,2022-01-21T15:13:40Z
62001,Nxtra Data Manesar DC 1,Gurgaon,IN,1903,2499,9498,2023-05-05T18:35:45Z,2023-05-08T04:39:21Z
68130,Nxtra Data Manesar DC 1,Gurgaon,IN,18480,2499,7494,2024-02-12T07:47:06Z,2024-02-12T07:47:07Z
27274,Nxtra Data Bangalore DC 1,Bangalore,IN,2536,2500,9583,2017-12-08T09:52:20Z,2017-12-08T09:52:20Z
38207,Nxtra Data Bangalore DC 1,Bangalore,IN,8366,2500,24309,2019-11-20T09:55:57Z,2019-11-20T09:55:57Z
47396,Nxtra Data Bangalore DC 1,Bangalore,IN,4224,2500,13335,2021-02-19T04:31:05Z,2021-02-19T04:31:05Z
49622,Nxtra Data Bangalore DC 1,Bangalore,IN,19482,2500,138225,2021-06-19T07:06:20Z,2021-06-19T07:06:20Z
54735,Nxtra Data Bangalore DC 1,Bangalore,IN,1234,2500,21859,2022-04-08T18:37:43Z,2025-05-08T05:52:40Z
55731,Nxtra Data Bangalore DC 1,Bangalore,IN,17266,2500,134249,2022-06-13T09:57:30Z,2022-06-13T09:57:30Z
57487,Nxtra Data Bangalore DC 1,Bangalore,IN,813,2500,20473,2022-09-09T15:43:21Z,2022-09-09T15:43:21Z
61999,Nxtra Data Bangalore DC 1,Bangalore,IN,1903,2500,9498,2023-05-05T18:34:45Z,2023-05-08T04:38:12Z
68654,Nxtra Data Bangalore DC 1,Bangalore,IN,16271,2500,136956,2024-02-27T22:08:26Z,2024-02-27T22:08:26Z
80864,Nxtra Data Bangalore DC 1,Bangalore,IN,25024,2500,141383,2025-07-31T09:30:54Z,2025-07-31T09:30:54Z
84726,Nxtra Data Bangalore DC 1,Bangalore,IN,14387,2500,45820,2026-01-01T20:55:31Z,2026-04-19T17:02:41Z
85435,Nxtra Data Bangalore DC 1,Bangalore,IN,34243,2500,135709,2026-02-04T05:12:42Z,2026-02-04T05:12:42Z
88373,Nxtra Data Bangalore DC 1,Bangalore,IN,13870,2500,54103,2026-06-09T07:15:06Z,2026-06-09T07:15:06Z
88426,Nxtra Data Bangalore DC 1,Bangalore,IN,19086,2500,39855,2026-06-09T07:40:15Z,2026-06-09T07:40:15Z
88751,Nxtra Data Bangalore DC 1,Bangalore,IN,15930,2500,136625,2026-06-25T08:41:56Z,2026-06-25T08:41:56Z
90274,Nxtra Data Bangalore DC 1,Bangalore,IN,41188,2500,9442,2026-08-29T03:38:05Z,2026-08-29T03:38:05Z
27278,Nxtra Data Pune DC 1,Pune,IN,2536,2501,9583,2017-12-08T09:52:53Z,2017-12-08T09:52:53Z
62002,Nxtra Data Pune DC 1,Pune,IN,1903,2501,9498,2023-05-05T18:36:09Z,2023-05-08T04:40:00Z
27286,Syscon Infoway Mumbai DC1,Mumbai,IN,2536,3248,9583,2017-12-08T09:55:46Z,2017-12-08T09:55:46Z
53647,Syscon Infoway Mumbai DC1,Mumbai,IN,29161,3248,135781,2022-02-04T06:21:20Z,2022-02-04T06:21:20Z
53742,MegaHostZone,Berhampore,IN,11638,3372,135253,2022-02-08T16:49:11Z,2022-02-08T16:49:11Z
27288,Powergrid New Delhi,New Delhi,IN,2536,3677,9583,2017-12-08T09:56:04Z,2017-12-08T09:56:04Z
27758,Powergrid New Delhi,New Delhi,IN,2700,3677,45942,2018-01-17T10:18:07Z,2018-01-17T10:18:07Z
30397,Powergrid New Delhi,New Delhi,IN,17283,3677,135807,2018-07-18T08:07:07Z,2018-07-18T08:07:07Z
27285,Powergrid Mumbai,Mumbai,IN,2536,3678,9583,2017-12-08T09:55:36Z,2017-12-08T09:55:36Z
34093,Powergrid Mumbai,Mumbai,IN,15696,3678,132971,2019-03-08T13:12:20Z,2019-03-08T13:12:21Z
34094,Powergrid Mumbai,Mumbai,IN,2700,3678,45942,2019-03-08T13:13:03Z,2019-03-08T13:13:03Z
23443,Powergrid Chennai,Chennai,IN,10512,3679,58405,2017-02-09T12:02:34Z,2017-02-09T12:02:34Z
26058,Powergrid Chennai,Chennai,IN,12967,3679,135244,2017-09-13T10:26:24Z,2017-09-13T10:26:24Z
40198,Powergrid Chennai,Chennai,IN,10623,3679,58969,2020-03-20T12:24:46Z,2020-03-20T12:24:46Z
46502,Powergrid Chennai,Chennai,IN,22373,3679,138754,2021-01-16T07:13:54Z,2021-01-16T07:13:54Z
70103,Powergrid Chennai,Chennai,IN,21749,3679,135217,2024-04-24T04:53:13Z,2024-04-24T04:53:13Z
23831,Star Broadband Datacentre Delhi,New Delhi,IN,12550,3683,38571,2017-03-12T05:46:05Z,2017-03-12T05:46:05Z
27290,Star Broadband Datacentre Delhi,New Delhi,IN,2536,3683,9583,2017-12-08T09:56:15Z,2017-12-08T09:56:15Z
24698,CtrlS Noida DC1,Noida,IN,2536,3941,9583,2017-05-23T06:05:34Z,2017-05-23T06:05:35Z
46133,CtrlS Noida DC1,Noida,IN,4837,3941,18229,2020-12-30T06:32:20Z,2020-12-30T06:32:20Z
48539,CtrlS Noida DC1,Noida,IN,22073,3941,137179,2021-04-21T06:43:23Z,2021-04-21T06:43:23Z
52848,CtrlS Noida DC1,Noida,IN,16629,3941,136364,2021-12-16T11:26:25Z,2021-12-16T11:26:25Z
52861,CtrlS Noida DC1,Noida,IN,26638,3941,141858,2021-12-17T06:10:13Z,2021-12-17T06:10:13Z
52866,CtrlS Noida DC1,Noida,IN,23417,3941,140242,2021-12-17T08:12:54Z,2021-12-17T08:12:54Z
52888,CtrlS Noida DC1,Noida,IN,27632,3941,141532,2021-12-18T15:11:25Z,2022-01-30T16:59:25Z
53012,CtrlS Noida DC1,Noida,IN,9843,3941,45582,2021-12-30T05:57:25Z,2021-12-30T05:57:25Z
53029,CtrlS Noida DC1,Noida,IN,24938,3941,45469,2021-12-31T05:36:25Z,2021-12-31T05:36:25Z
53087,CtrlS Noida DC1,Noida,IN,25573,3941,136649,2022-01-06T13:28:37Z,2022-01-06T13:28:37Z
53143,CtrlS Noida DC1,Noida,IN,16017,3941,135817,2022-01-11T07:08:18Z,2022-01-11T07:08:18Z
53286,CtrlS Noida DC1,Noida,IN,10787,3941,58762,2022-01-16T07:38:06Z,2022-01-16T07:38:06Z
53625,CtrlS Noida DC1,Noida,IN,10496,3941,132934,2022-02-02T07:04:30Z,2022-02-02T07:04:30Z
54318,CtrlS Noida DC1,Noida,IN,7117,3941,132215,2022-03-17T05:00:53Z,2025-07-30T06:22:43Z
55838,CtrlS Noida DC1,Noida,IN,30221,3941,147273,2022-06-20T07:33:13Z,2022-06-20T07:33:13Z
55863,CtrlS Noida DC1,Noida,IN,30241,3941,137666,2022-06-21T12:37:54Z,2022-06-21T12:37:54Z
56299,CtrlS Noida DC1,Noida,IN,28615,3941,147256,2022-07-12T06:49:17Z,2022-07-12T06:49:17Z
60311,CtrlS Noida DC1,Noida,IN,32277,3941,150650,2023-02-14T15:34:34Z,2023-02-14T15:34:34Z
60798,CtrlS Noida DC1,Noida,IN,25488,3941,141265,2023-03-09T07:03:59Z,2023-03-09T07:03:59Z
60824,CtrlS Noida DC1,Noida,IN,31557,3941,150007,2023-03-10T13:44:34Z,2023-03-10T13:44:34Z
64731,CtrlS Noida DC1,Noida,IN,26057,3941,141529,2023-09-03T03:37:24Z,2026-08-11T06:02:27Z
71561,CtrlS Noida DC1,Noida,IN,36625,3941,151732,2024-06-28T15:30:17Z,2024-06-28T15:30:17Z
71905,CtrlS Noida DC1,Noida,IN,9310,3941,134026,2024-07-12T18:42:13Z,2024-07-12T18:42:13Z
72685,CtrlS Noida DC1,Noida,IN,34858,3941,151690,2024-08-13T08:31:14Z,2024-08-13T08:31:14Z
73438,CtrlS Noida DC1,Noida,IN,3967,3941,24029,2024-09-10T10:28:44Z,2024-09-10T10:28:44Z
75222,CtrlS Noida DC1,Noida,IN,34243,3941,135709,2024-11-29T05:43:51Z,2024-11-29T05:43:51Z
77318,CtrlS Noida DC1,Noida,IN,37683,3941,153258,2025-03-10T15:10:07Z,2025-03-10T15:10:07Z
79435,CtrlS Noida DC1,Noida,IN,27944,3941,146919,2025-06-09T06:54:24Z,2025-06-09T06:54:24Z
80718,CtrlS Noida DC1,Noida,IN,25024,3941,141383,2025-07-25T11:14:41Z,2025-07-25T11:14:42Z
81030,CtrlS Noida DC1,Noida,IN,35027,3941,151704,2025-08-11T04:41:02Z,2025-08-11T04:41:03Z
81511,CtrlS Noida DC1,Noida,IN,40010,3941,153756,2025-08-29T16:11:32Z,2025-09-04T15:42:03Z
81854,CtrlS Noida DC1,Noida,IN,30288,3941,138786,2025-09-16T07:35:03Z,2025-09-16T07:35:04Z
82182,CtrlS Noida DC1,Noida,IN,18930,3941,138257,2025-10-02T13:20:47Z,2025-10-02T13:20:47Z
82607,CtrlS Noida DC1,Noida,IN,14095,3941,135705,2025-10-16T06:28:05Z,2025-10-16T06:28:05Z
85193,CtrlS Noida DC1,Noida,IN,35867,3941,152565,2026-01-25T20:29:09Z,2026-01-25T20:29:09Z
85668,CtrlS Noida DC1,Noida,IN,33950,3941,150008,2026-02-09T05:41:51Z,2026-02-09T05:41:51Z
85752,CtrlS Noida DC1,Noida,IN,14387,3941,45820,2026-02-11T11:29:38Z,2026-02-11T11:29:38Z
86125,CtrlS Noida DC1,Noida,IN,39939,3941,133976,2026-02-24T18:18:17Z,2026-02-24T18:18:17Z
87285,CtrlS Noida DC1,Noida,IN,3924,3941,42,2026-04-13T09:42:03Z,2026-04-13T09:42:03Z
87732,CtrlS Noida DC1,Noida,IN,31433,3941,135712,2026-05-04T07:15:31Z,2026-05-04T07:15:31Z
88085,CtrlS Noida DC1,Noida,IN,25219,3941,141253,2026-05-25T06:55:00Z,2026-05-25T06:55:00Z
88522,CtrlS Noida DC1,Noida,IN,42700,3941,149608,2026-06-16T08:46:58Z,2026-06-16T08:46:58Z
88694,CtrlS Noida DC1,Noida,IN,12698,3941,134858,2026-06-23T13:44:06Z,2026-06-23T13:44:06Z
89040,CtrlS Noida DC1,Noida,IN,42894,3941,138752,2026-07-07T11:49:14Z,2026-07-07T11:49:14Z
89072,CtrlS Noida DC1,Noida,IN,11729,3941,133275,2026-07-09T09:25:06Z,2026-07-09T09:25:06Z
89355,CtrlS Noida DC1,Noida,IN,42937,3941,138748,2026-07-22T18:23:03Z,2026-07-22T18:23:03Z
89540,CtrlS Noida DC1,Noida,IN,27330,3941,49915,2026-07-30T07:19:02Z,2026-07-30T07:19:02Z
90040,CtrlS Noida DC1,Noida,IN,10550,3941,135212,2026-08-18T07:44:54Z,2026-08-18T07:44:54Z
90063,CtrlS Noida DC1,Noida,IN,19421,3941,134905,2026-08-19T05:41:42Z,2026-08-19T05:41:42Z
46132,CtrlS Bangalore DC1,Bangalore,IN,4837,3942,18229,2020-12-30T06:32:08Z,2020-12-30T06:32:08Z
52847,CtrlS Bangalore DC1,Bangalore,IN,16629,3942,136364,2021-12-16T11:26:06Z,2021-12-16T11:26:06Z
52859,CtrlS Bangalore DC1,Bangalore,IN,26638,3942,141858,2021-12-17T06:09:45Z,2021-12-17T06:09:45Z
52865,CtrlS Bangalore DC1,Bangalore,IN,23417,3942,140242,2021-12-17T08:12:46Z,2021-12-17T08:12:46Z
52887,CtrlS Bangalore DC1,Bangalore,IN,27632,3942,141532,2021-12-18T15:11:14Z,2022-01-30T16:59:09Z
53010,CtrlS Bangalore DC1,Bangalore,IN,9843,3942,45582,2021-12-30T05:56:44Z,2021-12-30T05:56:44Z
53027,CtrlS Bangalore DC1,Bangalore,IN,24938,3942,45469,2021-12-31T05:35:53Z,2021-12-31T05:35:53Z
53084,CtrlS Bangalore DC1,Bangalore,IN,25573,3942,136649,2022-01-06T13:28:03Z,2022-01-06T13:28:03Z
53712,CtrlS Bangalore DC1,Bangalore,IN,16598,3942,32261,2022-02-07T16:22:09Z,2022-02-07T16:22:09Z
54312,CtrlS Bangalore DC1,Bangalore,IN,7117,3942,132215,2022-03-17T04:58:33Z,2025-07-30T06:21:03Z
55839,CtrlS Bangalore DC1,Bangalore,IN,30221,3942,147273,2022-06-20T07:33:24Z,2022-06-20T07:33:24Z
55864,CtrlS Bangalore DC1,Bangalore,IN,30241,3942,137666,2022-06-21T12:38:24Z,2022-06-21T12:38:24Z
60821,CtrlS Bangalore DC1,Bangalore,IN,31557,3942,150007,2023-03-10T13:43:05Z,2023-03-10T13:43:05Z
63542,CtrlS Bangalore DC1,Bangalore,IN,5846,3942,45117,2023-07-04T13:16:00Z,2023-07-04T13:16:00Z
63724,CtrlS Bangalore DC1,Bangalore,IN,30222,3942,400318,2023-07-11T22:47:52Z,2023-07-11T22:47:52Z
65527,CtrlS Bangalore DC1,Bangalore,IN,5489,3942,55947,2023-10-06T11:16:09Z,2023-10-06T11:16:09Z
66132,CtrlS Bangalore DC1,Bangalore,IN,15051,3942,135780,2023-11-04T06:10:56Z,2023-11-04T06:10:56Z
70156,CtrlS Bangalore DC1,Bangalore,IN,6494,3942,14061,2024-04-25T22:01:15Z,2024-04-25T22:01:15Z
75460,CtrlS Bangalore DC1,Bangalore,IN,979,3942,32934,2024-12-11T04:18:29Z,2024-12-11T04:18:29Z
75619,CtrlS Bangalore DC1,Bangalore,IN,19252,3942,134944,2024-12-18T05:46:06Z,2024-12-18T05:46:06Z
76931,CtrlS Bangalore DC1,Bangalore,IN,11869,3942,132559,2025-02-23T02:25:00Z,2025-02-23T02:25:00Z
78262,CtrlS Bangalore DC1,Bangalore,IN,38810,3942,153722,2025-04-17T16:43:00Z,2025-04-17T16:43:00Z
79294,CtrlS Bangalore DC1,Bangalore,IN,27944,3942,146919,2025-06-03T12:37:56Z,2025-06-03T12:37:56Z
80719,CtrlS Bangalore DC1,Bangalore,IN,25024,3942,141383,2025-07-25T11:14:54Z,2025-07-25T11:14:54Z
80893,CtrlS Bangalore DC1,Bangalore,IN,39877,3942,153236,2025-08-01T10:20:51Z,2025-08-01T10:20:52Z
81959,CtrlS Bangalore DC1,Bangalore,IN,31561,3942,147279,2025-09-20T17:42:50Z,2025-09-20T17:42:50Z
84723,CtrlS Bangalore DC1,Bangalore,IN,14387,3942,45820,2026-01-01T19:57:47Z,2026-02-11T11:21:51Z
85373,CtrlS Bangalore DC1,Bangalore,IN,33950,3942,150008,2026-02-02T05:01:34Z,2026-02-02T05:01:34Z
85432,CtrlS Bangalore DC1,Bangalore,IN,34243,3942,135709,2026-02-04T05:08:13Z,2026-02-04T05:08:14Z
86073,CtrlS Bangalore DC1,Bangalore,IN,22677,3942,132986,2026-02-23T06:51:27Z,2026-02-23T06:51:27Z
87023,CtrlS Bangalore DC1,Bangalore,IN,42014,3942,153951,2026-04-02T12:57:54Z,2026-04-02T12:57:54Z
87286,CtrlS Bangalore DC1,Bangalore,IN,3924,3942,42,2026-04-13T09:42:20Z,2026-04-13T09:42:20Z
88067,CtrlS Bangalore DC1,Bangalore,IN,37657,3942,135650,2026-05-23T20:30:25Z,2026-05-23T20:30:25Z
88750,CtrlS Bangalore DC1,Bangalore,IN,15930,3942,136625,2026-06-25T08:41:35Z,2026-06-25T08:41:35Z
89033,CtrlS Bangalore DC1,Bangalore,IN,42894,3942,138752,2026-07-07T11:48:19Z,2026-07-07T11:48:19Z
89439,CtrlS Bangalore DC1,Bangalore,IN,30186,3942,140121,2026-07-27T11:15:48Z,2026-07-27T11:15:48Z
89504,CtrlS Bangalore DC1,Bangalore,IN,8737,3942,45536,2026-07-30T06:50:24Z,2026-07-30T06:50:24Z
90218,CtrlS Bangalore DC1,Bangalore,IN,32543,3942,147226,2026-08-26T07:06:07Z,2026-08-26T07:06:07Z
90275,CtrlS Bangalore DC1,Bangalore,IN,41188,3942,9442,2026-08-29T03:38:39Z,2026-08-29T03:38:39Z
90334,CtrlS Bangalore DC1,Bangalore,IN,40347,3942,134315,2026-09-01T03:20:20Z,2026-09-01T03:20:20Z
90335,CtrlS Bangalore DC1,Bangalore,IN,28944,3942,137651,2026-09-01T03:21:36Z,2026-09-01T03:21:36Z
27284,TATA Communications Kolkata,Kolkata,IN,2536,3944,9583,2017-12-08T09:55:19Z,2017-12-08T09:55:19Z
29628,TATA Communications Kolkata,Kolkata,IN,10361,3944,4755,2018-05-22T13:24:33Z,2018-05-22T13:24:33Z
30703,TATA Communications Kolkata,Kolkata,IN,13090,3944,135772,2018-08-06T12:02:28Z,2018-08-06T12:02:28Z
38171,TATA Communications Kolkata,Kolkata,IN,2,3944,20940,2019-11-19T03:17:43Z,2019-11-19T03:17:43Z
38211,TATA Communications Kolkata,Kolkata,IN,9355,3944,23860,2019-11-20T12:05:05Z,2019-11-20T12:05:05Z
40071,TATA Communications Kolkata,Kolkata,IN,1418,3944,16509,2020-03-12T09:42:43Z,2020-03-12T09:42:43Z
40947,TATA Communications Kolkata,Kolkata,IN,11638,3944,135253,2020-04-27T19:24:45Z,2020-04-27T19:24:45Z
42337,TATA Communications Kolkata,Kolkata,IN,20325,3944,135760,2020-06-30T09:02:28Z,2020-06-30T09:02:28Z
44680,TATA Communications Kolkata,Kolkata,IN,24285,3944,141014,2020-10-25T19:00:04Z,2020-10-25T19:00:04Z
44683,TATA Communications Kolkata,Kolkata,IN,24988,3944,17729,2020-10-25T19:23:44Z,2020-10-25T19:23:44Z
49016,TATA Communications Kolkata,Kolkata,IN,26873,3944,140151,2021-05-14T13:02:17Z,2021-05-14T13:02:17Z
49081,TATA Communications Kolkata,Kolkata,IN,15844,3944,9829,2021-05-19T13:32:06Z,2021-05-19T13:32:06Z
50561,TATA Communications Kolkata,Kolkata,IN,26978,3944,139009,2021-08-06T14:32:18Z,2021-08-06T14:32:18Z
50676,TATA Communications Kolkata,Kolkata,IN,5167,3944,17665,2021-08-13T10:45:13Z,2021-08-13T10:45:13Z
51086,TATA Communications Kolkata,Kolkata,IN,14103,3944,24186,2021-09-07T09:21:09Z,2021-09-07T09:21:09Z
51100,TATA Communications Kolkata,Kolkata,IN,27923,3944,142497,2021-09-07T16:29:01Z,2021-09-07T16:29:01Z
51733,TATA Communications Kolkata,Kolkata,IN,14387,3944,45820,2021-10-20T12:02:23Z,2021-10-20T12:02:23Z
51972,TATA Communications Kolkata,Kolkata,IN,10895,3944,45775,2021-11-01T06:10:54Z,2021-11-01T06:10:54Z
55112,TATA Communications Kolkata,Kolkata,IN,12951,3944,45804,2022-04-30T10:15:32Z,2022-04-30T10:15:32Z
57184,TATA Communications Kolkata,Kolkata,IN,30784,3944,58778,2022-08-23T10:05:41Z,2022-08-23T10:05:41Z
58522,TATA Communications Kolkata,Kolkata,IN,30960,3944,150178,2022-11-06T12:38:55Z,2022-11-06T12:38:55Z
59115,TATA Communications Kolkata,Kolkata,IN,25219,3944,141253,2022-12-08T13:21:58Z,2022-12-08T13:21:58Z
60446,TATA Communications Kolkata,Kolkata,IN,10635,3944,58765,2023-02-22T17:47:31Z,2023-02-22T17:47:31Z
63918,TATA Communications Kolkata,Kolkata,IN,20781,3944,137654,2023-07-21T05:49:14Z,2023-07-21T05:49:14Z
64513,TATA Communications Kolkata,Kolkata,IN,23145,3944,139495,2023-08-25T04:37:35Z,2023-08-25T04:37:35Z
64717,TATA Communications Kolkata,Kolkata,IN,12666,3944,132757,2023-09-01T17:56:15Z,2023-09-01T17:56:15Z
65237,TATA Communications Kolkata,Kolkata,IN,33865,3944,133283,2023-09-25T17:14:13Z,2023-09-25T17:14:13Z
66207,TATA Communications Kolkata,Kolkata,IN,2328,3944,17806,2023-11-09T04:57:38Z,2023-11-09T04:57:38Z
68135,TATA Communications Kolkata,Kolkata,IN,18480,3944,7494,2024-02-12T07:47:36Z,2024-02-12T07:47:37Z
68220,TATA Communications Kolkata,Kolkata,IN,10964,3944,58717,2024-02-14T05:13:42Z,2024-02-14T05:13:42Z
68222,TATA Communications Kolkata,Kolkata,IN,19838,3944,132884,2024-02-14T05:14:31Z,2024-02-14T05:14:31Z
70240,TATA Communications Kolkata,Kolkata,IN,31733,3944,142485,2024-05-01T16:56:48Z,2024-05-05T02:58:29Z
75604,TATA Communications Kolkata,Kolkata,IN,4837,3944,18229,2024-12-17T05:35:57Z,2024-12-17T05:35:58Z
75757,TATA Communications Kolkata,Kolkata,IN,29208,3944,134302,2024-12-26T05:58:50Z,2024-12-26T05:58:51Z
76909,TATA Communications Kolkata,Kolkata,IN,38593,3944,38588,2025-02-21T16:46:12Z,2025-02-21T16:46:13Z
81673,TATA Communications Kolkata,Kolkata,IN,29910,3944,139515,2025-09-05T12:31:56Z,2025-09-05T12:31:58Z
81857,TATA Communications Kolkata,Kolkata,IN,28259,3944,58945,2025-09-16T09:56:27Z,2025-09-16T09:56:28Z
84164,TATA Communications Kolkata,Kolkata,IN,37657,3944,135650,2025-12-03T13:35:49Z,2025-12-03T13:35:49Z
88285,TATA Communications Kolkata,Kolkata,IN,38933,3944,136418,2026-06-03T13:54:04Z,2026-06-03T13:54:05Z
88773,TATA Communications Kolkata,Kolkata,IN,15930,3944,136625,2026-06-25T08:49:53Z,2026-06-25T08:49:53Z
89939,TATA Communications Kolkata,Kolkata,IN,24552,3944,140148,2026-08-10T17:33:22Z,2026-08-10T17:33:22Z
43583,Sify Banjara Hills Hyderabad,Hyderabad,IN,2536,4033,9583,2020-09-02T13:03:05Z,2020-09-02T13:03:06Z
43683,Sify Banjara Hills Hyderabad,Hyderabad,IN,11676,4033,55507,2020-09-07T10:34:20Z,2020-09-07T10:34:21Z
44327,Sify Banjara Hills Hyderabad,Hyderabad,IN,17903,4033,133971,2020-10-08T06:24:14Z,2020-10-08T06:24:15Z
75227,Sify Banjara Hills Hyderabad,Hyderabad,IN,34243,4033,135709,2024-11-29T06:19:10Z,2024-11-29T06:58:25Z
44805,Sify-LDT-Kolkata,Kolkata,IN,9843,4034,45582,2020-10-29T07:16:55Z,2020-10-29T07:16:55Z
45108,Sify-LDT-Kolkata,Kolkata,IN,17226,4034,136684,2020-11-11T06:39:17Z,2020-11-11T06:39:17Z
46488,Sify-LDT-Kolkata,Kolkata,IN,20607,4034,138716,2021-01-15T11:10:17Z,2021-01-15T11:10:17Z
43585,Sify Okhla NewDelhi,Delhi,IN,2536,4035,9583,2020-09-02T13:03:20Z,2020-09-02T13:03:21Z
54408,Sify Okhla NewDelhi,Delhi,IN,12647,4035,55410,2022-03-22T12:38:25Z,2022-03-22T12:38:25Z
54416,Sify Okhla NewDelhi,Delhi,IN,3876,4035,55644,2022-03-22T12:45:02Z,2022-03-22T12:45:02Z
60408,Sify Okhla NewDelhi,Delhi,IN,30614,4035,141731,2023-02-20T12:48:21Z,2023-02-20T12:48:21Z
61898,Sify Okhla NewDelhi,Delhi,IN,14445,4035,134340,2023-05-02T05:57:28Z,2023-05-02T05:57:28Z
65676,Sify Okhla NewDelhi,Delhi,IN,29071,4035,142439,2023-10-13T04:14:07Z,2023-10-13T04:14:07Z
89352,Sify Okhla NewDelhi,Delhi,IN,30965,4035,134734,2026-07-22T14:02:54Z,2026-07-22T14:02:54Z
89880,Sify Okhla NewDelhi,Delhi,IN,22100,4035,137491,2026-08-07T07:52:19Z,2026-08-07T07:52:19Z
43590,"Insta-DC, Mumbai",Mumbai,IN,2536,4064,9583,2020-09-02T13:06:00Z,2020-09-02T13:06:00Z
45708,"Insta-DC, Mumbai",Mumbai,IN,12647,4064,55410,2020-12-10T05:59:50Z,2020-12-10T05:59:50Z
25553,Netmagic Chandivali - MUM-DC05,Mumbai,IN,3554,4228,714,2017-08-01T00:10:50Z,2017-08-01T00:10:50Z
25815,Netmagic Chandivali - MUM-DC05,Mumbai,IN,6758,4228,64049,2017-08-21T10:55:52Z,2017-08-21T10:55:52Z
25824,Netmagic Chandivali - MUM-DC05,Mumbai,IN,12235,4228,134916,2017-08-21T19:03:48Z,2017-08-21T19:03:48Z
26394,Netmagic Chandivali - MUM-DC05,Mumbai,IN,4317,4228,55352,2017-10-05T05:39:54Z,2017-10-05T05:39:54Z
29842,Netmagic Chandivali - MUM-DC05,Mumbai,IN,9669,4228,133315,2018-06-07T11:59:14Z,2018-06-07T11:59:14Z
36401,Netmagic Chandivali - MUM-DC05,Mumbai,IN,10264,4228,134014,2019-07-12T18:23:08Z,2019-07-12T18:23:08Z
41502,Netmagic Chandivali - MUM-DC05,Mumbai,IN,19091,4228,138269,2020-05-25T15:07:18Z,2020-05-25T15:07:18Z
43438,Netmagic Chandivali - MUM-DC05,Mumbai,IN,11494,4228,133968,2020-08-25T09:04:40Z,2020-08-25T09:04:40Z
43602,Netmagic Chandivali - MUM-DC05,Mumbai,IN,2536,4228,9583,2020-09-02T13:09:23Z,2020-09-02T13:09:23Z
43633,Netmagic Chandivali - MUM-DC05,Mumbai,IN,24494,4228,133243,2020-09-04T09:54:55Z,2020-09-04T09:54:55Z
43725,Netmagic Chandivali - MUM-DC05,Mumbai,IN,3514,4228,10029,2020-09-10T04:46:36Z,2020-09-10T04:46:36Z
44936,Netmagic Chandivali - MUM-DC05,Mumbai,IN,18630,4228,59200,2020-11-03T16:30:55Z,2020-11-03T16:30:55Z
47973,Netmagic Chandivali - MUM-DC05,Mumbai,IN,25736,4228,137657,2021-03-22T12:23:48Z,2021-03-22T12:23:48Z
50305,Netmagic Chandivali - MUM-DC05,Mumbai,IN,9971,4228,132220,2021-07-22T08:27:51Z,2021-07-22T08:27:51Z
51877,Netmagic Chandivali - MUM-DC05,Mumbai,IN,16233,4228,136373,2021-10-27T10:32:11Z,2021-10-27T10:32:11Z
51999,Netmagic Chandivali - MUM-DC05,Mumbai,IN,28401,4228,146872,2021-11-02T08:03:39Z,2021-11-02T08:03:39Z
56233,Netmagic Chandivali - MUM-DC05,Mumbai,IN,15968,4228,137083,2022-07-08T07:24:00Z,2022-07-08T07:24:00Z
56303,Netmagic Chandivali - MUM-DC05,Mumbai,IN,10920,4228,133286,2022-07-12T11:14:40Z,2022-07-12T11:14:40Z
67461,Netmagic Chandivali - MUM-DC05,Mumbai,IN,24658,4228,140133,2024-01-14T09:46:48Z,2024-01-14T09:46:48Z
75591,Netmagic Chandivali - MUM-DC05,Mumbai,IN,38131,4228,141805,2024-12-16T18:07:31Z,2024-12-16T18:07:32Z
79006,Netmagic Chandivali - MUM-DC05,Mumbai,IN,39338,4228,150596,2025-05-22T06:02:21Z,2025-05-22T06:02:21Z
85286,Netmagic Chandivali - MUM-DC05,Mumbai,IN,32214,4228,60664,2026-01-27T13:33:02Z,2026-01-27T13:33:02Z
88123,Netmagic Chandivali - MUM-DC05,Mumbai,IN,42229,4228,151347,2026-05-28T04:42:00Z,2026-05-28T04:42:00Z
88571,Netmagic Chandivali - MUM-DC05,Mumbai,IN,11260,4228,58965,2026-06-18T06:48:53Z,2026-06-18T06:48:53Z
88767,Netmagic Chandivali - MUM-DC05,Mumbai,IN,15930,4228,136625,2026-06-25T08:46:56Z,2026-06-25T08:46:56Z
89542,Netmagic Chandivali - MUM-DC05,Mumbai,IN,27330,4228,49915,2026-07-30T07:19:04Z,2026-07-30T07:19:04Z
27289,Railtel Delhi,New Delhi,IN,2536,4377,9583,2017-12-08T09:56:10Z,2017-12-08T09:56:10Z
27225,Netmagic Chennai,Chennai,IN,433,4701,15169,2017-12-05T16:37:50Z,2017-12-05T16:37:50Z
27280,Netmagic Chennai,Chennai,IN,2536,4701,9583,2017-12-08T09:54:28Z,2017-12-08T09:54:28Z
31242,Netmagic Chennai,Chennai,IN,17703,4701,135843,2018-09-10T12:29:44Z,2018-09-10T12:29:44Z
33007,Netmagic Chennai,Chennai,IN,9846,4701,40138,2018-12-28T08:16:51Z,2018-12-28T08:16:52Z
34203,Netmagic Chennai,Chennai,IN,6758,4701,64049,2019-03-14T09:52:16Z,2019-03-14T09:52:16Z
38700,Netmagic Chennai,Chennai,IN,17242,4701,135139,2019-12-12T09:55:38Z,2019-12-12T09:55:38Z
55999,Netmagic Chennai,Chennai,IN,6477,4701,11179,2022-06-26T07:30:57Z,2022-06-26T07:30:57Z
59122,Netmagic Chennai,Chennai,IN,15530,4701,62597,2022-12-08T16:29:11Z,2022-12-08T16:29:11Z
76608,Netmagic Chennai,Chennai,IN,27512,4701,142470,2025-02-06T17:26:49Z,2025-02-06T17:26:49Z
85108,Netmagic Chennai,Chennai,IN,5846,4701,45117,2026-01-20T07:00:25Z,2026-01-20T07:00:25Z
89093,Netmagic Chennai,Chennai,IN,16233,4701,136373,2026-07-09T15:59:18Z,2026-07-09T15:59:18Z
29629,TATA Communications VSB Hyderabad,Hyderabad,IN,10361,5236,4755,2018-05-22T13:24:44Z,2018-05-22T13:24:44Z
30559,TATA Communications VSB Hyderabad,Hyderabad,IN,694,5236,8075,2018-07-31T08:27:23Z,2018-07-31T08:27:23Z
33230,TATA Communications VSB Hyderabad,Hyderabad,IN,1418,5236,16509,2019-01-18T04:01:05Z,2019-01-18T04:01:05Z
33961,TATA Communications VSB Hyderabad,Hyderabad,IN,11441,5236,134033,2019-03-03T03:14:14Z,2019-03-03T03:14:14Z
36120,TATA Communications VSB Hyderabad,Hyderabad,IN,3684,5236,18209,2019-06-23T05:24:33Z,2019-06-23T05:24:33Z
37385,TATA Communications VSB Hyderabad,Hyderabad,IN,9843,5236,45582,2019-09-27T06:29:45Z,2019-09-27T06:29:45Z
38172,TATA Communications VSB Hyderabad,Hyderabad,IN,2,5236,20940,2019-11-19T03:17:54Z,2019-11-19T03:17:55Z
44059,TATA Communications VSB Hyderabad,Hyderabad,IN,9054,5236,17426,2020-09-28T12:27:00Z,2020-09-28T12:27:00Z
44199,TATA Communications VSB Hyderabad,Hyderabad,IN,7639,5236,17754,2020-10-03T20:24:29Z,2020-10-03T20:24:29Z
45293,TATA Communications VSB Hyderabad,Hyderabad,IN,13098,5236,14630,2020-11-19T04:13:14Z,2020-11-19T04:13:14Z
51734,TATA Communications VSB Hyderabad,Hyderabad,IN,14387,5236,45820,2021-10-20T12:02:44Z,2021-10-20T12:02:44Z
52884,TATA Communications VSB Hyderabad,Hyderabad,IN,8433,5236,17483,2021-12-18T07:15:58Z,2021-12-18T07:15:58Z
57220,TATA Communications VSB Hyderabad,Hyderabad,IN,30778,5236,137097,2022-08-25T04:28:19Z,2022-08-25T04:28:19Z
57716,TATA Communications VSB Hyderabad,Hyderabad,IN,22064,5236,139490,2022-09-27T03:59:18Z,2026-05-12T11:51:13Z
57718,TATA Communications VSB Hyderabad,Hyderabad,IN,29746,5236,149612,2022-09-27T04:09:23Z,2026-05-12T11:51:34Z
62311,TATA Communications VSB Hyderabad,Hyderabad,IN,23374,5236,140593,2023-05-18T10:12:09Z,2023-05-18T10:12:09Z
67892,TATA Communications VSB Hyderabad,Hyderabad,IN,33351,5236,151089,2024-02-01T18:30:01Z,2024-02-01T18:30:01Z
68593,TATA Communications VSB Hyderabad,Hyderabad,IN,16113,5236,134305,2024-02-26T06:18:35Z,2024-02-26T06:18:35Z
79650,TATA Communications VSB Hyderabad,Hyderabad,IN,8660,5236,59185,2025-06-19T17:02:06Z,2025-06-19T17:02:06Z
83838,TATA Communications VSB Hyderabad,Hyderabad,IN,28306,5236,59191,2025-11-19T15:51:14Z,2025-11-19T15:51:14Z
88049,TATA Communications VSB Hyderabad,Hyderabad,IN,7373,5236,45884,2026-05-22T08:46:01Z,2026-05-22T08:46:01Z
30486,Fastcom DC Facility - 1,Guntur,IN,17364,5546,134892,2018-07-26T18:56:19Z,2018-07-27T04:26:15Z
79076,Fastcom DC Facility - 1,Guntur,IN,29618,5546,141523,2025-05-26T12:18:22Z,2025-05-26T12:18:22Z
33165,Netmagic Noida,Noida,IN,16017,5554,135817,2019-01-13T02:49:32Z,2019-01-13T02:49:32Z
34837,Netmagic Noida,Noida,IN,12698,5554,134858,2019-04-13T13:44:14Z,2020-07-16T20:37:35Z
39519,Netmagic Noida,Noida,IN,17183,5554,136354,2020-02-10T14:03:20Z,2020-02-10T14:04:57Z
42486,Netmagic Noida,Noida,IN,10496,5554,132934,2020-07-08T10:16:39Z,2020-07-08T10:16:39Z
43233,Netmagic Noida,Noida,IN,11260,5554,58965,2020-08-13T04:29:11Z,2020-08-13T04:29:11Z
43603,Netmagic Noida,Noida,IN,2536,5554,9583,2020-09-02T13:09:33Z,2020-09-02T13:09:33Z
43726,Netmagic Noida,Noida,IN,3514,5554,10029,2020-09-10T04:46:56Z,2020-09-10T04:46:56Z
47365,Netmagic Noida,Noida,IN,15093,5554,43009,2021-02-18T11:51:35Z,2021-02-18T11:51:35Z
47990,Netmagic Noida,Noida,IN,26339,5554,140132,2021-03-23T09:43:53Z,2021-04-29T23:10:39Z
51932,Netmagic Noida,Noida,IN,8167,5554,17747,2021-10-29T05:08:25Z,2021-10-29T05:08:25Z
53285,Netmagic Noida,Noida,IN,10787,5554,58762,2022-01-16T07:37:16Z,2022-01-16T07:37:16Z
53813,Netmagic Noida,Noida,IN,18930,5554,138257,2022-02-14T09:57:22Z,2022-02-14T09:57:22Z
54732,Netmagic Noida,Noida,IN,1234,5554,21859,2022-04-08T18:34:51Z,2025-05-08T05:53:34Z
56000,Netmagic Noida,Noida,IN,6477,5554,11179,2022-06-26T07:31:06Z,2022-06-26T07:31:06Z
60647,Netmagic Noida,Noida,IN,3967,5554,24029,2023-03-02T06:29:25Z,2023-03-02T06:29:25Z
61142,Netmagic Noida,Noida,IN,26057,5554,141529,2023-03-26T13:56:10Z,2023-03-26T13:56:10Z
62661,Netmagic Noida,Noida,IN,9343,5554,132116,2023-06-03T09:09:11Z,2023-06-03T09:09:11Z
65358,Netmagic Noida,Noida,IN,2621,5554,33182,2023-09-29T18:05:51Z,2023-09-29T18:05:51Z
66642,Netmagic Noida,Noida,IN,5846,5554,45117,2023-11-30T13:50:06Z,2023-11-30T13:50:06Z
72825,Netmagic Noida,Noida,IN,16179,5554,135761,2024-08-20T05:22:21Z,2024-08-20T05:22:21Z
75682,Netmagic Noida,Noida,IN,8577,5554,133982,2024-12-20T13:07:44Z,2024-12-20T13:07:44Z
79199,Netmagic Noida,Noida,IN,39338,5554,150596,2025-05-29T12:11:47Z,2025-05-29T12:11:48Z
89552,Netmagic Noida,Noida,IN,27330,5554,49915,2026-07-30T07:19:16Z,2026-07-30T07:19:16Z
33721,City Online Services Limited,Hyderabad,IN,8433,5700,17483,2019-02-19T06:35:40Z,2019-02-19T06:35:40Z
41488,City Online Services Limited,Hyderabad,IN,7373,5700,45884,2020-05-23T07:12:04Z,2020-05-23T07:12:04Z
33722,"City Online Services Ltd , Bengaluru",Bangalore,IN,8433,6355,17483,2019-02-19T06:36:07Z,2019-02-19T06:36:07Z
33723,"City Online Services Ltd, Vijayawada",Vijayawada,IN,8433,6356,17483,2019-02-19T06:36:35Z,2019-02-19T06:36:35Z
41458,ESDS Nashik,Nashik,IN,10853,6524,9558,2020-05-21T02:45:08Z,2020-05-21T02:45:08Z
66241,ESDS Nashik,Nashik,IN,16552,6524,45815,2023-11-10T03:23:21Z,2023-11-10T03:23:21Z
69880,ESDS Nashik,Nashik,IN,30681,6524,135248,2024-04-16T06:30:31Z,2024-04-16T06:30:32Z
34365,ESDS Mumbai,Navi Mumbai,IN,10853,6525,9558,2019-03-26T14:40:55Z,2019-03-26T14:40:55Z
66240,ESDS Mumbai,Navi Mumbai,IN,16552,6525,45815,2023-11-10T03:23:08Z,2023-11-10T03:23:08Z
34611,Cyquator - Vashi Datacenter,Navi Mumbai,IN,16017,6588,135817,2019-04-08T09:48:53Z,2019-04-08T09:48:53Z
47896,Cyquator - Vashi Datacenter,Navi Mumbai,IN,12235,6588,134916,2021-03-17T10:15:03Z,2021-03-17T10:15:03Z
51244,Cyquator - Vashi Datacenter,Navi Mumbai,IN,14152,6588,135844,2021-09-18T08:54:41Z,2021-09-18T08:54:41Z
44056,STT Pune 1,Pune,IN,9054,6777,17426,2020-09-28T12:15:57Z,2020-09-28T12:15:57Z
50842,STT Pune 1,Pune,IN,694,6777,8075,2021-08-24T05:06:14Z,2021-08-24T05:06:14Z
53626,STT Pune 1,Pune,IN,7961,6777,132770,2022-02-02T11:45:08Z,2022-02-02T11:45:09Z
60869,STT Pune 1,Pune,IN,32028,6777,17390,2023-03-13T21:29:15Z,2023-03-13T21:29:16Z
63547,STT Pune 1,Pune,IN,5846,6777,45117,2023-07-04T14:17:10Z,2023-07-04T14:17:10Z
84766,STT Pune 1,Pune,IN,14477,6777,17762,2026-01-04T17:55:31Z,2026-01-04T17:55:31Z
85003,STT Pune 1,Pune,IN,14387,6777,45820,2026-01-15T05:49:17Z,2026-07-18T15:15:05Z
35581,STT Chennai 1,Chennai,IN,457,6778,2906,2019-05-24T21:07:58Z,2019-05-24T21:07:59Z
38702,STT Chennai 1,Chennai,IN,17242,6778,135139,2019-12-12T09:56:04Z,2019-12-12T09:56:04Z
39132,STT Chennai 1,Chennai,IN,7990,6778,132931,2020-01-17T12:27:48Z,2020-01-17T12:27:48Z
39655,STT Chennai 1,Chennai,IN,22346,6778,139575,2020-02-18T05:28:23Z,2020-02-18T05:28:23Z
40197,STT Chennai 1,Chennai,IN,10623,6778,58969,2020-03-20T12:20:46Z,2020-03-20T12:20:46Z
43474,STT Chennai 1,Chennai,IN,10141,6778,134021,2020-08-26T21:12:33Z,2020-08-26T21:12:33Z
43593,STT Chennai 1,Chennai,IN,2536,6778,9583,2020-09-02T13:06:28Z,2020-09-02T13:06:28Z
45063,STT Chennai 1,Chennai,IN,22373,6778,138754,2020-11-09T07:05:42Z,2020-11-09T07:05:42Z
48220,STT Chennai 1,Chennai,IN,20756,6778,24470,2021-04-01T13:03:33Z,2021-04-01T13:03:33Z
48567,STT Chennai 1,Chennai,IN,979,6778,32934,2021-04-23T05:51:53Z,2021-04-23T05:51:53Z
50800,STT Chennai 1,Chennai,IN,14445,6778,134340,2021-08-20T09:44:38Z,2021-08-20T09:44:38Z
51824,STT Chennai 1,Chennai,IN,28306,6778,59191,2021-10-24T14:48:05Z,2021-10-24T14:48:05Z
53766,STT Chennai 1,Chennai,IN,2,6778,20940,2022-02-10T18:03:06Z,2022-02-10T18:03:06Z
53814,STT Chennai 1,Chennai,IN,12419,6778,136230,2022-02-14T10:56:56Z,2022-02-14T10:56:56Z
54448,STT Chennai 1,Chennai,IN,9423,6778,17771,2022-03-24T06:29:01Z,2022-03-24T06:29:01Z
56314,STT Chennai 1,Chennai,IN,30437,6778,147214,2022-07-12T13:01:53Z,2022-07-12T13:01:53Z
56631,STT Chennai 1,Chennai,IN,30613,6778,149781,2022-07-30T17:01:23Z,2022-08-10T12:25:47Z
56729,STT Chennai 1,Chennai,IN,18277,6778,137132,2022-08-03T11:14:33Z,2022-08-03T11:14:33Z
58515,STT Chennai 1,Chennai,IN,12876,6778,133593,2022-11-05T06:24:39Z,2022-11-05T06:24:39Z
60272,STT Chennai 1,Chennai,IN,29071,6778,142439,2023-02-10T16:30:19Z,2023-02-10T16:30:19Z
60364,STT Chennai 1,Chennai,IN,31557,6778,150007,2023-02-17T17:32:19Z,2023-02-17T17:32:19Z
60651,STT Chennai 1,Chennai,IN,3967,6778,24029,2023-03-02T06:32:29Z,2023-03-02T06:32:30Z
60868,STT Chennai 1,Chennai,IN,32028,6778,17390,2023-03-13T21:29:11Z,2023-03-13T21:29:11Z
62290,STT Chennai 1,Chennai,IN,18197,6778,136308,2023-05-17T11:44:25Z,2023-05-17T11:44:25Z
63548,STT Chennai 1,Chennai,IN,5846,6778,45117,2023-07-04T14:17:51Z,2023-07-04T14:17:51Z
68251,STT Chennai 1,Chennai,IN,27512,6778,142470,2024-02-15T10:27:12Z,2024-02-15T10:27:12Z
69317,STT Chennai 1,Chennai,IN,21189,6778,133693,2024-03-25T06:56:23Z,2024-03-25T06:56:24Z
69850,STT Chennai 1,Chennai,IN,35869,6778,137180,2024-04-15T11:18:37Z,2024-04-15T11:18:37Z
73322,STT Chennai 1,Chennai,IN,14387,6778,45820,2024-09-04T06:22:30Z,2024-09-04T06:22:31Z
74857,STT Chennai 1,Chennai,IN,28299,6778,139484,2024-11-14T08:10:41Z,2024-11-14T08:10:42Z
75224,STT Chennai 1,Chennai,IN,34243,6778,135709,2024-11-29T05:44:58Z,2024-11-29T05:44:58Z
75235,STT Chennai 1,Chennai,IN,17499,6778,10225,2024-11-29T14:03:12Z,2024-11-29T14:03:13Z
76933,STT Chennai 1,Chennai,IN,11869,6778,132559,2025-02-23T02:25:41Z,2025-02-23T02:25:42Z
79048,STT Chennai 1,Chennai,IN,1595,6778,10075,2025-05-25T08:02:22Z,2025-05-25T08:02:23Z
79988,STT Chennai 1,Chennai,IN,11786,6778,133685,2025-07-03T05:31:44Z,2025-07-03T05:31:45Z
80635,STT Chennai 1,Chennai,IN,118,6778,5400,2025-07-25T06:35:21Z,2025-07-25T06:35:21Z
82784,STT Chennai 1,Chennai,IN,34449,6778,141549,2025-10-24T08:17:51Z,2025-10-24T08:17:51Z
83632,STT Chennai 1,Chennai,IN,40010,6778,153756,2025-11-11T16:43:43Z,2025-11-11T16:43:43Z
83997,STT Chennai 1,Chennai,IN,40917,6778,141796,2025-11-26T14:49:22Z,2025-11-26T14:49:22Z
84899,STT Chennai 1,Chennai,IN,28520,6778,139901,2026-01-11T05:16:13Z,2026-01-11T05:16:13Z
88069,STT Chennai 1,Chennai,IN,37657,6778,135650,2026-05-23T20:31:48Z,2026-05-23T20:31:48Z
89879,STT Chennai 1,Chennai,IN,22100,6778,137491,2026-08-07T07:47:57Z,2026-08-07T07:47:57Z
90215,STT Chennai 1,Chennai,IN,27330,6778,49915,2026-08-26T01:08:14Z,2026-08-26T01:08:14Z
40930,STT Chennai 2,Chennai,IN,6928,6779,9752,2020-04-26T17:33:25Z,2020-05-08T11:24:19Z
44057,STT Chennai 2,Chennai,IN,9054,6779,17426,2020-09-28T12:19:08Z,2020-09-28T12:19:08Z
47366,STT Chennai 2,Chennai,IN,15093,6779,43009,2021-02-18T11:55:12Z,2021-02-18T11:55:12Z
54030,STT Chennai 2,Chennai,IN,1234,6779,21859,2022-03-01T22:52:22Z,2025-05-08T05:53:52Z
78536,STT Chennai 2,Chennai,IN,10670,6779,55256,2025-04-30T16:47:27Z,2025-04-30T16:47:28Z
88758,STT Chennai 2,Chennai,IN,15930,6779,136625,2026-06-25T08:43:35Z,2026-06-25T08:43:35Z
90216,STT Chennai 2,Chennai,IN,27330,6779,49915,2026-08-26T01:08:15Z,2026-08-26T01:08:15Z
43596,STT Kolkata 1,Kolkata,IN,2536,6780,9583,2020-09-02T13:07:14Z,2020-09-02T13:07:14Z
44684,STT Kolkata 1,Kolkata,IN,24988,6780,17729,2020-10-25T19:24:05Z,2020-10-25T19:24:05Z
44932,STT Kolkata 1,Kolkata,IN,20757,6780,24508,2020-11-03T15:56:20Z,2020-11-03T15:56:20Z
47367,STT Kolkata 1,Kolkata,IN,15093,6780,43009,2021-02-18T11:55:55Z,2021-02-18T11:55:55Z
50380,STT Kolkata 1,Kolkata,IN,979,6780,32934,2021-07-26T11:02:43Z,2021-07-26T11:02:43Z
50922,STT Kolkata 1,Kolkata,IN,12197,6780,132921,2021-08-28T05:57:15Z,2024-03-15T12:57:45Z
51099,STT Kolkata 1,Kolkata,IN,27923,6780,142497,2021-09-07T16:28:40Z,2021-09-07T16:28:40Z
51111,STT Kolkata 1,Kolkata,IN,27874,6780,23726,2021-09-08T08:49:56Z,2021-09-08T08:49:56Z
51306,STT Kolkata 1,Kolkata,IN,24285,6780,141014,2021-09-22T14:03:49Z,2021-09-22T14:03:49Z
51668,STT Kolkata 1,Kolkata,IN,26978,6780,139009,2021-10-15T15:45:41Z,2021-10-15T15:45:41Z
52141,STT Kolkata 1,Kolkata,IN,16598,6780,32261,2021-11-05T19:06:08Z,2021-11-05T19:06:08Z
54409,STT Kolkata 1,Kolkata,IN,12647,6780,55410,2022-03-22T12:38:56Z,2022-03-22T12:38:56Z
54418,STT Kolkata 1,Kolkata,IN,3876,6780,55644,2022-03-22T12:45:29Z,2022-03-22T12:45:30Z
55195,STT Kolkata 1,Kolkata,IN,14181,6780,135214,2022-05-07T03:47:03Z,2022-05-07T03:47:03Z
56149,STT Kolkata 1,Kolkata,IN,5520,6780,54113,2022-07-04T15:22:40Z,2022-07-04T15:22:40Z
57332,STT Kolkata 1,Kolkata,IN,5846,6780,45117,2022-08-31T11:37:57Z,2022-08-31T11:42:04Z
58831,STT Kolkata 1,Kolkata,IN,30614,6780,141731,2022-11-21T09:07:37Z,2022-11-21T09:07:37Z
59114,STT Kolkata 1,Kolkata,IN,25219,6780,141253,2022-12-08T13:21:48Z,2022-12-08T13:21:48Z
59393,STT Kolkata 1,Kolkata,IN,31183,6780,141490,2022-12-26T06:37:27Z,2022-12-26T06:37:27Z
60289,STT Kolkata 1,Kolkata,IN,28520,6780,139901,2023-02-13T07:02:06Z,2023-02-13T07:02:06Z
60447,STT Kolkata 1,Kolkata,IN,10635,6780,58765,2023-02-22T17:48:41Z,2023-02-22T17:48:41Z
60650,STT Kolkata 1,Kolkata,IN,3967,6780,24029,2023-03-02T06:31:47Z,2023-03-02T06:31:47Z
62197,STT Kolkata 1,Kolkata,IN,30120,6780,135784,2023-05-12T10:03:35Z,2023-05-12T10:03:35Z
63917,STT Kolkata 1,Kolkata,IN,20781,6780,137654,2023-07-21T05:49:03Z,2023-07-21T05:49:03Z
64408,STT Kolkata 1,Kolkata,IN,15048,6780,133240,2023-08-18T12:30:45Z,2023-08-18T12:30:45Z
65238,STT Kolkata 1,Kolkata,IN,33865,6780,133283,2023-09-25T17:14:29Z,2023-09-25T17:14:29Z
66206,STT Kolkata 1,Kolkata,IN,2328,6780,17806,2023-11-09T04:57:27Z,2023-11-09T04:57:27Z
66784,STT Kolkata 1,Kolkata,IN,31085,6780,147255,2023-12-08T04:21:00Z,2023-12-08T04:21:00Z
68219,STT Kolkata 1,Kolkata,IN,10964,6780,58717,2024-02-14T05:13:25Z,2024-02-14T05:13:25Z
68221,STT Kolkata 1,Kolkata,IN,19838,6780,132884,2024-02-14T05:14:24Z,2024-02-14T05:14:24Z
70129,STT Kolkata 1,Kolkata,IN,29175,6780,149268,2024-04-25T07:49:18Z,2024-04-25T07:49:19Z
70187,STT Kolkata 1,Kolkata,IN,30960,6780,150178,2024-04-28T09:30:07Z,2024-04-28T09:30:07Z
70241,STT Kolkata 1,Kolkata,IN,31733,6780,142485,2024-05-01T16:57:47Z,2024-05-01T16:57:48Z
72427,STT Kolkata 1,Kolkata,IN,34858,6780,151690,2024-08-05T06:10:16Z,2024-08-05T06:10:16Z
73831,STT Kolkata 1,Kolkata,IN,6531,6780,58682,2024-09-29T11:25:51Z,2024-09-29T11:25:52Z
74884,STT Kolkata 1,Kolkata,IN,2,6780,20940,2024-11-15T11:18:42Z,2024-11-15T11:18:43Z
75756,STT Kolkata 1,Kolkata,IN,29208,6780,134302,2024-12-26T05:58:33Z,2024-12-26T05:58:33Z
75869,STT Kolkata 1,Kolkata,IN,20325,6780,135760,2025-01-04T16:51:19Z,2025-01-04T16:51:20Z
78479,STT Kolkata 1,Kolkata,IN,10670,6780,55256,2025-04-29T00:21:50Z,2025-04-29T00:21:50Z
78730,STT Kolkata 1,Kolkata,IN,1234,6780,21859,2025-05-08T05:53:28Z,2025-05-08T05:53:29Z
79045,STT Kolkata 1,Kolkata,IN,1595,6780,10075,2025-05-25T08:01:04Z,2025-05-25T08:01:04Z
79315,STT Kolkata 1,Kolkata,IN,16764,6780,137085,2025-06-04T06:58:38Z,2025-06-04T06:58:39Z
80641,STT Kolkata 1,Kolkata,IN,118,6780,5400,2025-07-25T07:11:31Z,2025-07-25T07:11:31Z
80763,STT Kolkata 1,Kolkata,IN,38072,6780,153234,2025-07-27T20:43:17Z,2025-07-27T20:43:17Z
81340,STT Kolkata 1,Kolkata,IN,32220,6780,150748,2025-08-26T04:56:24Z,2025-08-26T04:56:24Z
81855,STT Kolkata 1,Kolkata,IN,28259,6780,58945,2025-09-16T09:53:45Z,2025-09-16T09:53:45Z
82259,STT Kolkata 1,Kolkata,IN,15410,6780,135872,2025-10-05T17:21:18Z,2025-10-05T17:21:19Z
83840,STT Kolkata 1,Kolkata,IN,29910,6780,139515,2025-11-19T17:33:21Z,2025-11-19T17:33:22Z
84171,STT Kolkata 1,Kolkata,IN,37657,6780,135650,2025-12-03T13:42:16Z,2025-12-03T13:42:16Z
84230,STT Kolkata 1,Kolkata,IN,40569,6780,154232,2025-12-06T14:09:47Z,2025-12-06T14:09:47Z
84772,STT Kolkata 1,Kolkata,IN,14387,6780,45820,2026-01-04T19:08:22Z,2026-01-04T19:08:22Z
85888,STT Kolkata 1,Kolkata,IN,41633,6780,152498,2026-02-16T11:34:41Z,2026-02-16T11:34:41Z
88111,STT Kolkata 1,Kolkata,IN,22373,6780,138754,2026-05-27T10:13:45Z,2026-05-27T10:13:45Z
88731,STT Kolkata 1,Kolkata,IN,22100,6780,137491,2026-06-24T11:06:08Z,2026-06-24T11:06:09Z
88764,STT Kolkata 1,Kolkata,IN,15930,6780,136625,2026-06-25T08:45:47Z,2026-06-25T08:45:47Z
89334,STT Kolkata 1,Kolkata,IN,24552,6780,140148,2026-07-21T17:33:54Z,2026-07-21T17:33:54Z
89351,STT Kolkata 1,Kolkata,IN,30965,6780,134734,2026-07-22T14:02:10Z,2026-07-22T14:02:10Z
42405,STT Hyderabad 1,Hyderabad,IN,1418,6781,16509,2020-07-03T08:57:27Z,2020-07-03T08:57:27Z
43597,STT Hyderabad 1,Hyderabad,IN,2536,6781,9583,2020-09-02T13:07:23Z,2020-09-02T13:07:23Z
49092,STT Hyderabad 1,Hyderabad,IN,9843,6781,45582,2021-05-20T04:17:08Z,2021-05-20T04:17:08Z
51176,STT Hyderabad 1,Hyderabad,IN,5520,6781,54113,2021-09-14T22:29:21Z,2021-09-14T22:29:22Z
52202,STT Hyderabad 1,Hyderabad,IN,2,6781,20940,2021-11-10T15:57:23Z,2021-11-10T15:57:23Z
52885,STT Hyderabad 1,Hyderabad,IN,8433,6781,17483,2021-12-18T08:27:49Z,2021-12-18T08:27:49Z
53602,STT Hyderabad 1,Hyderabad,IN,16598,6781,32261,2022-02-01T13:15:54Z,2022-02-01T13:15:54Z
54233,STT Hyderabad 1,Hyderabad,IN,14387,6781,45820,2022-03-14T16:31:04Z,2022-03-14T16:31:04Z
60667,STT Hyderabad 1,Hyderabad,IN,5846,6781,45117,2023-03-02T10:02:05Z,2023-03-02T10:02:05Z
64454,STT Hyderabad 1,Hyderabad,IN,11441,6781,134033,2023-08-22T09:25:35Z,2023-08-22T09:25:36Z
64560,STT Hyderabad 1,Hyderabad,IN,30778,6781,137097,2023-08-28T12:31:37Z,2023-08-28T12:31:37Z
66191,STT Hyderabad 1,Hyderabad,IN,979,6781,32934,2023-11-08T08:53:57Z,2023-11-08T08:53:57Z
67891,STT Hyderabad 1,Hyderabad,IN,33351,6781,151089,2024-02-01T18:29:27Z,2024-02-01T18:29:27Z
72233,STT Hyderabad 1,Hyderabad,IN,28306,6781,59191,2024-07-27T11:53:25Z,2024-07-27T11:53:25Z
73614,STT Hyderabad 1,Hyderabad,IN,7639,6781,17754,2024-09-20T10:31:48Z,2024-09-20T10:31:48Z
74618,STT Hyderabad 1,Hyderabad,IN,4837,6781,18229,2024-11-06T17:48:39Z,2024-11-06T17:48:39Z
76255,STT Hyderabad 1,Hyderabad,IN,22064,6781,139490,2025-01-23T11:26:33Z,2025-01-23T11:26:33Z
76400,STT Hyderabad 1,Hyderabad,IN,29746,6781,149612,2025-01-30T05:25:06Z,2025-01-30T05:25:06Z
76691,STT Hyderabad 1,Hyderabad,IN,31548,6781,136290,2025-02-11T14:47:13Z,2025-02-11T14:47:13Z
78488,STT Hyderabad 1,Hyderabad,IN,10670,6781,55256,2025-04-29T00:42:09Z,2025-04-29T00:42:10Z
80637,STT Hyderabad 1,Hyderabad,IN,118,6781,5400,2025-07-25T06:37:02Z,2025-07-25T06:37:02Z
86729,STT Hyderabad 1,Hyderabad,IN,15844,6781,9829,2026-03-25T04:52:55Z,2026-03-25T04:52:55Z
88048,STT Hyderabad 1,Hyderabad,IN,7373,6781,45884,2026-05-22T08:43:43Z,2026-05-22T08:43:44Z
88762,STT Hyderabad 1,Hyderabad,IN,15930,6781,136625,2026-06-25T08:44:50Z,2026-06-25T08:44:50Z
43591,STT Bangalore 1,Bangalore,IN,2536,6782,9583,2020-09-02T13:06:09Z,2020-09-02T13:06:09Z
44058,STT Bangalore 1,Bangalore,IN,9054,6782,17426,2020-09-28T12:21:52Z,2020-09-28T12:21:52Z
75683,STT Bangalore 1,Bangalore,IN,8577,6782,133982,2024-12-20T13:08:33Z,2024-12-20T13:08:33Z
79249,STT Bangalore 1,Bangalore,IN,12573,6782,135814,2025-06-02T11:42:04Z,2025-06-02T11:42:04Z
79651,STT Bangalore 1,Bangalore,IN,2,6782,20940,2025-06-19T17:43:36Z,2025-06-19T17:43:36Z
80634,STT Bangalore 1,Bangalore,IN,118,6782,5400,2025-07-25T06:34:52Z,2025-07-25T06:34:52Z
84166,STT Bangalore 1,Bangalore,IN,37657,6782,135650,2025-12-03T13:37:52Z,2025-12-03T13:37:53Z
84722,STT Bangalore 1,Bangalore,IN,14387,6782,45820,2026-01-01T19:32:38Z,2026-01-13T11:47:41Z
88753,STT Bangalore 1,Bangalore,IN,15930,6782,136625,2026-06-25T08:42:17Z,2026-06-25T08:42:17Z
43592,STT Bangalore 2,Bangalore,IN,2536,6783,9583,2020-09-02T13:06:22Z,2020-09-02T13:06:22Z
75684,STT Bangalore 2,Bangalore,IN,8577,6783,133982,2024-12-20T13:08:45Z,2024-12-20T13:08:46Z
43599,STT Ahmedabad 1,Ahmedabad,IN,2536,6784,9583,2020-09-02T13:07:48Z,2020-09-02T13:07:48Z
56191,STT Ahmedabad 1,Ahmedabad,IN,5933,6784,17625,2022-07-06T09:02:15Z,2022-07-06T09:02:15Z
57333,STT Ahmedabad 1,Ahmedabad,IN,5846,6784,45117,2022-08-31T11:41:44Z,2022-08-31T11:41:44Z
80764,STT Ahmedabad 1,Ahmedabad,IN,979,6784,32934,2025-07-28T02:15:34Z,2025-07-28T02:15:34Z
85002,STT Ahmedabad 1,Ahmedabad,IN,14387,6784,45820,2026-01-15T05:47:21Z,2026-01-15T05:47:22Z
85431,STT Ahmedabad 1,Ahmedabad,IN,34243,6784,135709,2026-02-04T05:05:26Z,2026-02-04T05:05:26Z
88621,STT Ahmedabad 1,Ahmedabad,IN,41220,6784,142463,2026-06-20T06:57:25Z,2026-06-20T06:57:25Z
36126,STT Delhi 1,Delhi,IN,9310,6785,134026,2019-06-24T05:35:02Z,2019-06-24T05:35:02Z
43273,STT Delhi 1,Delhi,IN,10496,6785,132934,2020-08-14T20:01:25Z,2020-08-14T20:01:25Z
43595,STT Delhi 1,Delhi,IN,2536,6785,9583,2020-09-02T13:07:03Z,2020-09-02T13:07:03Z
44516,STT Delhi 1,Delhi,IN,10538,6785,45184,2020-10-15T12:07:03Z,2020-10-15T12:07:04Z
46592,STT Delhi 1,Delhi,IN,12698,6785,134858,2021-01-20T21:06:07Z,2021-01-20T21:06:07Z
47529,STT Delhi 1,Delhi,IN,16870,6785,135232,2021-02-26T15:39:02Z,2021-02-26T15:39:02Z
51251,STT Delhi 1,Delhi,IN,11085,6785,133652,2021-09-18T18:06:31Z,2021-09-18T18:06:31Z
62150,STT Delhi 1,Delhi,IN,14676,6785,136946,2023-05-10T10:04:20Z,2023-05-10T10:04:20Z
64927,STT Delhi 1,Delhi,IN,5933,6785,17625,2023-09-12T16:34:43Z,2023-09-12T16:34:43Z
69654,STT Delhi 1,Delhi,IN,8264,6785,132754,2024-04-09T08:08:31Z,2024-04-09T08:08:31Z
70830,STT Delhi 1,Delhi,IN,16179,6785,135761,2024-05-27T07:40:33Z,2024-05-27T07:40:33Z
72090,STT Delhi 1,Delhi,IN,12665,6785,133989,2024-07-22T14:44:28Z,2024-07-22T14:44:28Z
75084,STT Delhi 1,Delhi,IN,17095,6785,135227,2024-11-27T06:36:26Z,2024-11-27T06:36:26Z
75220,STT Delhi 1,Delhi,IN,34243,6785,135709,2024-11-29T05:41:24Z,2024-11-29T05:41:25Z
75718,STT Delhi 1,Delhi,IN,30660,6785,135726,2024-12-23T08:06:15Z,2024-12-23T08:06:15Z
76090,STT Delhi 1,Delhi,IN,29091,6785,146904,2025-01-16T04:52:43Z,2026-06-19T10:06:48Z
76623,STT Delhi 1,Delhi,IN,34858,6785,151690,2025-02-07T10:18:20Z,2025-02-07T10:18:21Z
77295,STT Delhi 1,Delhi,IN,14155,6785,133647,2025-03-09T13:30:36Z,2025-03-09T13:30:37Z
78341,STT Delhi 1,Delhi,IN,34977,6785,151720,2025-04-21T10:07:02Z,2025-04-21T10:07:02Z
81548,STT Delhi 1,Delhi,IN,40010,6785,153756,2025-08-31T11:31:27Z,2025-09-04T15:42:03Z
84854,STT Delhi 1,Delhi,IN,26482,6785,141799,2026-01-08T19:03:37Z,2026-01-08T19:03:37Z
86978,STT Delhi 1,Delhi,IN,14387,6785,45820,2026-03-31T20:19:16Z,2026-03-31T20:19:17Z
87369,STT Delhi 1,Delhi,IN,40852,6785,154360,2026-04-16T06:11:26Z,2026-04-16T06:11:26Z
89371,STT Delhi 1,Delhi,IN,42352,6785,154466,2026-07-23T09:43:23Z,2026-07-23T09:43:24Z
35580,STT Delhi 2,Delhi,IN,457,6786,2906,2019-05-24T21:07:10Z,2019-05-24T21:07:10Z
36127,STT Delhi 2,Delhi,IN,9310,6786,134026,2019-06-24T05:35:11Z,2019-06-24T05:35:11Z
42377,STT Delhi 2,Delhi,IN,14914,6786,136724,2020-07-02T09:22:07Z,2020-07-02T09:22:07Z
42403,STT Delhi 2,Delhi,IN,1418,6786,16509,2020-07-03T07:55:23Z,2020-07-03T07:55:23Z
43271,STT Delhi 2,Delhi,IN,10496,6786,132934,2020-08-14T19:58:25Z,2020-08-14T19:58:25Z
44517,STT Delhi 2,Delhi,IN,10538,6786,45184,2020-10-15T12:07:46Z,2020-10-15T12:07:46Z
47544,STT Delhi 2,Delhi,IN,26117,6786,133279,2021-02-27T09:44:33Z,2021-02-27T09:44:33Z
48937,STT Delhi 2,Delhi,IN,12698,6786,134858,2021-05-11T12:02:51Z,2021-05-11T12:02:51Z
50237,STT Delhi 2,Delhi,IN,2827,6786,24457,2021-07-16T11:22:01Z,2021-07-16T11:22:01Z
51250,STT Delhi 2,Delhi,IN,11085,6786,133652,2021-09-18T18:06:22Z,2021-09-18T18:06:23Z
52257,STT Delhi 2,Delhi,IN,16634,6786,134337,2021-11-14T10:46:08Z,2021-11-14T10:46:08Z
53472,STT Delhi 2,Delhi,IN,705,6786,12008,2022-01-24T23:02:51Z,2022-01-24T23:02:51Z
55113,STT Delhi 2,Delhi,IN,12951,6786,45804,2022-04-30T10:29:30Z,2022-04-30T10:29:30Z
56520,STT Delhi 2,Delhi,IN,5167,6786,17665,2022-07-25T10:19:45Z,2022-07-25T10:19:45Z
57335,STT Delhi 2,Delhi,IN,5846,6786,45117,2022-08-31T11:43:53Z,2022-08-31T11:43:53Z
59482,STT Delhi 2,Delhi,IN,27154,6786,50839,2022-12-31T16:00:30Z,2022-12-31T16:00:30Z
59994,STT Delhi 2,Delhi,IN,19949,6786,138768,2023-01-26T09:13:03Z,2023-01-26T09:13:03Z
60646,STT Delhi 2,Delhi,IN,3967,6786,24029,2023-03-02T06:29:12Z,2023-03-02T06:29:12Z
62200,STT Delhi 2,Delhi,IN,30120,6786,135784,2023-05-12T10:07:41Z,2023-05-12T10:07:41Z
62994,STT Delhi 2,Delhi,IN,15930,6786,136625,2023-06-19T22:05:59Z,2023-06-19T22:11:24Z
64928,STT Delhi 2,Delhi,IN,5933,6786,17625,2023-09-12T16:35:02Z,2023-09-12T16:35:02Z
68697,STT Delhi 2,Delhi,IN,979,6786,32934,2024-02-29T10:41:56Z,2024-02-29T10:41:57Z
69653,STT Delhi 2,Delhi,IN,8264,6786,132754,2024-04-09T08:07:28Z,2024-04-09T08:07:28Z
70831,STT Delhi 2,Delhi,IN,16179,6786,135761,2024-05-27T07:40:42Z,2024-05-27T07:40:42Z
70969,STT Delhi 2,Delhi,IN,14676,6786,136946,2024-05-31T08:36:44Z,2024-05-31T08:36:45Z
71926,STT Delhi 2,Delhi,IN,12175,6786,135799,2024-07-14T03:08:01Z,2024-07-14T03:08:01Z
72091,STT Delhi 2,Delhi,IN,12665,6786,133989,2024-07-22T14:44:35Z,2024-07-22T14:44:35Z
72377,STT Delhi 2,Delhi,IN,29091,6786,146904,2024-08-02T06:15:24Z,2026-06-19T10:08:19Z
75221,STT Delhi 2,Delhi,IN,34243,6786,135709,2024-11-29T05:41:38Z,2024-11-29T05:41:38Z
75354,STT Delhi 2,Delhi,IN,36625,6786,151732,2024-12-05T05:52:51Z,2024-12-05T05:52:52Z
78342,STT Delhi 2,Delhi,IN,34977,6786,151720,2025-04-21T10:07:23Z,2025-04-21T10:07:23Z
78480,STT Delhi 2,Delhi,IN,10670,6786,55256,2025-04-29T00:24:47Z,2025-04-29T00:24:48Z
82077,STT Delhi 2,Delhi,IN,27639,6786,135259,2025-09-25T14:47:11Z,2025-09-25T14:47:11Z
82370,STT Delhi 2,Delhi,IN,6020,6786,16552,2025-10-08T13:45:58Z,2025-10-08T13:45:58Z
84853,STT Delhi 2,Delhi,IN,26482,6786,141799,2026-01-08T19:03:04Z,2026-01-08T19:03:04Z
86128,STT Delhi 2,Delhi,IN,39939,6786,133976,2026-02-24T18:22:12Z,2026-02-24T18:22:12Z
86979,STT Delhi 2,Delhi,IN,14387,6786,45820,2026-03-31T20:19:28Z,2026-03-31T20:19:28Z
87370,STT Delhi 2,Delhi,IN,40852,6786,154360,2026-04-16T06:11:40Z,2026-04-16T06:11:40Z
89280,STT Delhi 2,Delhi,IN,15643,6786,136645,2026-07-18T16:33:44Z,2026-07-18T16:33:44Z
89354,STT Delhi 2,Delhi,IN,42937,6786,138748,2026-07-22T18:22:49Z,2026-07-22T18:22:49Z
89555,STT Delhi 2,Delhi,IN,27330,6786,49915,2026-07-30T07:19:20Z,2026-07-30T07:19:20Z
36128,STT Delhi 3,Delhi,IN,9310,6787,134026,2019-06-24T05:35:19Z,2019-06-24T05:35:19Z
39024,STT Delhi 3,Delhi,IN,16017,6787,135817,2020-01-10T06:23:40Z,2022-12-02T12:17:34Z
43272,STT Delhi 3,Delhi,IN,10496,6787,132934,2020-08-14T20:01:09Z,2020-08-14T20:01:09Z
43594,STT Delhi 3,Delhi,IN,2536,6787,9583,2020-09-02T13:06:54Z,2020-09-02T13:06:54Z
44931,STT Delhi 3,Delhi,IN,2827,6787,24457,2020-11-03T15:51:09Z,2020-11-03T15:51:09Z
49027,STT Delhi 3,Delhi,IN,11085,6787,133652,2021-05-16T06:49:24Z,2021-05-16T06:49:24Z
51102,STT Delhi 3,Delhi,IN,27923,6787,142497,2021-09-07T16:29:52Z,2021-09-07T16:29:52Z
66918,STT Delhi 3,Delhi,IN,16912,6787,136370,2023-12-15T13:41:53Z,2023-12-15T13:41:53Z
69655,STT Delhi 3,Delhi,IN,8264,6787,132754,2024-04-09T08:08:45Z,2024-04-09T08:08:45Z
70832,STT Delhi 3,Delhi,IN,16179,6787,135761,2024-05-27T07:40:53Z,2024-05-27T07:40:53Z
72378,STT Delhi 3,Delhi,IN,29091,6787,146904,2024-08-02T06:15:40Z,2026-06-19T10:06:37Z
74012,STT Delhi 3,Delhi,IN,21022,6787,136703,2024-10-08T15:50:56Z,2024-10-08T15:50:56Z
78340,STT Delhi 3,Delhi,IN,34977,6787,151720,2025-04-21T10:06:42Z,2025-04-21T10:06:42Z
79248,STT Delhi 3,Delhi,IN,12573,6787,135814,2025-06-02T11:41:38Z,2025-06-02T11:41:38Z
81547,STT Delhi 3,Delhi,IN,40010,6787,153756,2025-08-31T11:30:34Z,2025-09-04T15:42:03Z
81754,STT Delhi 3,Delhi,IN,28945,6787,134940,2025-09-10T07:58:58Z,2025-09-10T07:58:58Z
84855,STT Delhi 3,Delhi,IN,26482,6787,141799,2026-01-08T19:03:51Z,2026-01-08T19:03:52Z
86977,STT Delhi 3,Delhi,IN,14387,6787,45820,2026-03-31T20:19:00Z,2026-03-31T20:19:00Z
87371,STT Delhi 3,Delhi,IN,40852,6787,154360,2026-04-16T06:11:55Z,2026-04-16T06:11:55Z
89556,STT Delhi 3,Delhi,IN,27330,6787,49915,2026-07-30T07:19:21Z,2026-07-30T07:19:21Z
38705,STT Mumbai 1,Mumbai,IN,17242,6788,135139,2019-12-12T09:57:06Z,2019-12-12T09:57:06Z
86124,STT Mumbai 1,Mumbai,IN,14477,6788,17762,2026-02-24T17:45:47Z,2026-02-24T17:45:47Z
43598,STT Mumbai 2,Mumbai,IN,2536,6789,9583,2020-09-02T13:07:35Z,2020-09-02T13:07:35Z
44938,STT Mumbai 2,Mumbai,IN,18630,6789,59200,2020-11-03T16:31:19Z,2020-11-03T16:31:19Z
46134,STT Mumbai 2,Mumbai,IN,4837,6789,18229,2020-12-30T06:56:21Z,2020-12-30T06:56:21Z
51338,STT Mumbai 2,Mumbai,IN,11776,6789,135810,2021-09-24T14:08:46Z,2021-09-24T14:08:46Z
55314,STT Mumbai 2,Mumbai,IN,29949,6789,135774,2022-05-17T04:41:18Z,2022-05-17T04:41:18Z
56190,STT Mumbai 2,Mumbai,IN,5933,6789,17625,2022-07-06T09:01:54Z,2022-07-06T09:01:54Z
56302,STT Mumbai 2,Mumbai,IN,10920,6789,133286,2022-07-12T11:14:29Z,2022-07-12T11:14:29Z
58599,STT Mumbai 2,Mumbai,IN,31477,6789,149587,2022-11-10T14:05:22Z,2022-11-10T14:05:22Z
58970,STT Mumbai 2,Mumbai,IN,22879,6789,140158,2022-11-30T09:10:18Z,2022-11-30T09:10:18Z
59112,STT Mumbai 2,Mumbai,IN,31712,6789,149214,2022-12-08T13:08:30Z,2022-12-08T13:08:30Z
59119,STT Mumbai 2,Mumbai,IN,31717,6789,136285,2022-12-08T14:52:12Z,2022-12-08T14:52:12Z
59196,STT Mumbai 2,Mumbai,IN,8893,6789,134053,2022-12-13T10:59:43Z,2022-12-13T10:59:43Z
60270,STT Mumbai 2,Mumbai,IN,16356,6789,137102,2023-02-10T08:19:53Z,2023-02-10T08:19:53Z
63550,STT Mumbai 2,Mumbai,IN,5846,6789,45117,2023-07-04T14:19:28Z,2023-07-04T14:19:28Z
76326,STT Mumbai 2,Mumbai,IN,1764,6789,44444,2025-01-27T22:06:06Z,2025-01-27T22:06:06Z
76621,STT Mumbai 2,Mumbai,IN,34858,6789,151690,2025-02-07T10:17:51Z,2025-02-07T10:17:51Z
76626,STT Mumbai 2,Mumbai,IN,1411,6789,38224,2025-02-07T11:59:14Z,2025-02-07T11:59:14Z
78112,STT Mumbai 2,Mumbai,IN,29265,6789,135806,2025-04-11T08:50:36Z,2025-04-11T08:50:36Z
79049,STT Mumbai 2,Mumbai,IN,1595,6789,10075,2025-05-25T08:02:52Z,2025-05-25T08:02:52Z
80280,STT Mumbai 2,Mumbai,IN,11494,6789,133968,2025-07-11T14:21:40Z,2025-07-11T14:21:40Z
80639,STT Mumbai 2,Mumbai,IN,118,6789,5400,2025-07-25T06:40:42Z,2025-07-25T06:40:42Z
81691,STT Mumbai 2,Mumbai,IN,40010,6789,153756,2025-09-06T19:21:57Z,2025-09-06T19:21:57Z
84771,STT Mumbai 2,Mumbai,IN,14477,6789,17762,2026-01-04T18:00:48Z,2026-02-24T17:46:34Z
87688,STT Mumbai 2,Mumbai,IN,42229,6789,151347,2026-05-03T06:00:28Z,2026-05-03T06:00:28Z
88770,STT Mumbai 2,Mumbai,IN,15930,6789,136625,2026-06-25T08:47:41Z,2026-06-25T08:47:41Z
89485,STT Mumbai 2,Mumbai,IN,11415,6789,135738,2026-07-29T08:46:45Z,2026-07-29T08:46:45Z
89557,STT Mumbai 2,Mumbai,IN,27330,6789,49915,2026-07-30T07:19:23Z,2026-07-30T07:19:23Z
35507,STT Mumbai 3,Mumbai,IN,854,6790,36692,2019-05-21T16:35:06Z,2019-05-21T16:35:06Z
35617,STT Mumbai 3,Mumbai,IN,11851,6790,13150,2019-05-27T06:53:14Z,2019-05-27T06:53:14Z
56192,STT Mumbai 3,Mumbai,IN,5933,6790,17625,2022-07-06T09:02:38Z,2022-07-06T09:02:38Z
63549,STT Mumbai 3,Mumbai,IN,5846,6790,45117,2023-07-04T14:18:30Z,2023-07-04T14:18:30Z
67115,STT Mumbai 3,Mumbai,IN,21894,6790,138746,2023-12-28T13:59:32Z,2023-12-28T13:59:33Z
44731,Pi Datacenters Amaravati,Amaravati,IN,21895,6888,207722,2020-10-26T14:11:07Z,2020-10-26T14:11:08Z
44820,Pi Datacenters Amaravati,Amaravati,IN,16756,6888,137851,2020-10-29T20:58:48Z,2020-10-29T20:58:48Z
45390,Pi Datacenters Amaravati,Amaravati,IN,16629,6888,136364,2020-11-24T13:59:44Z,2020-11-24T13:59:44Z
57787,Pi Datacenters Amaravati,Amaravati,IN,30972,6888,141864,2022-09-29T03:36:26Z,2022-09-29T03:36:26Z
37241,Airgenie Communications Pondicherry,Pondicherry,IN,10141,7363,134021,2019-09-17T17:40:54Z,2019-09-17T17:40:54Z
40427,Equinix MB2 - Mumbai (GPX Mumbai 2),Mumbai,IN,2,7377,20940,2020-03-31T10:02:52Z,2020-03-31T10:02:52Z
42343,Equinix MB2 - Mumbai (GPX Mumbai 2),Mumbai,IN,5520,7377,54113,2020-06-30T18:19:40Z,2020-06-30T18:19:40Z
43589,Equinix MB2 - Mumbai (GPX Mumbai 2),Mumbai,IN,2536,7377,9583,2020-09-02T13:05:55Z,2020-09-02T13:05:55Z
43944,Equinix MB2 - Mumbai (GPX Mumbai 2),Mumbai,IN,9054,7377,17426,2020-09-22T09:50:21Z,2020-09-22T09:50:21Z
44405,Equinix MB2 - Mumbai (GPX Mumbai 2),Mumbai,IN,18296,7377,138259,2020-10-10T05:02:20Z,2020-10-10T05:02:20Z
44935,Equinix MB2 - Mumbai (GPX Mumbai 2),Mumbai,IN,18630,7377,59200,2020-11-03T16:30:43Z,2020-11-03T16:30:43Z
46359,Equinix MB2 - Mumbai (GPX Mumbai 2),Mumbai,IN,19710,7377,17117,2021-01-09T16:58:36Z,2021-01-09T16:58:36Z
47635,Equinix MB2 - Mumbai (GPX Mumbai 2),Mumbai,IN,1264,7377,16276,2021-03-04T21:59:14Z,2022-10-20T15:00:02Z
48214,Equinix MB2 - Mumbai (GPX Mumbai 2),Mumbai,IN,18197,7377,136308,2021-04-01T05:13:03Z,2021-04-01T05:13:03Z
49140,Equinix MB2 - Mumbai (GPX Mumbai 2),Mumbai,IN,3525,7377,7642,2021-05-23T14:45:53Z,2021-05-23T14:45:53Z
50476,Equinix MB2 - Mumbai (GPX Mumbai 2),Mumbai,IN,24415,7377,17470,2021-08-03T06:25:03Z,2024-11-05T11:19:41Z
50767,Equinix MB2 - Mumbai (GPX Mumbai 2),Mumbai,IN,26641,7377,137594,2021-08-19T04:09:15Z,2021-08-19T04:09:15Z
52909,Equinix MB2 - Mumbai (GPX Mumbai 2),Mumbai,IN,7117,7377,132215,2021-12-21T10:46:59Z,2025-07-23T09:42:23Z
53749,Equinix MB2 - Mumbai (GPX Mumbai 2),Mumbai,IN,10569,7377,35280,2022-02-09T09:47:28Z,2022-02-09T09:47:28Z
53864,Equinix MB2 - Mumbai (GPX Mumbai 2),Mumbai,IN,5918,7377,6507,2022-02-17T12:35:29Z,2022-02-17T12:35:29Z
54060,Equinix MB2 - Mumbai (GPX Mumbai 2),Mumbai,IN,1418,7377,16509,2022-03-03T03:52:14Z,2022-03-03T03:52:14Z
54407,Equinix MB2 - Mumbai (GPX Mumbai 2),Mumbai,IN,12647,7377,55410,2022-03-22T12:36:49Z,2022-03-22T12:36:49Z
54413,Equinix MB2 - Mumbai (GPX Mumbai 2),Mumbai,IN,3876,7377,55644,2022-03-22T12:44:01Z,2022-03-22T12:44:01Z
54431,Equinix MB2 - Mumbai (GPX Mumbai 2),Mumbai,IN,813,7377,20473,2022-03-23T15:18:02Z,2022-03-23T15:18:02Z
54729,Equinix MB2 - Mumbai (GPX Mumbai 2),Mumbai,IN,1234,7377,21859,2022-04-08T18:33:07Z,2025-05-08T05:53:16Z
54821,Equinix MB2 - Mumbai (GPX Mumbai 2),Mumbai,IN,29610,7377,147278,2022-04-13T13:49:39Z,2022-04-13T13:49:39Z
55211,Equinix MB2 - Mumbai (GPX Mumbai 2),Mumbai,IN,14578,7377,22697,2022-05-09T14:47:13Z,2022-05-09T14:47:13Z
56232,Equinix MB2 - Mumbai (GPX Mumbai 2),Mumbai,IN,15968,7377,137083,2022-07-08T07:23:29Z,2022-07-08T07:23:29Z
56305,Equinix MB2 - Mumbai (GPX Mumbai 2),Mumbai,IN,10920,7377,133286,2022-07-12T11:14:55Z,2022-07-12T11:14:55Z
56875,Equinix MB2 - Mumbai (GPX Mumbai 2),Mumbai,IN,4768,7377,54444,2022-08-09T09:43:21Z,2022-08-09T09:43:21Z
60443,Equinix MB2 - Mumbai (GPX Mumbai 2),Mumbai,IN,24637,7377,17350,2023-02-22T16:28:36Z,2023-02-22T16:28:36Z
60649,Equinix MB2 - Mumbai (GPX Mumbai 2),Mumbai,IN,3967,7377,24029,2023-03-02T06:31:32Z,2023-03-02T06:31:32Z
61591,Equinix MB2 - Mumbai (GPX Mumbai 2),Mumbai,IN,3554,7377,714,2023-04-14T22:54:51Z,2023-04-14T22:54:51Z
61877,Equinix MB2 - Mumbai (GPX Mumbai 2),Mumbai,IN,11655,7377,135193,2023-04-29T10:30:46Z,2023-04-29T10:30:46Z
62456,Equinix MB2 - Mumbai (GPX Mumbai 2),Mumbai,IN,22292,7377,394161,2023-05-25T00:24:30Z,2023-05-25T00:24:30Z
62475,Equinix MB2 - Mumbai (GPX Mumbai 2),Mumbai,IN,7043,7377,7772,2023-05-25T14:38:41Z,2023-07-05T09:53:02Z
63626,Equinix MB2 - Mumbai (GPX Mumbai 2),Mumbai,IN,30222,7377,400318,2023-07-10T23:52:51Z,2023-07-10T23:52:52Z
65305,Equinix MB2 - Mumbai (GPX Mumbai 2),Mumbai,IN,5230,7377,54825,2023-09-28T06:41:06Z,2023-09-28T06:41:06Z
65485,Equinix MB2 - Mumbai (GPX Mumbai 2),Mumbai,IN,13418,7377,133372,2023-10-04T14:14:19Z,2023-10-04T14:14:20Z
70152,Equinix MB2 - Mumbai (GPX Mumbai 2),Mumbai,IN,6494,7377,14061,2024-04-25T21:57:12Z,2024-04-25T21:57:12Z
72840,Equinix MB2 - Mumbai (GPX Mumbai 2),Mumbai,IN,9598,7377,203391,2024-08-20T11:06:29Z,2024-08-20T11:06:29Z
73158,Equinix MB2 - Mumbai (GPX Mumbai 2),Mumbai,IN,14899,7377,24193,2024-08-28T10:20:34Z,2024-08-28T10:20:34Z
74589,Equinix MB2 - Mumbai (GPX Mumbai 2),Mumbai,IN,24414,7377,132447,2024-11-05T11:19:01Z,2024-11-05T11:19:01Z
75214,Equinix MB2 - Mumbai (GPX Mumbai 2),Mumbai,IN,34243,7377,135709,2024-11-29T05:29:44Z,2024-11-29T05:29:44Z
75686,Equinix MB2 - Mumbai (GPX Mumbai 2),Mumbai,IN,8577,7377,133982,2024-12-20T13:09:51Z,2024-12-20T13:09:51Z
76191,Equinix MB2 - Mumbai (GPX Mumbai 2),Mumbai,IN,31440,7377,7492,2025-01-20T17:05:13Z,2025-01-20T17:57:59Z
77588,Equinix MB2 - Mumbai (GPX Mumbai 2),Mumbai,IN,35867,7377,152565,2025-03-19T10:35:43Z,2025-03-19T10:35:43Z
78476,Equinix MB2 - Mumbai (GPX Mumbai 2),Mumbai,IN,10670,7377,55256,2025-04-29T00:03:41Z,2025-04-29T00:03:41Z
79167,Equinix MB2 - Mumbai (GPX Mumbai 2),Mumbai,IN,38964,7377,153259,2025-05-28T18:25:35Z,2025-05-28T18:25:36Z
80346,Equinix MB2 - Mumbai (GPX Mumbai 2),Mumbai,IN,18747,7377,14593,2025-07-14T21:26:50Z,2025-07-14T21:26:51Z
80640,Equinix MB2 - Mumbai (GPX Mumbai 2),Mumbai,IN,118,7377,5400,2025-07-25T06:40:54Z,2025-07-25T06:40:55Z
80865,Equinix MB2 - Mumbai (GPX Mumbai 2),Mumbai,IN,25024,7377,141383,2025-07-31T09:31:12Z,2025-07-31T09:31:13Z
81160,Equinix MB2 - Mumbai (GPX Mumbai 2),Mumbai,IN,32855,7377,206033,2025-08-17T08:06:22Z,2026-04-03T18:36:03Z
81277,Equinix MB2 - Mumbai (GPX Mumbai 2),Mumbai,IN,12715,7377,134674,2025-08-22T06:35:34Z,2025-08-22T06:35:34Z
82054,Equinix MB2 - Mumbai (GPX Mumbai 2),Mumbai,IN,1459,7377,4637,2025-09-25T00:12:03Z,2025-09-25T00:12:03Z
82371,Equinix MB2 - Mumbai (GPX Mumbai 2),Mumbai,IN,5219,7377,109,2025-10-08T14:37:11Z,2025-10-08T14:37:12Z
84426,Equinix MB2 - Mumbai (GPX Mumbai 2),Mumbai,IN,12698,7377,134858,2025-12-15T04:59:42Z,2025-12-15T04:59:43Z
84807,Equinix MB2 - Mumbai (GPX Mumbai 2),Mumbai,IN,35726,7377,215228,2026-01-07T15:54:22Z,2026-01-07T15:54:22Z
87898,Equinix MB2 - Mumbai (GPX Mumbai 2),Mumbai,IN,40010,7377,153756,2026-05-12T11:24:48Z,2026-05-12T11:24:48Z
88007,Equinix MB2 - Mumbai (GPX Mumbai 2),Mumbai,IN,34948,7377,44331,2026-05-20T12:27:21Z,2026-05-20T12:27:21Z
88021,Equinix MB2 - Mumbai (GPX Mumbai 2),Mumbai,IN,7063,7377,19551,2026-05-20T17:20:12Z,2026-05-20T17:20:12Z
89560,Equinix MB2 - Mumbai (GPX Mumbai 2),Mumbai,IN,27330,7377,49915,2026-07-30T07:19:26Z,2026-07-30T07:19:26Z
46353,VIMITEL VIJAYPUX DC,BIJAPUR,IN,21435,7650,139547,2021-01-09T05:52:09Z,2021-01-09T05:52:09Z
43588,Sify-DLF-Kolkata,Kolkata,IN,2536,7866,9583,2020-09-02T13:03:36Z,2020-09-02T13:03:36Z
43682,Sify-DLF-Kolkata,Kolkata,IN,11676,7866,55507,2020-09-07T10:33:58Z,2020-09-07T10:33:58Z
44324,Sify-DLF-Kolkata,Kolkata,IN,17903,7866,133971,2020-10-08T06:23:42Z,2020-10-08T06:23:42Z
44515,Sify-DLF-Kolkata,Kolkata,IN,10538,7866,45184,2020-10-15T12:06:35Z,2020-10-15T12:06:35Z
44807,Sify-DLF-Kolkata,Kolkata,IN,9843,7866,45582,2020-10-29T07:24:16Z,2020-10-29T07:24:16Z
45107,Sify-DLF-Kolkata,Kolkata,IN,17226,7866,136684,2020-11-11T06:38:57Z,2020-11-11T06:38:57Z
45903,Sify-DLF-Kolkata,Kolkata,IN,25122,7866,133980,2020-12-18T05:30:30Z,2020-12-18T05:30:30Z
46489,Sify-DLF-Kolkata,Kolkata,IN,20607,7866,138716,2021-01-15T11:10:24Z,2021-01-15T11:10:25Z
66205,Sify-DLF-Kolkata,Kolkata,IN,2328,7866,17806,2023-11-09T04:56:59Z,2023-11-09T04:56:59Z
79170,Sify-DLF-Kolkata,Kolkata,IN,38964,7866,153259,2025-05-28T18:26:54Z,2025-05-28T18:26:55Z
84277,Sify-DLF-Kolkata,Kolkata,IN,37657,7866,135650,2025-12-09T11:49:36Z,2025-12-09T11:49:36Z
85443,Sify-DLF-Kolkata,Kolkata,IN,34243,7866,135709,2026-02-04T06:10:02Z,2026-02-04T06:10:02Z
47038,Web Werks NCR 2,Noida,IN,24658,7887,140133,2021-02-03T12:37:15Z,2021-02-03T12:37:15Z
48169,Web Werks NCR 2,Noida,IN,9310,7887,134026,2021-03-31T04:22:00Z,2021-03-31T04:22:00Z
48569,Web Werks NCR 2,Noida,IN,24620,7887,139514,2021-04-23T10:35:27Z,2021-04-23T10:35:27Z
48951,Web Werks NCR 2,Noida,IN,12698,7887,134858,2021-05-12T07:40:09Z,2021-05-12T07:40:09Z
50238,Web Werks NCR 2,Noida,IN,2827,7887,24457,2021-07-16T11:22:11Z,2021-07-16T11:22:11Z
50777,Web Werks NCR 2,Noida,IN,17183,7887,136354,2021-08-19T08:43:40Z,2021-08-19T08:43:40Z
55557,Web Werks NCR 2,Noida,IN,30077,7887,137114,2022-06-02T07:10:52Z,2022-06-02T07:10:52Z
56005,Web Werks NCR 2,Noida,IN,25817,7887,141331,2022-06-26T11:29:06Z,2022-06-26T11:29:06Z
57015,Web Werks NCR 2,Noida,IN,30660,7887,135726,2022-08-14T11:03:18Z,2025-11-15T07:35:12Z
62995,Web Werks NCR 2,Noida,IN,15930,7887,136625,2023-06-19T22:07:12Z,2023-06-19T22:11:51Z
63922,Web Werks NCR 2,Noida,IN,21495,7887,132335,2023-07-21T06:46:29Z,2023-07-21T06:46:29Z
66917,Web Werks NCR 2,Noida,IN,16912,7887,136370,2023-12-15T13:39:34Z,2023-12-15T13:39:34Z
69496,Web Werks NCR 2,Noida,IN,3241,7887,42473,2024-04-03T10:49:40Z,2024-04-03T10:49:40Z
69765,Web Werks NCR 2,Noida,IN,35867,7887,152565,2024-04-12T06:15:43Z,2024-04-12T06:15:43Z
69881,Web Werks NCR 2,Noida,IN,35910,7887,151734,2024-04-16T06:57:03Z,2024-04-16T06:57:03Z
71661,Web Werks NCR 2,Noida,IN,32102,7887,149591,2024-07-01T20:08:56Z,2024-07-01T20:08:56Z
72837,Web Werks NCR 2,Noida,IN,9598,7887,203391,2024-08-20T11:04:26Z,2024-08-20T11:04:26Z
77299,Web Werks NCR 2,Noida,IN,14155,7887,133647,2025-03-09T13:35:27Z,2025-03-09T13:35:28Z
84810,Web Werks NCR 2,Noida,IN,35726,7887,215228,2026-01-07T15:54:55Z,2026-01-07T15:54:55Z
86545,Web Werks NCR 2,Noida,IN,36625,7887,151732,2026-03-14T03:43:12Z,2026-03-14T03:43:12Z
87372,Web Werks NCR 2,Noida,IN,40852,7887,154360,2026-04-16T06:12:05Z,2026-04-16T06:12:05Z
39365,Netmagic Bangalore DC02,Bangalore,IN,8366,7988,24309,2020-01-31T12:19:29Z,2020-01-31T12:19:29Z
42866,Netmagic Bangalore DC02,Bangalore,IN,1418,7988,16509,2020-07-22T20:23:00Z,2020-07-22T20:23:00Z
43601,Netmagic Bangalore DC02,Bangalore,IN,2536,7988,9583,2020-09-02T13:09:15Z,2020-09-02T13:09:15Z
55998,Netmagic Bangalore DC02,Bangalore,IN,6477,7988,11179,2022-06-26T07:30:43Z,2022-06-26T07:30:43Z
62196,Netmagic Bangalore DC02,Bangalore,IN,30120,7988,135784,2023-05-12T10:03:19Z,2023-05-12T10:03:19Z
63342,Netmagic Bangalore DC02,Bangalore,IN,4837,7988,18229,2023-06-26T10:47:14Z,2023-06-26T10:47:14Z
80633,Netmagic Bangalore DC02,Bangalore,IN,118,7988,5400,2025-07-25T06:16:05Z,2025-07-25T06:16:06Z
84642,Netmagic Bangalore DC02,Bangalore,IN,11869,7988,132559,2025-12-27T14:09:07Z,2025-12-27T14:09:07Z
84725,Netmagic Bangalore DC02,Bangalore,IN,14387,7988,45820,2026-01-01T20:54:41Z,2026-04-10T21:17:11Z
86871,Netmagic Bangalore DC02,Bangalore,IN,31561,7988,147279,2026-03-28T10:44:19Z,2026-03-28T10:44:20Z
90272,Netmagic Bangalore DC02,Bangalore,IN,41188,7988,9442,2026-08-29T03:37:31Z,2026-08-29T03:37:31Z
49052,Netmagic Bangalore DC03,Bangalore,IN,26929,7989,135858,2021-05-17T14:58:08Z,2021-05-17T14:58:08Z
51535,Netmagic Bangalore DC03,Bangalore,IN,19482,7989,138225,2021-10-07T04:50:48Z,2021-10-07T04:50:48Z
85433,Netmagic Bangalore DC03,Bangalore,IN,34243,7989,135709,2026-02-04T05:11:12Z,2026-02-04T05:11:12Z
87235,Netmagic Bangalore DC03,Bangalore,IN,14387,7989,45820,2026-04-10T21:17:26Z,2026-04-10T21:17:26Z
88276,Netmagic Bangalore DC03,Bangalore,IN,16233,7989,136373,2026-06-03T11:18:34Z,2026-06-03T11:18:34Z
90273,Netmagic Bangalore DC03,Bangalore,IN,41188,7989,9442,2026-08-29T03:37:41Z,2026-08-29T03:37:41Z
43791,Sify Global Delivery Center (Hyderabad),Nanakaramguda,IN,2536,9123,9583,2020-09-14T07:09:16Z,2020-09-14T07:09:16Z
44323,Sify Global Delivery Center (Hyderabad),Nanakaramguda,IN,17903,9123,133971,2020-10-08T06:23:25Z,2020-10-08T06:23:25Z
44514,Sify Global Delivery Center (Hyderabad),Nanakaramguda,IN,10538,9123,45184,2020-10-15T12:06:23Z,2020-10-15T12:06:23Z
44806,Sify Global Delivery Center (Hyderabad),Nanakaramguda,IN,9843,9123,45582,2020-10-29T07:17:23Z,2020-10-29T07:17:23Z
46487,Sify Global Delivery Center (Hyderabad),Nanakaramguda,IN,20607,9123,138716,2021-01-15T11:09:30Z,2021-01-15T11:09:30Z
58184,Sify Global Delivery Center (Hyderabad),Nanakaramguda,IN,3684,9123,18209,2022-10-20T14:45:59Z,2022-10-20T14:45:59Z
63546,Sify Global Delivery Center (Hyderabad),Nanakaramguda,IN,5846,9123,45117,2023-07-04T14:16:00Z,2023-07-04T14:16:00Z
71451,Sify Global Delivery Center (Hyderabad),Nanakaramguda,IN,1905,9123,31898,2024-06-24T16:10:26Z,2024-06-24T16:10:26Z
71804,Sify Global Delivery Center (Hyderabad),Nanakaramguda,IN,26270,9123,141540,2024-07-06T11:04:54Z,2024-07-06T11:04:54Z
75631,Sify Global Delivery Center (Hyderabad),Nanakaramguda,IN,34243,9123,135709,2024-12-18T15:05:57Z,2024-12-18T15:05:58Z
79246,Sify Global Delivery Center (Hyderabad),Nanakaramguda,IN,12573,9123,135814,2025-06-02T11:40:21Z,2025-06-02T11:40:21Z
80638,Sify Global Delivery Center (Hyderabad),Nanakaramguda,IN,118,9123,5400,2025-07-25T06:39:15Z,2025-07-25T06:39:15Z
82539,Sify Global Delivery Center (Hyderabad),Nanakaramguda,IN,8683,9123,53813,2025-10-14T19:19:52Z,2025-10-14T19:19:52Z
85565,Sify Global Delivery Center (Hyderabad),Nanakaramguda,IN,694,9123,8075,2026-02-05T07:25:41Z,2026-02-05T07:25:41Z
88761,Sify Global Delivery Center (Hyderabad),Nanakaramguda,IN,15930,9123,136625,2026-06-25T08:44:42Z,2026-06-25T08:44:42Z
45686,HostPalace Sarjapur DC (Bengaluru),Sarjapura,IN,6749,9625,134512,2020-12-09T15:04:10Z,2020-12-09T15:04:10Z
45839,DeeNet Data Center Mangalore,Mangalore,IN,25402,9628,138794,2020-12-15T15:48:54Z,2020-12-15T15:48:54Z
45840,DeeNet Data Center Mangalore,Mangalore,IN,18197,9628,136308,2020-12-15T15:49:32Z,2020-12-15T15:49:32Z
45886,DeeNet Data Center Mangalore,Mangalore,IN,25473,9628,139565,2020-12-17T09:44:11Z,2020-12-17T09:44:11Z
49385,DeeNet Data Center Mangalore,Mangalore,IN,27099,9628,141822,2021-06-02T18:10:53Z,2021-06-02T18:10:53Z
50631,DeeNet Data Center Mangalore,Mangalore,IN,27660,9628,142529,2021-08-11T06:39:02Z,2021-08-11T06:39:02Z
52595,DeeNet Data Center Mangalore,Mangalore,IN,20612,9628,56224,2021-12-01T10:31:59Z,2021-12-01T10:31:59Z
55540,DeeNet Data Center Mangalore,Mangalore,IN,13916,9628,133715,2022-06-01T12:47:43Z,2022-06-01T12:47:43Z
61527,DeeNet Data Center Mangalore,Mangalore,IN,32813,9628,149548,2023-04-12T17:50:47Z,2023-04-12T17:50:47Z
66736,DeeNet Data Center Mangalore,Mangalore,IN,31725,9628,135236,2023-12-05T10:29:15Z,2023-12-05T10:29:15Z
48808,CtrlS Hyderabad DC2,Hyderabad,IN,6928,9724,9752,2021-05-06T08:26:35Z,2021-05-06T08:26:35Z
49288,CtrlS Hyderabad DC2,Hyderabad,IN,4837,9724,18229,2021-05-29T05:57:25Z,2021-05-29T05:57:25Z
52846,CtrlS Hyderabad DC2,Hyderabad,IN,16629,9724,136364,2021-12-16T11:25:51Z,2021-12-16T11:25:51Z
54061,CtrlS Hyderabad DC2,Hyderabad,IN,1418,9724,16509,2022-03-03T03:58:13Z,2022-03-03T03:58:13Z
75721,CtrlS Hyderabad DC2,Hyderabad,IN,31574,9724,140982,2024-12-23T15:20:59Z,2024-12-23T15:20:59Z
79297,CtrlS Hyderabad DC2,Hyderabad,IN,27944,9724,146919,2025-06-03T12:38:11Z,2025-06-03T12:38:11Z
86119,CtrlS Hyderabad DC2,Hyderabad,IN,14387,9724,45820,2026-02-24T17:05:57Z,2026-02-24T17:05:57Z
89025,CtrlS Hyderabad DC2,Hyderabad,IN,42894,9724,138752,2026-07-07T11:46:39Z,2026-07-07T11:46:39Z
49151,CtrlS Mumbai DC2,Mumbai,IN,11494,9725,133968,2021-05-24T10:02:02Z,2021-05-24T10:02:50Z
49290,CtrlS Mumbai DC2,Mumbai,IN,4837,9725,18229,2021-05-29T05:57:42Z,2021-05-29T05:57:42Z
54316,CtrlS Mumbai DC2,Mumbai,IN,7117,9725,132215,2022-03-17T05:00:25Z,2025-07-30T06:22:07Z
73306,CtrlS Mumbai DC2,Mumbai,IN,13001,9725,136334,2024-09-03T13:22:25Z,2024-09-03T13:22:25Z
75215,CtrlS Mumbai DC2,Mumbai,IN,34243,9725,135709,2024-11-29T05:37:24Z,2024-11-29T05:37:24Z
76048,CtrlS Mumbai DC2,Mumbai,IN,38131,9725,141805,2025-01-14T08:51:40Z,2025-01-14T08:51:41Z
79436,CtrlS Mumbai DC2,Mumbai,IN,27944,9725,146919,2025-06-09T06:54:29Z,2025-06-09T06:54:29Z
80723,CtrlS Mumbai DC2,Mumbai,IN,25024,9725,141383,2025-07-25T11:19:52Z,2025-07-25T11:19:52Z
83912,CtrlS Mumbai DC2,Mumbai,IN,10525,9725,132960,2025-11-24T04:36:17Z,2025-11-24T04:36:17Z
84670,CtrlS Mumbai DC2,Mumbai,IN,41192,9725,154455,2025-12-29T14:35:04Z,2025-12-29T14:35:05Z
86288,CtrlS Mumbai DC2,Mumbai,IN,14477,9725,17762,2026-03-03T17:41:15Z,2026-03-03T17:41:15Z
88006,CtrlS Mumbai DC2,Mumbai,IN,34948,9725,44331,2026-05-20T12:26:58Z,2026-05-20T12:26:58Z
88248,CtrlS Mumbai DC2,Mumbai,IN,5056,9725,45415,2026-06-02T10:53:29Z,2026-06-02T10:53:29Z
88805,CtrlS Mumbai DC2,Mumbai,IN,5933,9725,17625,2026-06-26T10:16:05Z,2026-06-26T10:16:05Z
89036,CtrlS Mumbai DC2,Mumbai,IN,42894,9725,138752,2026-07-07T11:48:39Z,2026-07-07T11:48:39Z
89503,CtrlS Mumbai DC2,Mumbai,IN,9975,9725,56268,2026-07-30T06:41:13Z,2026-07-30T06:41:13Z
49231,CtrlS Mumbai DC3,Mumbai,IN,11494,9726,133968,2021-05-27T11:27:51Z,2021-05-27T11:27:51Z
49291,CtrlS Mumbai DC3,Mumbai,IN,4837,9726,18229,2021-05-29T05:57:52Z,2021-05-29T05:57:52Z
54317,CtrlS Mumbai DC3,Mumbai,IN,7117,9726,132215,2022-03-17T05:00:35Z,2025-07-30T06:22:20Z
79437,CtrlS Mumbai DC3,Mumbai,IN,27944,9726,146919,2025-06-09T06:54:37Z,2025-06-09T06:54:37Z
86289,CtrlS Mumbai DC3,Mumbai,IN,14477,9726,17762,2026-03-03T17:41:27Z,2026-03-03T17:41:27Z
89037,CtrlS Mumbai DC3,Mumbai,IN,42894,9726,138752,2026-07-07T11:48:45Z,2026-07-07T11:48:45Z
49289,CtrlS Hyderabad DC3,Hyderabad,IN,4837,9735,18229,2021-05-29T05:57:36Z,2021-05-29T05:59:14Z
79299,CtrlS Hyderabad DC3,Hyderabad,IN,27944,9735,146919,2025-06-03T12:38:29Z,2025-06-03T12:38:29Z
86120,CtrlS Hyderabad DC3,Hyderabad,IN,14387,9735,45820,2026-02-24T17:06:09Z,2026-02-24T17:06:09Z
89026,CtrlS Hyderabad DC3,Hyderabad,IN,42894,9735,138752,2026-07-07T11:46:50Z,2026-07-07T11:46:50Z
49051,Netmagic Chandivali - MUM DC06,Mumbai,IN,26929,9868,135858,2021-05-17T14:57:36Z,2021-05-17T14:57:36Z
51587,Netmagic Chandivali - MUM DC06,Mumbai,IN,27572,9868,139341,2021-10-11T02:33:54Z,2021-10-11T02:33:54Z
55730,Netmagic Chandivali - MUM DC06,Mumbai,IN,17266,9868,134249,2022-06-13T09:53:27Z,2022-06-13T09:53:27Z
70792,Netmagic Chandivali - MUM DC06,Mumbai,IN,22677,9868,132986,2024-05-24T13:52:38Z,2024-05-24T13:52:38Z
75217,Netmagic Chandivali - MUM DC06,Mumbai,IN,34243,9868,135709,2024-11-29T05:38:56Z,2024-11-29T05:38:56Z
85287,Netmagic Chandivali - MUM DC06,Mumbai,IN,32214,9868,60664,2026-01-27T13:33:07Z,2026-01-27T13:33:07Z
64376,Netmagic Chandivali - MUM DC07,Mumbai,IN,33663,9869,34440,2023-08-16T10:37:07Z,2023-08-16T10:37:07Z
75738,Netmagic Chandivali - MUM DC07,Mumbai,IN,3628,9869,16839,2024-12-24T09:14:51Z,2024-12-24T09:14:51Z
76077,Netmagic Chandivali - MUM DC07,Mumbai,IN,13001,9869,136334,2025-01-15T05:11:26Z,2025-01-15T05:11:26Z
77058,Netmagic Chandivali - MUM DC07,Mumbai,IN,15093,9869,43009,2025-02-28T13:29:04Z,2025-02-28T13:29:04Z
78774,Netmagic Chandivali - MUM DC07,Mumbai,IN,17937,9869,138296,2025-05-11T07:51:11Z,2025-05-11T07:51:11Z
79166,Netmagic Chandivali - MUM DC07,Mumbai,IN,38964,9869,153259,2025-05-28T18:25:27Z,2025-05-28T18:25:28Z
85288,Netmagic Chandivali - MUM DC07,Mumbai,IN,32214,9869,60664,2026-01-27T13:33:10Z,2026-01-27T13:33:10Z
48620,YOTTA NM1,"Panvel, Raigad,",IN,26274,10552,140641,2021-04-27T09:11:56Z,2021-04-27T09:21:15Z
54036,YOTTA NM1,"Panvel, Raigad,",IN,13001,10552,136334,2022-03-02T05:10:51Z,2022-03-02T05:10:51Z
56306,YOTTA NM1,"Panvel, Raigad,",IN,10920,10552,133286,2022-07-12T11:15:01Z,2022-07-12T11:15:01Z
57928,YOTTA NM1,"Panvel, Raigad,",IN,1264,10552,16276,2022-10-10T10:19:42Z,2022-10-10T10:19:42Z
58281,YOTTA NM1,"Panvel, Raigad,",IN,21080,10552,61218,2022-10-25T17:46:23Z,2022-10-25T17:46:24Z
58291,YOTTA NM1,"Panvel, Raigad,",IN,18724,10552,58057,2022-10-26T09:34:37Z,2022-10-26T09:34:37Z
59460,YOTTA NM1,"Panvel, Raigad,",IN,13000,10552,133001,2022-12-30T04:37:23Z,2022-12-30T04:37:23Z
61370,YOTTA NM1,"Panvel, Raigad,",IN,24099,10552,208367,2023-04-04T17:58:15Z,2023-04-04T17:58:15Z
61988,YOTTA NM1,"Panvel, Raigad,",IN,10853,10552,9558,2023-05-05T11:43:58Z,2023-05-05T11:43:58Z
63920,YOTTA NM1,"Panvel, Raigad,",IN,21495,10552,132335,2023-07-21T06:45:59Z,2023-07-21T06:45:59Z
68450,YOTTA NM1,"Panvel, Raigad,",IN,5846,10552,45117,2024-02-20T12:58:17Z,2024-02-20T12:58:17Z
73921,YOTTA NM1,"Panvel, Raigad,",IN,37460,10552,152507,2024-10-03T07:52:57Z,2024-10-03T07:52:58Z
75260,YOTTA NM1,"Panvel, Raigad,",IN,34948,10552,44331,2024-12-01T20:24:59Z,2024-12-01T20:24:59Z
78677,YOTTA NM1,"Panvel, Raigad,",IN,39126,10552,153291,2025-05-06T09:31:55Z,2025-05-06T09:31:55Z
78729,YOTTA NM1,"Panvel, Raigad,",IN,1234,10552,21859,2025-05-08T05:53:21Z,2025-05-08T05:53:23Z
80834,YOTTA NM1,"Panvel, Raigad,",IN,4782,10552,32590,2025-07-30T22:42:32Z,2025-07-30T22:42:33Z
83694,YOTTA NM1,"Panvel, Raigad,",IN,7961,10552,132770,2025-11-13T07:40:27Z,2025-11-13T07:40:27Z
88273,YOTTA NM1,"Panvel, Raigad,",IN,27330,10552,49915,2026-06-03T01:08:05Z,2026-06-03T01:08:05Z
88524,YOTTA NM1,"Panvel, Raigad,",IN,39621,10552,146943,2026-06-16T15:15:18Z,2026-06-16T15:15:18Z
88772,YOTTA NM1,"Panvel, Raigad,",IN,15930,10552,136625,2026-06-25T08:47:58Z,2026-06-25T08:47:58Z
89008,YOTTA NM1,"Panvel, Raigad,",IN,24659,10552,137134,2026-07-06T14:15:37Z,2026-07-06T14:15:37Z
57207,Rackbank DC Central India,Indore,IN,30804,10728,59187,2022-08-24T06:38:05Z,2022-08-24T06:38:05Z
52217,FIBMESH EDGE DC - JMU 01,JAMMU,IN,9541,11399,133082,2021-11-10T20:08:29Z,2021-11-10T20:08:30Z
54875,FIBMESH EDGE DC - JMU 01,JAMMU,IN,29727,11399,149779,2022-04-16T18:36:37Z,2022-04-16T18:36:37Z
52192,"Insta-DC, Bhilai",Bhilai,IN,10274,11403,135183,2021-11-10T02:36:13Z,2023-02-27T06:00:06Z
60049,"Insta-DC, Bhilai",Bhilai,IN,11495,11403,132957,2023-01-29T09:06:06Z,2023-01-29T09:06:06Z
59884,Extreme Gurgaon,Gurugram,IN,12665,11442,133989,2023-01-20T07:49:08Z,2023-01-20T07:49:08Z
63978,Extreme Gurgaon,Gurugram,IN,33702,11442,138751,2023-07-25T06:08:36Z,2023-07-25T06:08:36Z
71566,Extreme Gurgaon,Gurugram,IN,36625,11442,151732,2024-06-28T15:32:17Z,2024-06-28T15:32:17Z
55556,Extreme Janakpuri,New Delhi,IN,30077,11444,137114,2022-06-02T07:10:13Z,2022-06-02T07:10:13Z
71564,Extreme Janakpuri,New Delhi,IN,36625,11444,151732,2024-06-28T15:32:00Z,2024-06-28T15:32:01Z
77293,Extreme Janakpuri,New Delhi,IN,14155,11444,133647,2025-03-09T13:28:50Z,2025-03-09T13:28:50Z
52481,Extreme Thane,Thane,IN,27849,11445,135721,2021-11-24T15:03:05Z,2021-11-24T15:03:05Z
55495,Extreme Thane,Thane,IN,11494,11445,133968,2022-05-27T14:35:09Z,2022-05-27T14:35:09Z
55558,Extreme Thane,Thane,IN,30077,11445,137114,2022-06-02T07:11:39Z,2022-06-02T07:11:39Z
80414,Extreme Thane,Thane,IN,31712,11445,149214,2025-07-17T12:49:48Z,2025-07-17T12:49:48Z
80436,Extreme Thane,Thane,IN,31717,11445,136285,2025-07-18T18:43:32Z,2025-07-18T18:43:32Z
89505,Extreme Thane,Thane,IN,27330,11445,49915,2026-07-30T07:18:17Z,2026-07-30T07:18:17Z
55494,Extreme Kalyan,Kalyan,IN,11494,11446,133968,2022-05-27T14:35:01Z,2022-05-27T14:35:01Z
74139,Extreme Kalyan,Kalyan,IN,28195,11446,146908,2024-10-16T12:11:04Z,2024-10-16T12:11:04Z
77354,Extreme Kalyan,Kalyan,IN,25453,11446,134345,2025-03-11T12:53:57Z,2025-03-11T12:53:57Z
78684,Extreme Kalyan,Kalyan,IN,8700,11446,133298,2025-05-06T13:07:19Z,2025-05-06T13:07:19Z
59702,NIXI Dehradun,Dehradun,IN,17888,11766,136377,2023-01-11T11:43:46Z,2023-01-11T11:43:46Z
84396,NIXI Dehradun,Dehradun,IN,19955,11766,134945,2025-12-13T10:58:06Z,2025-12-13T10:58:07Z
59749,NIXI Kanpur,Kanpur,IN,14843,11768,135697,2023-01-15T11:41:31Z,2023-01-15T11:41:31Z
65738,NIXI Kanpur,Kanpur,IN,26356,11768,134860,2023-10-17T11:31:07Z,2023-10-17T11:31:07Z
88776,NIXI Kanpur,Kanpur,IN,15930,11768,136625,2026-06-25T09:00:14Z,2026-06-25T09:00:14Z
57816,NIXI Lucknow,Lucknow,IN,14843,11769,135697,2022-09-30T13:00:21Z,2022-09-30T13:00:21Z
79429,NIXI Lucknow,Lucknow,IN,4837,11769,18229,2025-06-09T06:52:53Z,2025-06-09T06:52:53Z
89043,NIXI Lucknow,Lucknow,IN,42894,11769,138752,2026-07-07T11:49:33Z,2026-07-07T11:49:33Z
55537,BASIS DC Kolkata,Kolkata,IN,12197,12295,132921,2022-06-01T12:08:43Z,2022-06-01T12:08:43Z
55539,BASIS DC Kolkata,Kolkata,IN,20325,12295,135760,2022-06-01T12:46:41Z,2022-06-01T12:46:41Z
55541,BASIS DC Kolkata,Kolkata,IN,24285,12295,141014,2022-06-01T12:48:30Z,2022-06-01T12:48:31Z
55542,BASIS DC Kolkata,Kolkata,IN,27874,12295,23726,2022-06-01T12:50:20Z,2022-06-01T12:50:20Z
56762,CtrlS Lucknow DC1,Lucknow,IN,4837,12447,18229,2022-08-05T07:45:15Z,2022-08-05T07:45:15Z
57684,CtrlS Lucknow DC1,Lucknow,IN,14843,12447,135697,2022-09-23T10:41:00Z,2022-09-23T10:41:00Z
58182,CtrlS Lucknow DC1,Lucknow,IN,3684,12447,18209,2022-10-20T14:45:02Z,2022-10-20T14:45:02Z
58202,CtrlS Lucknow DC1,Lucknow,IN,8366,12447,24309,2022-10-21T08:39:43Z,2022-10-21T08:39:43Z
59442,CtrlS Lucknow DC1,Lucknow,IN,30356,12447,137113,2022-12-29T09:28:17Z,2026-01-03T07:52:02Z
62489,CtrlS Lucknow DC1,Lucknow,IN,3816,12447,45528,2023-05-26T06:14:26Z,2023-05-26T06:14:26Z
64758,CtrlS Lucknow DC1,Lucknow,IN,33636,12447,146918,2023-09-05T10:19:34Z,2023-09-05T10:19:34Z
79434,CtrlS Lucknow DC1,Lucknow,IN,27944,12447,146919,2025-06-09T06:54:12Z,2025-06-09T06:54:12Z
80721,CtrlS Lucknow DC1,Lucknow,IN,25024,12447,141383,2025-07-25T11:17:10Z,2025-07-25T11:17:10Z
81512,CtrlS Lucknow DC1,Lucknow,IN,40010,12447,153756,2025-08-29T16:12:00Z,2025-09-04T15:42:03Z
82124,CtrlS Lucknow DC1,Lucknow,IN,35867,12447,152565,2025-09-29T09:24:00Z,2025-09-29T09:24:00Z
84805,CtrlS Lucknow DC1,Lucknow,IN,35726,12447,215228,2026-01-07T15:53:47Z,2026-01-07T15:53:47Z
85667,CtrlS Lucknow DC1,Lucknow,IN,33950,12447,150008,2026-02-09T05:41:41Z,2026-02-09T05:41:41Z
85753,CtrlS Lucknow DC1,Lucknow,IN,14387,12447,45820,2026-02-11T11:32:27Z,2026-02-11T11:32:27Z
87603,CtrlS Lucknow DC1,Lucknow,IN,39939,12447,133976,2026-04-28T12:57:08Z,2026-04-29T01:46:28Z
89034,CtrlS Lucknow DC1,Lucknow,IN,42894,12447,138752,2026-07-07T11:48:25Z,2026-07-07T11:48:25Z
56761,CtrlS Patna DC1,Patna,IN,4837,12580,18229,2022-08-05T07:45:09Z,2022-08-05T07:45:09Z
58730,CtrlS Patna DC1,Patna,IN,14340,12580,135834,2022-11-16T05:06:25Z,2022-11-16T05:06:25Z
58884,CtrlS Patna DC1,Patna,IN,26420,12580,140205,2022-11-23T05:30:34Z,2022-11-23T05:30:34Z
59475,CtrlS Patna DC1,Patna,IN,19524,12580,136646,2022-12-31T05:04:13Z,2022-12-31T05:04:13Z
61008,CtrlS Patna DC1,Patna,IN,28840,12580,140197,2023-03-21T07:02:26Z,2023-03-21T07:02:27Z
61447,CtrlS Patna DC1,Patna,IN,10496,12580,132934,2023-04-10T17:34:51Z,2023-04-10T17:34:51Z
62370,CtrlS Patna DC1,Patna,IN,14591,12580,134257,2023-05-21T18:25:11Z,2023-05-21T18:25:11Z
72683,CtrlS Patna DC1,Patna,IN,34858,12580,151690,2024-08-13T08:30:34Z,2024-08-13T08:30:34Z
78337,CtrlS Patna DC1,Patna,IN,34977,12580,151720,2025-04-21T10:05:02Z,2025-04-21T10:05:02Z
79433,CtrlS Patna DC1,Patna,IN,27944,12580,146919,2025-06-09T06:54:08Z,2025-06-09T06:54:08Z
80722,CtrlS Patna DC1,Patna,IN,25024,12580,141383,2025-07-25T11:17:20Z,2025-07-25T11:17:20Z
80800,CtrlS Patna DC1,Patna,IN,7117,12580,132215,2025-07-30T06:22:56Z,2025-07-30T06:22:56Z
81513,CtrlS Patna DC1,Patna,IN,40010,12580,153756,2025-08-29T16:12:18Z,2025-09-04T15:42:03Z
84857,CtrlS Patna DC1,Patna,IN,26482,12580,141799,2026-01-08T19:04:50Z,2026-01-08T19:04:50Z
85669,CtrlS Patna DC1,Patna,IN,33950,12580,150008,2026-02-09T05:41:59Z,2026-02-09T05:41:59Z
86126,CtrlS Patna DC1,Patna,IN,39939,12580,133976,2026-02-24T18:18:31Z,2026-02-24T18:18:31Z
87442,CtrlS Patna DC1,Patna,IN,16017,12580,135817,2026-04-21T10:49:22Z,2026-04-21T10:49:22Z
88778,CtrlS Patna DC1,Patna,IN,15930,12580,136625,2026-06-25T09:03:38Z,2026-06-25T09:03:38Z
89041,CtrlS Patna DC1,Patna,IN,42894,12580,138752,2026-07-07T11:49:19Z,2026-07-07T11:49:19Z
60048,NIXI Burdwan,Burdwan,IN,13079,12715,136289,2023-01-29T06:31:21Z,2023-01-29T06:31:22Z
71886,NIXI Burdwan,Burdwan,IN,36626,12715,141560,2024-07-11T18:02:48Z,2024-07-11T18:02:48Z
61532,NIXI Baroda,Baroda,IN,23443,12717,136634,2023-04-13T06:30:45Z,2023-04-13T06:30:45Z
83835,NIXI Baroda,Baroda,IN,34428,12717,151764,2025-11-19T09:46:45Z,2025-11-19T09:46:45Z
59885,NIXI Gurgaon,Gurugram,IN,12665,12723,133989,2023-01-20T07:49:22Z,2023-01-20T07:49:22Z
57861,NIXI Indore,Indore,IN,12192,12733,132566,2022-10-04T05:37:51Z,2022-10-04T05:37:51Z
57926,NIXI Indore,Indore,IN,13752,12733,135826,2022-10-10T09:54:50Z,2022-10-10T09:54:50Z
58007,NIXI Indore,Indore,IN,15084,12733,55353,2022-10-13T00:41:22Z,2022-10-13T00:41:22Z
59828,NIXI Indore,Indore,IN,22041,12733,134331,2023-01-18T10:00:23Z,2023-01-18T10:00:23Z
66189,NIXI Indore,Indore,IN,15294,12733,136636,2023-11-08T06:56:10Z,2023-11-08T06:56:10Z
70199,NIXI Indore,Indore,IN,12227,12733,59165,2024-04-29T08:45:48Z,2024-04-29T08:45:48Z
87294,NIXI Indore,Indore,IN,30632,12733,150126,2026-04-13T14:18:36Z,2026-04-13T14:18:36Z
88777,NIXI Indore,Indore,IN,15930,12733,136625,2026-06-25T09:00:27Z,2026-06-25T09:00:27Z
59827,NIXI Bhopal,Bhopal,IN,22041,12734,134331,2023-01-18T10:00:05Z,2023-01-18T10:00:05Z
60557,NIXI Bhopal,Bhopal,IN,30298,12734,136356,2023-02-27T12:26:29Z,2023-02-27T12:26:29Z
59888,NIXI Ahmedabad,Ahmedabad,IN,31183,12741,141490,2023-01-20T10:31:26Z,2023-01-20T10:31:26Z
77360,NIXI Ahmedabad,Ahmedabad,IN,24848,12741,140189,2025-03-11T17:56:41Z,2025-03-11T17:56:41Z
88775,NIXI Ahmedabad,Ahmedabad,IN,15930,12741,136625,2026-06-25T08:59:51Z,2026-06-25T08:59:51Z
80802,NIXI Guwahati,Guwahati,IN,7117,12742,132215,2025-07-30T06:50:39Z,2025-07-30T06:50:39Z
88692,NIXI Guwahati,Guwahati,IN,11729,12742,133275,2026-06-23T12:08:28Z,2026-06-23T12:08:28Z
88774,NIXI Guwahati,Guwahati,IN,15930,12742,136625,2026-06-25T08:59:06Z,2026-06-25T08:59:06Z
60096,NIXI Hyderabad,Hyderabad,IN,27908,12743,141834,2023-02-01T08:27:50Z,2023-02-01T08:27:50Z
63482,NIXI Hyderabad,Hyderabad,IN,11441,12743,134033,2023-07-01T05:51:34Z,2023-07-01T05:51:35Z
79428,NIXI Hyderabad,Hyderabad,IN,4837,12743,18229,2025-06-09T06:52:47Z,2025-06-09T06:52:47Z
89031,NIXI Hyderabad,Hyderabad,IN,42894,12743,138752,2026-07-07T11:48:03Z,2026-07-07T11:48:03Z
60057,NIXI Kolkata,Kolkata,IN,31183,12744,141490,2023-01-30T09:00:21Z,2023-01-30T09:00:21Z
61586,NIXI Kolkata,Kolkata,IN,20325,12744,135760,2023-04-14T19:41:40Z,2023-04-14T19:41:40Z
65294,NIXI Kolkata,Kolkata,IN,33865,12744,133283,2023-09-27T16:51:32Z,2023-09-27T16:51:32Z
57925,NIXI Mumbai GPX,Mumbai,IN,12192,12750,132566,2022-10-10T08:56:22Z,2022-10-10T08:56:22Z
57927,NIXI Mumbai GPX,Mumbai,IN,13752,12750,135826,2022-10-10T09:55:27Z,2022-10-10T09:55:27Z
59124,NIXI Mumbai GPX,Mumbai,IN,1905,12750,31898,2022-12-08T19:30:04Z,2022-12-08T19:30:04Z
59536,NIXI Mumbai GPX,Mumbai,IN,11679,12750,133246,2023-01-04T08:07:53Z,2023-01-04T08:07:53Z
62476,NIXI Mumbai GPX,Mumbai,IN,10585,12750,134883,2023-05-25T16:00:12Z,2023-05-25T16:00:12Z
65574,NIXI Mumbai GPX,Mumbai,IN,10059,12750,133684,2023-10-09T09:05:25Z,2023-10-09T09:05:25Z
69960,NIXI Mumbai GPX,Mumbai,IN,20418,12750,137154,2024-04-18T06:56:29Z,2024-04-18T06:56:29Z
80801,NIXI Mumbai GPX,Mumbai,IN,7117,12750,132215,2025-07-30T06:50:22Z,2025-07-30T06:50:22Z
84431,NIXI Mumbai GPX,Mumbai,IN,15410,12750,135872,2025-12-15T11:53:48Z,2025-12-15T11:53:48Z
86360,NIXI Mumbai GPX,Mumbai,IN,37657,12750,135650,2026-03-05T18:08:57Z,2026-03-05T18:08:57Z
71985,NIXI Mumbai SIFY,Mumbai,IN,16629,12751,136364,2024-07-17T06:52:55Z,2024-07-17T06:52:55Z
77298,NIXI Mumbai SIFY,Mumbai,IN,14155,12751,133647,2025-03-09T13:35:00Z,2025-03-09T13:35:00Z
81287,NIXI Mumbai SIFY,Mumbai,IN,12978,12751,133271,2025-08-23T06:40:10Z,2025-08-23T06:40:10Z
58785,NIXI Panaji,Panaji,IN,26641,12752,137594,2022-11-18T14:05:54Z,2022-11-18T14:05:54Z
67409,NIXI Chennai STT,Chennai,IN,34838,12769,132924,2024-01-11T09:14:04Z,2024-01-11T09:14:04Z
67457,NIXI Chennai STT,Chennai,IN,21313,12769,134863,2024-01-14T06:54:50Z,2024-01-14T06:54:50Z
68752,NIXI Chennai STT,Chennai,IN,31557,12769,150007,2024-03-01T08:22:21Z,2024-03-01T08:22:21Z
58289,NIXI Noida Netmagic,Noida,IN,6330,12770,132453,2022-10-26T06:11:54Z,2022-10-26T06:11:54Z
59801,NIXI Noida Netmagic,Noida,IN,11729,12770,133275,2023-01-17T13:25:39Z,2023-01-17T13:25:39Z
80803,NIXI Noida Netmagic,Noida,IN,7117,12770,132215,2025-07-30T06:50:56Z,2025-07-30T06:50:56Z
61106,NIXI Delhi STT,Delhi,IN,17095,12771,135227,2023-03-25T07:43:17Z,2023-03-25T07:43:17Z
69656,NIXI Delhi STT,Delhi,IN,8264,12771,132754,2024-04-09T08:08:56Z,2024-04-09T08:08:56Z
77297,NIXI Delhi STT,Delhi,IN,14155,12771,133647,2025-03-09T13:34:51Z,2025-03-09T13:34:52Z
85001,NIXI Delhi STT,Delhi,IN,36105,12771,146925,2026-01-15T05:17:32Z,2026-01-15T05:17:33Z
58886,NIXI Patna,Patna,IN,26420,12793,140205,2022-11-23T08:19:41Z,2022-11-23T08:19:41Z
60278,NIXI Patna,Patna,IN,15579,12793,136722,2023-02-11T09:55:08Z,2023-02-16T15:12:36Z
60441,NIXI Patna,Patna,IN,28840,12793,140197,2023-02-22T11:24:41Z,2023-02-22T11:24:41Z
61337,NIXI Patna,Patna,IN,25927,12793,138283,2023-04-03T11:52:28Z,2023-04-03T11:52:28Z
62369,NIXI Patna,Patna,IN,14591,12793,134257,2023-05-21T18:23:46Z,2023-05-21T18:23:46Z
63617,NIXI Patna,Patna,IN,5167,12793,17665,2023-07-10T06:56:17Z,2023-07-10T06:56:17Z
79430,NIXI Patna,Patna,IN,4837,12793,18229,2025-06-09T06:52:58Z,2025-06-09T06:52:58Z
87618,NIXI Patna,Patna,IN,39939,12793,133976,2026-04-29T01:46:10Z,2026-04-29T01:46:10Z
89044,NIXI Patna,Patna,IN,42894,12793,138752,2026-07-07T11:49:39Z,2026-07-07T11:49:39Z
59331,Ishan Technologies Baroda,Baroda,IN,5846,12927,45117,2022-12-21T12:59:22Z,2022-12-21T12:59:22Z
60556,NIXI Raipur,Raipur,IN,11495,13114,132957,2023-02-27T12:22:31Z,2023-02-27T12:22:31Z
61431,NIXI Raipur,Raipur,IN,22041,13114,134331,2023-04-07T22:02:41Z,2023-04-07T22:02:41Z
73307,MU1,Mumbai,IN,13001,13124,136334,2024-09-03T13:24:09Z,2024-09-03T13:24:09Z
59333,Ishan Technologies Surat,Surat,IN,5846,13131,45117,2022-12-21T13:05:17Z,2022-12-21T13:05:17Z
59535,Ishan Technologies Surat,Surat,IN,11679,13131,133246,2023-01-04T07:52:19Z,2023-01-04T07:52:19Z
59332,Ishan Technologies Mumbai Edge DC,Mumbai,IN,5846,13132,45117,2022-12-21T13:05:06Z,2022-12-21T13:05:06Z
59963,Ishan Technologies Mumbai Edge DC,Mumbai,IN,12000,13132,134004,2023-01-25T10:41:37Z,2023-01-25T10:41:37Z
75875,Ishan Technologies Mumbai Edge DC,Mumbai,IN,38258,13132,135823,2025-01-06T04:08:29Z,2025-01-06T04:08:29Z
79044,Ishan Technologies Mumbai Edge DC,Mumbai,IN,15294,13132,136636,2025-05-25T05:31:51Z,2025-05-25T05:31:52Z
81545,Ishan Technologies Mumbai Edge DC,Mumbai,IN,13001,13132,136334,2025-08-31T06:42:06Z,2025-08-31T06:42:07Z
59337,Ishan Technologies Rajkot,Rajkot,IN,5846,13133,45117,2022-12-21T13:32:02Z,2022-12-21T13:32:02Z
59336,Ishan Technologies Noida,Noida,IN,5846,13135,45117,2022-12-21T13:31:55Z,2022-12-21T13:31:55Z
59335,Ishan Technologies Kolkata,Kolkata,IN,5846,13136,45117,2022-12-21T13:31:48Z,2022-12-21T13:31:48Z
59334,Ishan Technologies Bengaluru,Bangalore,IN,5846,13137,45117,2022-12-21T13:31:41Z,2022-12-21T13:31:41Z
59351,Ishan Technologies Ahmedabad,Ahmedabad,IN,5846,13138,45117,2022-12-22T04:47:43Z,2022-12-22T04:47:43Z
62686,Ishan Technologies Ahmedabad,Ahmedabad,IN,31770,13138,150022,2023-06-06T06:29:49Z,2023-06-06T06:29:49Z
59379,Ishan Technologies Nashik,Nashik,IN,5846,13146,45117,2022-12-23T05:32:59Z,2022-12-23T05:32:59Z
59378,Ishan Technologies Nagpur,Nagpur,IN,5846,13147,45117,2022-12-23T05:32:53Z,2022-12-23T05:32:53Z
59380,Ishan Technologies Raipur,Raipur,IN,5846,13149,45117,2022-12-23T05:33:05Z,2022-12-23T05:33:05Z
59962,Ishan Technologies Raipur,Raipur,IN,12000,13149,134004,2023-01-25T10:41:17Z,2023-01-25T10:41:17Z
59377,Ishan Technologies Jabalpur,Jabalpur,IN,5846,13150,45117,2022-12-23T05:32:47Z,2022-12-23T05:32:47Z
59376,Ishan Technologies Cuttack,Cuttack,IN,5846,13151,45117,2022-12-23T05:32:38Z,2022-12-23T05:32:38Z
59375,Ishan Technologies Coimbatore,Coimbatore,IN,5846,13152,45117,2022-12-23T05:32:32Z,2022-12-23T05:32:32Z
63541,AdaniConneX Chennai 1,Chennai,IN,5846,13368,45117,2023-07-04T13:15:15Z,2023-07-04T13:15:15Z
90209,AdaniConneX Chennai 1,Chennai,IN,27330,13368,49915,2026-08-26T01:08:05Z,2026-08-26T01:08:05Z
68542,Web Werks Bangalore 1,Bangalore,IN,16271,13413,136956,2024-02-23T08:03:26Z,2024-02-23T08:03:26Z
69885,Web Werks Bangalore 1,Bangalore,IN,35910,13413,151734,2024-04-16T06:57:58Z,2024-04-16T06:57:58Z
61207,Nxtra Data Chennai DC 2,Chennai,IN,2,13460,20940,2023-03-29T09:03:04Z,2023-03-29T09:03:04Z
62000,Nxtra Data Chennai DC 2,Chennai,IN,1903,13460,9498,2023-05-05T18:35:29Z,2023-05-08T04:38:55Z
62163,Nxtra Data Chennai DC 2,Chennai,IN,29785,13460,138756,2023-05-11T06:16:23Z,2023-05-11T06:16:23Z
79168,Nxtra Data Chennai DC 2,Chennai,IN,38964,13460,153259,2025-05-28T18:26:19Z,2025-05-28T18:26:20Z
80636,Nxtra Data Chennai DC 2,Chennai,IN,118,13460,5400,2025-07-25T06:36:23Z,2025-07-25T06:36:23Z
80877,Nxtra Data Chennai DC 2,Chennai,IN,4782,13460,32590,2025-07-31T18:42:34Z,2025-07-31T18:42:34Z
90210,Nxtra Data Chennai DC 2,Chennai,IN,27330,13460,49915,2026-08-26T01:08:07Z,2026-08-26T01:08:07Z
79169,Nxtra Data Noida DC 1,Noida,IN,38964,13506,153259,2025-05-28T18:26:32Z,2025-05-28T18:26:33Z
86554,Nxtra Data Noida DC 1,Noida,IN,41436,13506,154448,2026-03-14T17:45:41Z,2026-03-17T07:27:02Z
88376,Nxtra Data Noida DC 1,Noida,IN,13870,13506,54103,2026-06-09T07:15:53Z,2026-06-09T07:15:53Z
89400,Nxtra Data Noida DC 1,Noida,IN,36625,13506,151732,2026-07-24T07:48:38Z,2026-07-24T07:48:38Z
62283,Web Werks Mumbai 2,"Navi Mumbai,",IN,32976,13531,141254,2023-05-17T05:52:38Z,2023-05-17T05:52:38Z
65235,Web Werks Mumbai 2,"Navi Mumbai,",IN,29760,13531,141868,2023-09-25T16:53:02Z,2023-09-25T16:53:02Z
71627,Web Werks Mumbai 2,"Navi Mumbai,",IN,36633,13531,150063,2024-06-30T10:15:39Z,2024-06-30T10:15:39Z
86570,Web Werks Mumbai 2,"Navi Mumbai,",IN,18630,13531,59200,2026-03-16T11:40:12Z,2026-03-16T11:40:12Z
64561,Web Werks Hyderabad,"Serilingampally,Hyderabad",IN,30778,13532,137097,2023-08-28T12:32:09Z,2023-08-28T12:32:09Z
68544,Web Werks Hyderabad,"Serilingampally,Hyderabad",IN,16271,13532,136956,2024-02-23T08:04:11Z,2024-02-23T08:04:11Z
73615,Web Werks Hyderabad,"Serilingampally,Hyderabad",IN,7639,13532,17754,2024-09-20T10:32:49Z,2024-09-20T10:34:06Z
73217,SIFY Bhubaneswar,Bhubaneswar,IN,37179,13537,153216,2024-08-29T13:43:25Z,2026-08-30T12:37:50Z
68451,SIFY COCHIN,Cochin,IN,5846,13538,45117,2024-02-20T13:42:09Z,2024-02-20T13:42:09Z
69660,SIFY COCHIN,Cochin,IN,16224,13538,135847,2024-04-09T10:58:21Z,2024-04-09T10:58:21Z
88684,SIFY Chandigarh,Chandigarh,IN,979,13539,32934,2026-06-23T08:32:03Z,2026-06-23T08:32:03Z
89916,SIFY Chandigarh,Chandigarh,IN,29091,13539,146904,2026-08-08T03:09:24Z,2026-08-08T03:09:24Z
77675,SIFY CVR Chambers Vijayawada,Vijaywada,IN,12020,13545,134334,2025-03-24T05:16:33Z,2025-03-24T05:16:34Z
63296,SIFY Siliguri,Siliguri,IN,31362,13546,146855,2023-06-23T11:28:43Z,2023-06-23T11:28:43Z
83576,SIFY GP BUILDING Madurai,Madurai,IN,30830,13548,149533,2025-11-09T08:10:26Z,2025-11-09T08:10:26Z
61523,SIFY Salem,SALEM,IN,23126,13549,135206,2023-04-12T10:49:01Z,2023-04-12T10:49:01Z
66627,SIFY Salem,SALEM,IN,24648,13549,136644,2023-11-30T07:32:09Z,2023-11-30T07:32:09Z
67455,SIFY Salem,SALEM,IN,34838,13549,132924,2024-01-14T06:53:23Z,2024-01-14T06:53:23Z
67456,SIFY Salem,SALEM,IN,21313,13549,134863,2024-01-14T06:54:02Z,2024-01-14T06:54:02Z
86872,Iron Mountain Data Center - Bangalore (BLR-1),Bangalore,IN,31561,13553,147279,2026-03-28T10:44:52Z,2026-03-28T10:44:52Z
63616,Iron Mountain Data Center - Mumbai (MUM-1),Navi Mumbai,IN,5499,13555,199524,2023-07-09T13:16:49Z,2023-07-09T13:16:49Z
68027,Iron Mountain Data Center - Mumbai (MUM-1),Navi Mumbai,IN,4549,13555,36236,2024-02-07T21:53:23Z,2024-02-07T21:53:24Z
87381,Iron Mountain Data Center - Mumbai (MUM-1),Navi Mumbai,IN,35867,13555,152565,2026-04-16T19:17:40Z,2026-04-16T19:17:40Z
88375,Iron Mountain Data Center - Mumbai (MUM-1),Navi Mumbai,IN,13870,13555,54103,2026-06-09T07:15:37Z,2026-06-09T07:15:37Z
89512,Iron Mountain Data Center - Mumbai (MUM-1),Navi Mumbai,IN,27330,13555,49915,2026-07-30T07:18:26Z,2026-07-30T07:18:26Z
85780,Iron Mountain Data Center - Mumbai (MUM-2),Navi Mumbai,IN,41215,13556,214036,2026-02-11T15:59:04Z,2026-02-11T15:59:04Z
86191,Iron Mountain Data Center - Mumbai (MUM-2),Navi Mumbai,IN,2066,13556,44259,2026-02-26T12:54:37Z,2026-02-26T12:54:37Z
88425,Iron Mountain Data Center - Mumbai (MUM-2),Navi Mumbai,IN,19086,13556,39855,2026-06-09T07:40:06Z,2026-06-09T07:40:06Z
86546,Iron Mountain Data Center - Delhi (NCR-1),Noida,IN,36625,13557,151732,2026-03-14T03:45:23Z,2026-03-14T03:45:23Z
88525,Iron Mountain Data Center - Pune (PUN-1),Pune,IN,39621,13558,146943,2026-06-16T15:15:34Z,2026-06-16T15:15:34Z
70195,SIFY Tuticorin,Tuticorin,IN,9937,13562,134869,2024-04-29T05:10:40Z,2024-04-29T05:10:40Z
71033,NTT NAV01 Mahape,Navi Mumbai,IN,32249,13647,141995,2024-06-04T12:11:08Z,2024-06-04T12:11:08Z
86110,NTT NAV01 Mahape,Navi Mumbai,IN,8279,13647,58678,2026-02-24T10:43:31Z,2026-02-24T10:43:31Z
89513,NTT NAV01 Mahape,Navi Mumbai,IN,27330,13647,49915,2026-07-30T07:18:27Z,2026-07-30T07:18:27Z
63400,YOTTA D1,Greater Noida,IN,26274,13846,140641,2023-06-28T04:50:52Z,2023-06-28T04:50:52Z
68138,YOTTA D1,Greater Noida,IN,18480,13846,7494,2024-02-12T07:48:13Z,2024-02-12T07:48:13Z
69883,YOTTA D1,Greater Noida,IN,35910,13846,151734,2024-04-16T06:57:33Z,2024-04-16T06:57:33Z
71562,YOTTA D1,Greater Noida,IN,36625,13846,151732,2024-06-28T15:30:33Z,2024-06-28T15:30:33Z
71885,YOTTA D1,Greater Noida,IN,35867,13846,152565,2024-07-11T17:13:23Z,2024-07-11T17:13:23Z
72065,YOTTA D1,Greater Noida,IN,18930,13846,138257,2024-07-20T09:46:18Z,2024-07-20T09:46:18Z
75261,YOTTA D1,Greater Noida,IN,34948,13846,44331,2024-12-01T20:25:04Z,2024-12-01T20:25:04Z
82597,YOTTA D1,Greater Noida,IN,40571,13846,134303,2025-10-15T14:28:28Z,2025-10-16T10:03:29Z
84812,YOTTA D1,Greater Noida,IN,35726,13846,215228,2026-01-07T15:55:07Z,2026-01-07T15:55:07Z
85407,YOTTA D1,Greater Noida,IN,41491,13846,138233,2026-02-03T10:59:52Z,2026-02-03T10:59:52Z
88523,YOTTA D1,Greater Noida,IN,39621,13846,146943,2026-06-16T15:15:13Z,2026-06-16T15:15:13Z
89073,YOTTA D1,Greater Noida,IN,11729,13846,133275,2026-07-09T09:26:51Z,2026-07-09T09:26:51Z
89514,YOTTA D1,Greater Noida,IN,27330,13846,49915,2026-07-30T07:18:28Z,2026-07-30T07:18:29Z
90139,YOTTA D1,Greater Noida,IN,41206,13846,154408,2026-08-22T06:18:34Z,2026-08-22T06:18:34Z
63561,Ishan Technologies Thane,Mumbai,IN,5846,13870,45117,2023-07-05T11:22:31Z,2023-07-05T11:22:31Z
67458,D-ATUM VILCOM,Hyderabad,IN,7373,13884,45884,2024-01-14T08:47:15Z,2024-01-14T08:47:15Z
87931,D-ATUM VILCOM,Hyderabad,IN,9843,13884,45582,2026-05-14T08:19:48Z,2026-05-14T08:19:48Z
63731,Ishan Technologies Vasai,Mumbai,IN,5846,13886,45117,2023-07-12T05:04:19Z,2023-07-12T05:04:20Z
66252,Ishan Technologies Vasai,Mumbai,IN,31712,13886,149214,2023-11-11T03:53:51Z,2023-11-11T03:53:51Z
63730,Ishan Technologies Puri,Puri,IN,5846,13887,45117,2023-07-12T05:04:14Z,2023-07-12T05:04:14Z
63729,Ishan Technologies Belgaum,Belgaum,IN,5846,13888,45117,2023-07-12T05:04:07Z,2023-07-12T05:04:07Z
63793,Nxtra Data Hyderabad Edge DC1,Hyderabad,IN,4224,13896,13335,2023-07-14T18:05:33Z,2023-07-14T18:05:33Z
64351,Nxtra Data Bhubaneswar DC1,Bhubaneswar,IN,4224,13908,13335,2023-08-14T21:10:53Z,2023-08-14T21:10:53Z
80448,Digital Connexion MAA10 Chennai (Ambattur),Chennai,IN,2536,14111,9583,2025-07-21T07:23:44Z,2025-07-21T07:23:45Z
84786,Digital Connexion MAA10 Chennai (Ambattur),Chennai,IN,7117,14111,132215,2026-01-06T05:24:53Z,2026-01-06T05:24:53Z
86211,Digital Connexion MAA10 Chennai (Ambattur),Chennai,IN,34243,14111,135709,2026-02-27T05:38:57Z,2026-02-27T05:38:57Z
86492,Digital Connexion MAA10 Chennai (Ambattur),Chennai,IN,3816,14111,45528,2026-03-11T09:51:47Z,2026-03-11T09:51:47Z
89902,Digital Connexion MAA10 Chennai (Ambattur),Chennai,IN,8683,14111,53813,2026-08-07T18:11:54Z,2026-08-07T18:11:55Z
66548,Extreme RDC,Ghaziabad,IN,30611,14116,150098,2023-11-25T07:58:16Z,2025-06-19T06:44:22Z
71567,Extreme RDC,Ghaziabad,IN,36625,14116,151732,2024-06-28T15:32:27Z,2024-06-28T15:32:28Z
71565,Extreme Laxminagar,Delhi,IN,36625,14117,151732,2024-06-28T15:32:10Z,2024-06-28T15:32:10Z
87485,Extreme Laxminagar,Delhi,IN,29198,14117,137163,2026-04-23T08:22:42Z,2026-04-23T08:22:42Z
89515,Extreme Laxminagar,Delhi,IN,27330,14117,49915,2026-07-30T07:18:30Z,2026-07-30T07:18:30Z
66238,ESDS Bengaluru,Bangalore,IN,16552,14229,45815,2023-11-10T03:22:57Z,2023-11-10T03:22:57Z
66239,ESDS Mohali,Mohali,IN,16552,14230,45815,2023-11-10T03:23:03Z,2023-11-10T03:23:03Z
68746,CtrlS Chennai DC1,Chennai,IN,31557,14354,150007,2024-03-01T08:17:18Z,2024-03-01T08:17:18Z
83996,CtrlS Chennai DC1,Chennai,IN,40917,14354,141796,2025-11-26T14:49:00Z,2025-11-26T14:49:00Z
84071,CtrlS Chennai DC1,Chennai,IN,40976,14354,138235,2025-11-29T03:04:12Z,2025-11-29T03:04:12Z
84891,CtrlS Chennai DC1,Chennai,IN,35726,14354,215228,2026-01-10T10:29:03Z,2026-01-10T10:29:04Z
85665,CtrlS Chennai DC1,Chennai,IN,33950,14354,150008,2026-02-09T05:41:18Z,2026-02-09T05:41:18Z
88084,CtrlS Chennai DC1,Chennai,IN,25219,14354,141253,2026-05-25T06:54:57Z,2026-05-25T06:54:57Z
89028,CtrlS Chennai DC1,Chennai,IN,42894,14354,138752,2026-07-07T11:47:28Z,2026-07-07T11:47:28Z
68747,CtrlS Chennai DC2,Chennai,IN,31557,14355,150007,2024-03-01T08:17:42Z,2024-03-01T08:17:42Z
79295,CtrlS Chennai DC2,Chennai,IN,27944,14355,146919,2025-06-03T12:38:01Z,2025-06-03T12:38:01Z
79424,CtrlS Chennai DC2,Chennai,IN,4837,14355,18229,2025-06-09T06:52:23Z,2025-06-09T06:52:23Z
81437,CtrlS Chennai DC2,Chennai,IN,25024,14355,141383,2025-08-27T08:44:24Z,2025-08-27T08:44:24Z
85609,CtrlS Chennai DC2,Chennai,IN,7117,14355,132215,2026-02-06T06:25:58Z,2026-02-06T06:25:59Z
85759,CtrlS Chennai DC2,Chennai,IN,14387,14355,45820,2026-02-11T11:45:14Z,2026-02-11T11:45:14Z
88755,CtrlS Chennai DC2,Chennai,IN,15930,14355,136625,2026-06-25T08:43:00Z,2026-06-25T08:43:00Z
89029,CtrlS Chennai DC2,Chennai,IN,42894,14355,138752,2026-07-07T11:47:37Z,2026-07-07T11:47:37Z
89409,CtrlS Chennai DC2,Chennai,IN,41521,14355,154482,2026-07-25T17:50:33Z,2026-07-25T17:50:33Z
90037,CtrlS Chennai DC2,Chennai,IN,17952,14355,137624,2026-08-18T06:36:37Z,2026-08-18T06:36:38Z
90038,CtrlS Chennai DC2,Chennai,IN,29002,14355,141552,2026-08-18T06:42:19Z,2026-08-18T06:42:19Z
90211,CtrlS Chennai DC2,Chennai,IN,27330,14355,49915,2026-08-26T01:08:08Z,2026-08-26T01:08:08Z
90217,CtrlS Chennai DC2,Chennai,IN,24658,14355,140133,2026-08-26T06:55:06Z,2026-08-26T06:55:06Z
67522,Bharat Datacenter D1,Noida,IN,35027,14438,151704,2024-01-17T17:40:44Z,2024-01-17T17:40:44Z
70775,Bharat Datacenter D1,Noida,IN,36311,14438,214832,2024-05-23T20:21:21Z,2024-05-23T20:21:21Z
73483,Bharat Datacenter D1,Noida,IN,37283,14438,214441,2024-09-12T17:36:19Z,2024-09-12T17:36:19Z
72585,Nxtra Data Mumbai DC 1,Mumbai,IN,33916,14476,6424,2024-08-10T07:40:07Z,2024-08-10T07:40:07Z
75459,CtrlS Kolkata DC1,Kolkata,IN,979,14993,32934,2024-12-11T04:15:02Z,2024-12-11T04:15:02Z
78610,CtrlS Kolkata DC1,Kolkata,IN,20781,14993,137654,2025-05-03T06:55:47Z,2025-05-03T06:55:47Z
79298,CtrlS Kolkata DC1,Kolkata,IN,27944,14993,146919,2025-06-03T12:38:16Z,2025-06-03T12:38:17Z
79425,CtrlS Kolkata DC1,Kolkata,IN,4837,14993,18229,2025-06-09T06:52:28Z,2025-06-09T06:52:29Z
80720,CtrlS Kolkata DC1,Kolkata,IN,25024,14993,141383,2025-07-25T11:15:02Z,2025-07-25T11:15:02Z
80799,CtrlS Kolkata DC1,Kolkata,IN,7117,14993,132215,2025-07-30T06:21:47Z,2025-07-30T06:21:48Z
81349,CtrlS Kolkata DC1,Kolkata,IN,31733,14993,142485,2025-08-26T08:04:00Z,2025-08-26T08:04:01Z
81350,CtrlS Kolkata DC1,Kolkata,IN,31085,14993,147255,2025-08-26T08:04:55Z,2025-08-26T08:04:55Z
81351,CtrlS Kolkata DC1,Kolkata,IN,29208,14993,134302,2025-08-26T08:05:32Z,2025-08-26T08:05:32Z
81550,CtrlS Kolkata DC1,Kolkata,IN,40226,14993,153785,2025-08-31T14:06:51Z,2025-08-31T14:06:53Z
81672,CtrlS Kolkata DC1,Kolkata,IN,29910,14993,139515,2025-09-05T12:31:05Z,2025-09-05T12:31:07Z
82258,CtrlS Kolkata DC1,Kolkata,IN,15410,14993,135872,2025-10-05T17:19:26Z,2025-10-05T17:19:27Z
84669,CtrlS Kolkata DC1,Kolkata,IN,41192,14993,154455,2025-12-29T14:34:45Z,2025-12-29T14:34:45Z
84890,CtrlS Kolkata DC1,Kolkata,IN,35726,14993,215228,2026-01-10T10:27:30Z,2026-01-10T10:27:31Z
85256,CtrlS Kolkata DC1,Kolkata,IN,29175,14993,149268,2026-01-27T06:59:05Z,2026-01-27T06:59:06Z
85642,CtrlS Kolkata DC1,Kolkata,IN,34858,14993,151690,2026-02-06T20:14:33Z,2026-02-06T20:14:33Z
85666,CtrlS Kolkata DC1,Kolkata,IN,33950,14993,150008,2026-02-09T05:41:29Z,2026-02-09T05:41:29Z
85688,CtrlS Kolkata DC1,Kolkata,IN,38924,14993,152547,2026-02-09T18:34:05Z,2026-02-09T18:34:05Z
85885,CtrlS Kolkata DC1,Kolkata,IN,41633,14993,152498,2026-02-16T11:21:24Z,2026-02-16T11:21:24Z
85912,CtrlS Kolkata DC1,Kolkata,IN,41643,14993,150040,2026-02-17T07:54:39Z,2026-02-17T07:54:39Z
86019,CtrlS Kolkata DC1,Kolkata,IN,8683,14993,53813,2026-02-19T19:35:13Z,2026-02-19T19:35:13Z
87177,CtrlS Kolkata DC1,Kolkata,IN,41999,14993,150626,2026-04-08T05:41:01Z,2026-04-08T05:41:01Z
87309,CtrlS Kolkata DC1,Kolkata,IN,26341,14993,141550,2026-04-14T07:09:23Z,2026-04-14T07:09:23Z
87310,CtrlS Kolkata DC1,Kolkata,IN,32543,14993,147226,2026-04-14T07:10:12Z,2026-04-14T07:10:12Z
87494,CtrlS Kolkata DC1,Kolkata,IN,19838,14993,132884,2026-04-23T11:24:38Z,2026-04-23T11:24:38Z
88086,CtrlS Kolkata DC1,Kolkata,IN,25219,14993,141253,2026-05-25T06:55:02Z,2026-05-25T06:55:02Z
88663,CtrlS Kolkata DC1,Kolkata,IN,18747,14993,14593,2026-06-22T18:18:51Z,2026-06-22T18:18:51Z
88763,CtrlS Kolkata DC1,Kolkata,IN,15930,14993,136625,2026-06-25T08:45:11Z,2026-06-25T08:45:11Z
89027,CtrlS Kolkata DC1,Kolkata,IN,42894,14993,138752,2026-07-07T11:47:02Z,2026-07-07T11:47:02Z
78674,Equinix MB4 - Mumbai,Mumbai,IN,34243,15050,135709,2025-05-06T07:05:49Z,2025-05-06T07:05:49Z
78896,Equinix MB4 - Mumbai,Mumbai,IN,39289,15050,199404,2025-05-19T14:21:27Z,2025-05-19T14:21:27Z
79967,Equinix MB4 - Mumbai,Mumbai,IN,12502,15050,7862,2025-07-02T14:24:21Z,2025-07-02T14:24:21Z
81497,Equinix MB4 - Mumbai,Mumbai,IN,2536,15050,9583,2025-08-29T06:56:29Z,2025-08-29T06:56:30Z
73836,Netmagic Chandivali - MUM DC09,Mumbai,IN,979,15362,32934,2024-09-30T06:37:21Z,2024-09-30T06:37:22Z
79310,Netmagic Chandivali - MUM DC09,Mumbai,IN,28374,15362,142487,2025-06-04T03:04:45Z,2025-06-04T03:04:45Z
75355,NTT Noida DC2A,Greater Noida,IN,36625,15364,151732,2024-12-05T05:53:14Z,2024-12-05T05:53:14Z
82181,NTT Noida DC2A,Greater Noida,IN,18930,15364,138257,2025-10-02T13:20:15Z,2025-10-02T13:20:15Z
86839,NTT Noida DC2A,Greater Noida,IN,40330,15364,213535,2026-03-26T22:47:38Z,2026-03-26T22:47:38Z
89074,NTT Noida DC2A,Greater Noida,IN,11729,15364,133275,2026-07-09T09:27:26Z,2026-07-09T09:27:26Z
75276,Nxtra Data Mumbai DC 3,Mumbai,IN,2,15540,20940,2024-12-02T10:35:48Z,2024-12-02T10:35:48Z
88252,Nxtra Data Mumbai DC 3,Mumbai,IN,18630,15540,59200,2026-06-02T13:03:35Z,2026-06-02T13:03:35Z
88768,Nxtra Data Mumbai DC 3,Mumbai,IN,15930,15540,136625,2026-06-25T08:47:13Z,2026-06-25T08:47:13Z
89518,Nxtra Data Mumbai DC 3,Mumbai,IN,27330,15540,49915,2026-07-30T07:18:33Z,2026-07-30T07:18:33Z
79426,CtrlS Mumbai DC4,Mumbai,IN,4837,15546,18229,2025-06-09T06:52:33Z,2025-06-09T06:52:34Z
79438,CtrlS Mumbai DC4,Mumbai,IN,27944,15546,146919,2025-06-09T06:54:42Z,2025-06-09T06:54:43Z
86290,CtrlS Mumbai DC4,Mumbai,IN,14477,15546,17762,2026-03-03T17:41:41Z,2026-03-03T17:41:41Z
89038,CtrlS Mumbai DC4,Mumbai,IN,42894,15546,138752,2026-07-07T11:48:52Z,2026-07-07T11:48:52Z
90028,CtrlS Mumbai DC4,Mumbai,IN,27771,15546,135849,2026-08-17T13:22:57Z,2026-08-17T13:25:01Z
79427,CtrlS Mumbai DC5,Navi Mumbai,IN,4837,15547,18229,2025-06-09T06:52:38Z,2025-06-09T06:52:39Z
79439,CtrlS Mumbai DC5,Navi Mumbai,IN,27944,15547,146919,2025-06-09T06:54:50Z,2025-06-09T06:54:50Z
86291,CtrlS Mumbai DC5,Navi Mumbai,IN,14477,15547,17762,2026-03-03T17:41:47Z,2026-03-03T17:41:47Z
89039,CtrlS Mumbai DC5,Navi Mumbai,IN,42894,15547,138752,2026-07-07T11:48:57Z,2026-07-07T11:48:58Z
79043,Ishan Technologies Mumbai DC1,"Mumbai,",IN,15294,15715,136636,2025-05-25T05:31:12Z,2025-05-25T05:31:12Z
85294,Ishan Technologies Mumbai DC1,"Mumbai,",IN,37179,15715,153216,2026-01-27T14:31:20Z,2026-03-22T04:33:43Z
90095,Ishan Technologies Mumbai DC1,"Mumbai,",IN,32703,15715,132746,2026-08-20T12:18:22Z,2026-08-20T12:18:22Z
78102,Velosting Ambala,Ambala,IN,38947,15990,153271,2025-04-11T05:05:42Z,2025-04-11T05:05:42Z
78103,Velosting YamunaNagar,YamunaNagar,IN,38947,15991,153271,2025-04-11T05:05:51Z,2025-04-11T05:05:51Z
79423,CtrlS Bhubaneswar DC1,Bhubaneswar,IN,4837,16133,18229,2025-06-09T06:52:16Z,2025-06-09T06:52:16Z
79431,CtrlS Bhubaneswar DC1,Bhubaneswar,IN,27944,16133,146919,2025-06-09T06:53:56Z,2025-06-09T06:53:56Z
82647,CtrlS Bhubaneswar DC1,Bhubaneswar,IN,28503,16133,142490,2025-10-17T06:56:23Z,2025-10-17T06:56:23Z
84118,CtrlS Bhubaneswar DC1,Bhubaneswar,IN,25024,16133,141383,2025-12-01T09:16:38Z,2025-12-01T09:16:38Z
84145,CtrlS Bhubaneswar DC1,Bhubaneswar,IN,15843,16133,136376,2025-12-02T13:58:09Z,2025-12-02T13:58:10Z
85664,CtrlS Bhubaneswar DC1,Bhubaneswar,IN,33950,16133,150008,2026-02-09T05:40:58Z,2026-02-09T05:40:58Z
88514,CtrlS Bhubaneswar DC1,Bhubaneswar,IN,12160,16133,133695,2026-06-15T13:20:50Z,2026-06-15T13:20:50Z
89030,CtrlS Bhubaneswar DC1,Bhubaneswar,IN,42894,16133,138752,2026-07-07T11:47:48Z,2026-07-07T11:47:48Z
90283,CtrlS Bhubaneswar DC1,Bhubaneswar,IN,37179,16133,153216,2026-08-30T12:37:37Z,2026-08-30T12:37:37Z
83626,Sify Infinit Spaces Limited - Lucknow,Lucknow,IN,979,16477,32934,2025-11-11T08:42:10Z,2025-11-11T08:42:10Z
87157,Sify Infinit Spaces Limited - Lucknow,Lucknow,IN,14843,16477,135697,2026-04-07T14:22:25Z,2026-04-07T14:22:25Z
87617,Sify Infinit Spaces Limited - Lucknow,Lucknow,IN,39939,16477,133976,2026-04-29T01:45:37Z,2026-04-29T01:45:37Z
84270,Extreme Highway Tower,Pune,IN,32378,16560,150593,2025-12-09T05:51:46Z,2025-12-09T05:51:46Z
89052,Extreme Highway Tower,Pune,IN,42902,16560,152496,2026-07-08T03:20:30Z,2026-07-08T03:20:30Z
86693,Extreme Vega Center Swargate,Pune,IN,32378,16569,150593,2026-03-24T04:29:19Z,2026-03-24T04:29:19Z
85323,Equinix CN1 - Chennai,Siruseri,IN,2536,16763,9583,2026-01-29T06:27:18Z,2026-01-29T06:27:18Z
88068,Equinix CN1 - Chennai,Siruseri,IN,37657,16763,135650,2026-05-23T20:31:24Z,2026-05-23T20:31:24Z
87890,CtrlS Patna DC2,Patna,IN,979,16802,32934,2026-05-12T01:14:01Z,2026-05-12T01:14:01Z
88127,CtrlS Patna DC2,Patna,IN,28840,16802,140197,2026-05-28T10:21:12Z,2026-05-28T10:21:12Z
88355,CtrlS Patna DC2,Patna,IN,10550,16802,135212,2026-06-08T09:59:52Z,2026-06-08T09:59:52Z
88356,CtrlS Patna DC2,Patna,IN,26420,16802,140205,2026-06-08T10:06:31Z,2026-06-08T10:06:31Z
88451,CtrlS Patna DC2,Patna,IN,26482,16802,141799,2026-06-10T18:37:31Z,2026-06-10T18:37:31Z
89042,CtrlS Patna DC2,Patna,IN,42894,16802,138752,2026-07-07T11:49:27Z,2026-07-07T11:49:27Z
85671,CtrlS Ahmedabad DC1,Ahmedabad,IN,33950,16803,150008,2026-02-09T05:42:42Z,2026-02-09T05:42:42Z
88806,CtrlS Ahmedabad DC1,Ahmedabad,IN,5933,16803,17625,2026-06-26T10:17:12Z,2026-06-26T10:17:12Z
89032,CtrlS Ahmedabad DC1,Ahmedabad,IN,42894,16803,138752,2026-07-07T11:48:12Z,2026-07-07T11:48:12Z
85376,Equinix MB3 - Mumbai,Mumbai,IN,2536,16886,9583,2026-02-02T07:41:31Z,2026-02-02T07:41:31Z
88342,Sify Infinit Spaces Limited,Chennai,IN,2536,17073,9583,2026-06-08T07:15:43Z,2026-06-08T07:15:43Z
88167,L&T Network Services - BOM 01,Panvel,IN,42406,17200,151755,2026-05-29T12:07:30Z,2026-05-29T12:07:31Z
89276,L&T Network Services - BOM 01,Panvel,IN,14387,17200,45820,2026-07-18T15:14:52Z,2026-07-18T15:14:52Z
88168,L&T Network Services - MAA 01,Kancheepuram,IN,42406,17201,151755,2026-05-29T12:07:41Z,2026-05-29T12:07:41Z
